idx,0,LOG_TIME,2023-07-16T02:15:35,2023-07-15T21:15:35,-,-
NAME,REFERENCE,TARGETS,MINPODS,MAXPODS,REPLICAS,AGE
h1-app,Deployment/h1-app,<unknown>/50%,1,6,0,15s
idx,1,LOG_TIME,2023-07-16T02:15:36,2023-07-15T21:15:36,-,-
NAME,REFERENCE,TARGETS,MINPODS,MAXPODS,REPLICAS,AGE
h1-app,Deployment/h1-app,<unknown>/50%,1,6,1,16s
idx,2,LOG_TIME,2023-07-16T02:15:37,2023-07-15T21:15:37,-,-
NAME,REFERENCE,TARGETS,MINPODS,MAXPODS,REPLICAS,AGE
h1-app,Deployment/h1-app,<unknown>/50%,1,6,1,17s
idx,3,LOG_TIME,2023-07-16T02:15:38,2023-07-15T21:15:38,-,-
NAME,REFERENCE,TARGETS,MINPODS,MAXPODS,REPLICAS,AGE
h1-app,Deployment/h1-app,<unknown>/50%,1,6,1,18s
idx,4,LOG_TIME,2023-07-16T02:15:39,2023-07-15T21:15:39,-,-
NAME,REFERENCE,TARGETS,MINPODS,MAXPODS,REPLICAS,AGE
h1-app,Deployment/h1-app,<unknown>/50%,1,6,1,19s
idx,5,LOG_TIME,2023-07-16T02:15:40,2023-07-15T21:15:40,-,-
NAME,REFERENCE,TARGETS,MINPODS,MAXPODS,REPLICAS,AGE
h1-app,Deployment/h1-app,<unknown>/50%,1,6,1,20s
idx,6,LOG_TIME,2023-07-16T02:15:41,2023-07-15T21:15:41,-,-
NAME,REFERENCE,TARGETS,MINPODS,MAXPODS,REPLICAS,AGE
h1-app,Deployment/h1-app,<unknown>/50%,1,6,1,21s
idx,7,LOG_TIME,2023-07-16T02:15:42,2023-07-15T21:15:42,-,-
NAME,REFERENCE,TARGETS,MINPODS,MAXPODS,REPLICAS,AGE
h1-app,Deployment/h1-app,<unknown>/50%,1,6,1,22s
idx,8,LOG_TIME,2023-07-16T02:15:43,2023-07-15T21:15:43,-,-
NAME,REFERENCE,TARGETS,MINPODS,MAXPODS,REPLICAS,AGE
h1-app,Deployment/h1-app,<unknown>/50%,1,6,1,23s
idx,9,LOG_TIME,2023-07-16T02:15:44,2023-07-15T21:15:44,-,-
NAME,REFERENCE,TARGETS,MINPODS,MAXPODS,REPLICAS,AGE
h1-app,Deployment/h1-app,<unknown>/50%,1,6,1,24s
idx,10,LOG_TIME,2023-07-16T02:15:45,2023-07-15T21:15:45,-,-
NAME,REFERENCE,TARGETS,MINPODS,MAXPODS,REPLICAS,AGE
h1-app,Deployment/h1-app,<unknown>/50%,1,6,1,25s
idx,11,LOG_TIME,2023-07-16T02:15:46,2023-07-15T21:15:46,-,-
NAME,REFERENCE,TARGETS,MINPODS,MAXPODS,REPLICAS,AGE
h1-app,Deployment/h1-app,<unknown>/50%,1,6,1,26s
idx,12,LOG_TIME,2023-07-16T02:15:47,2023-07-15T21:15:47,-,-
NAME,REFERENCE,TARGETS,MINPODS,MAXPODS,REPLICAS,AGE
h1-app,Deployment/h1-app,<unknown>/50%,1,6,1,27s
idx,13,LOG_TIME,2023-07-16T02:15:48,2023-07-15T21:15:48,-,-
NAME,REFERENCE,TARGETS,MINPODS,MAXPODS,REPLICAS,AGE
h1-app,Deployment/h1-app,<unknown>/50%,1,6,1,28s
idx,14,LOG_TIME,2023-07-16T02:15:49,2023-07-15T21:15:49,-,-
NAME,REFERENCE,TARGETS,MINPODS,MAXPODS,REPLICAS,AGE
h1-app,Deployment/h1-app,<unknown>/50%,1,6,1,29s
idx,15,LOG_TIME,2023-07-16T02:15:50,2023-07-15T21:15:50,-,-
NAME,REFERENCE,TARGETS,MINPODS,MAXPODS,REPLICAS,AGE
h1-app,Deployment/h1-app,<unknown>/50%,1,6,1,30s
idx,16,LOG_TIME,2023-07-16T02:15:51,2023-07-15T21:15:51,-,-
NAME,REFERENCE,TARGETS,MINPODS,MAXPODS,REPLICAS,AGE
h1-app,Deployment/h1-app,101%/50%,1,6,1,31s
idx,17,LOG_TIME,2023-07-16T02:15:52,2023-07-15T21:15:52,-,-
NAME,REFERENCE,TARGETS,MINPODS,MAXPODS,REPLICAS,AGE
h1-app,Deployment/h1-app,101%/50%,1,6,1,32s
idx,18,LOG_TIME,2023-07-16T02:15:53,2023-07-15T21:15:53,-,-
NAME,REFERENCE,TARGETS,MINPODS,MAXPODS,REPLICAS,AGE
h1-app,Deployment/h1-app,101%/50%,1,6,1,33s
idx,19,LOG_TIME,2023-07-16T02:15:54,2023-07-15T21:15:54,-,-
NAME,REFERENCE,TARGETS,MINPODS,MAXPODS,REPLICAS,AGE
h1-app,Deployment/h1-app,101%/50%,1,6,1,34s
idx,20,LOG_TIME,2023-07-16T02:15:55,2023-07-15T21:15:55,-,-
NAME,REFERENCE,TARGETS,MINPODS,MAXPODS,REPLICAS,AGE
h1-app,Deployment/h1-app,101%/50%,1,6,1,36s
idx,21,LOG_TIME,2023-07-16T02:15:56,2023-07-15T21:15:56,-,-
NAME,REFERENCE,TARGETS,MINPODS,MAXPODS,REPLICAS,AGE
h1-app,Deployment/h1-app,101%/50%,1,6,1,36s
idx,22,LOG_TIME,2023-07-16T02:15:57,2023-07-15T21:15:57,-,-
NAME,REFERENCE,TARGETS,MINPODS,MAXPODS,REPLICAS,AGE
h1-app,Deployment/h1-app,101%/50%,1,6,1,38s
idx,23,LOG_TIME,2023-07-16T02:15:58,2023-07-15T21:15:58,-,-
NAME,REFERENCE,TARGETS,MINPODS,MAXPODS,REPLICAS,AGE
h1-app,Deployment/h1-app,101%/50%,1,6,1,39s
idx,24,LOG_TIME,2023-07-16T02:15:59,2023-07-15T21:15:59,-,-
NAME,REFERENCE,TARGETS,MINPODS,MAXPODS,REPLICAS,AGE
h1-app,Deployment/h1-app,101%/50%,1,6,1,40s
idx,25,LOG_TIME,2023-07-16T02:16:00,2023-07-15T21:16:00,-,-
NAME,REFERENCE,TARGETS,MINPODS,MAXPODS,REPLICAS,AGE
h1-app,Deployment/h1-app,101%/50%,1,6,1,41s
idx,26,LOG_TIME,2023-07-16T02:16:01,2023-07-15T21:16:01,-,-
NAME,REFERENCE,TARGETS,MINPODS,MAXPODS,REPLICAS,AGE
h1-app,Deployment/h1-app,101%/50%,1,6,1,42s
idx,27,LOG_TIME,2023-07-16T02:16:02,2023-07-15T21:16:02,-,-
NAME,REFERENCE,TARGETS,MINPODS,MAXPODS,REPLICAS,AGE
h1-app,Deployment/h1-app,101%/50%,1,6,1,43s
idx,28,LOG_TIME,2023-07-16T02:16:03,2023-07-15T21:16:03,-,-
NAME,REFERENCE,TARGETS,MINPODS,MAXPODS,REPLICAS,AGE
h1-app,Deployment/h1-app,101%/50%,1,6,1,44s
idx,29,LOG_TIME,2023-07-16T02:16:04,2023-07-15T21:16:04,-,-
NAME,REFERENCE,TARGETS,MINPODS,MAXPODS,REPLICAS,AGE
h1-app,Deployment/h1-app,101%/50%,1,6,1,45s
idx,30,LOG_TIME,2023-07-16T02:16:05,2023-07-15T21:16:05,-,-
NAME,REFERENCE,TARGETS,MINPODS,MAXPODS,REPLICAS,AGE
h1-app,Deployment/h1-app,101%/50%,1,6,1,46s
idx,31,LOG_TIME,2023-07-16T02:16:07,2023-07-15T21:16:07,-,-
NAME,REFERENCE,TARGETS,MINPODS,MAXPODS,REPLICAS,AGE
h1-app,Deployment/h1-app,101%/50%,1,6,3,47s
idx,32,LOG_TIME,2023-07-16T02:16:08,2023-07-15T21:16:08,-,-
NAME,REFERENCE,TARGETS,MINPODS,MAXPODS,REPLICAS,AGE
h1-app,Deployment/h1-app,101%/50%,1,6,3,48s
idx,33,LOG_TIME,2023-07-16T02:16:09,2023-07-15T21:16:09,-,-
NAME,REFERENCE,TARGETS,MINPODS,MAXPODS,REPLICAS,AGE
h1-app,Deployment/h1-app,101%/50%,1,6,3,49s
idx,34,LOG_TIME,2023-07-16T02:16:10,2023-07-15T21:16:10,-,-
NAME,REFERENCE,TARGETS,MINPODS,MAXPODS,REPLICAS,AGE
h1-app,Deployment/h1-app,101%/50%,1,6,3,50s
idx,35,LOG_TIME,2023-07-16T02:16:11,2023-07-15T21:16:11,-,-
NAME,REFERENCE,TARGETS,MINPODS,MAXPODS,REPLICAS,AGE
h1-app,Deployment/h1-app,101%/50%,1,6,3,51s
idx,36,LOG_TIME,2023-07-16T02:16:12,2023-07-15T21:16:12,-,-
NAME,REFERENCE,TARGETS,MINPODS,MAXPODS,REPLICAS,AGE
h1-app,Deployment/h1-app,101%/50%,1,6,3,52s
idx,37,LOG_TIME,2023-07-16T02:16:13,2023-07-15T21:16:13,-,-
NAME,REFERENCE,TARGETS,MINPODS,MAXPODS,REPLICAS,AGE
h1-app,Deployment/h1-app,101%/50%,1,6,3,53s
idx,38,LOG_TIME,2023-07-16T02:16:14,2023-07-15T21:16:14,-,-
NAME,REFERENCE,TARGETS,MINPODS,MAXPODS,REPLICAS,AGE
h1-app,Deployment/h1-app,101%/50%,1,6,3,54s
idx,39,LOG_TIME,2023-07-16T02:16:15,2023-07-15T21:16:15,-,-
NAME,REFERENCE,TARGETS,MINPODS,MAXPODS,REPLICAS,AGE
h1-app,Deployment/h1-app,101%/50%,1,6,3,55s
idx,40,LOG_TIME,2023-07-16T02:16:16,2023-07-15T21:16:16,-,-
NAME,REFERENCE,TARGETS,MINPODS,MAXPODS,REPLICAS,AGE
h1-app,Deployment/h1-app,101%/50%,1,6,3,56s
idx,41,LOG_TIME,2023-07-16T02:16:17,2023-07-15T21:16:17,-,-
NAME,REFERENCE,TARGETS,MINPODS,MAXPODS,REPLICAS,AGE
h1-app,Deployment/h1-app,101%/50%,1,6,3,57s
idx,42,LOG_TIME,2023-07-16T02:16:18,2023-07-15T21:16:18,-,-
NAME,REFERENCE,TARGETS,MINPODS,MAXPODS,REPLICAS,AGE
h1-app,Deployment/h1-app,101%/50%,1,6,3,58s
idx,43,LOG_TIME,2023-07-16T02:16:19,2023-07-15T21:16:19,-,-
NAME,REFERENCE,TARGETS,MINPODS,MAXPODS,REPLICAS,AGE
h1-app,Deployment/h1-app,101%/50%,1,6,3,59s
idx,44,LOG_TIME,2023-07-16T02:16:20,2023-07-15T21:16:20,-,-
NAME,REFERENCE,TARGETS,MINPODS,MAXPODS,REPLICAS,AGE
h1-app,Deployment/h1-app,101%/50%,1,6,3,60s
idx,45,LOG_TIME,2023-07-16T02:16:21,2023-07-15T21:16:21,-,-
NAME,REFERENCE,TARGETS,MINPODS,MAXPODS,REPLICAS,AGE
h1-app,Deployment/h1-app,101%/50%,1,6,3,61s
idx,46,LOG_TIME,2023-07-16T02:16:22,2023-07-15T21:16:22,-,-
NAME,REFERENCE,TARGETS,MINPODS,MAXPODS,REPLICAS,AGE
h1-app,Deployment/h1-app,100%/50%,1,6,3,62s
idx,47,LOG_TIME,2023-07-16T02:16:23,2023-07-15T21:16:23,-,-
NAME,REFERENCE,TARGETS,MINPODS,MAXPODS,REPLICAS,AGE
h1-app,Deployment/h1-app,100%/50%,1,6,3,63s
idx,48,LOG_TIME,2023-07-16T02:16:24,2023-07-15T21:16:24,-,-
NAME,REFERENCE,TARGETS,MINPODS,MAXPODS,REPLICAS,AGE
h1-app,Deployment/h1-app,100%/50%,1,6,3,64s
idx,49,LOG_TIME,2023-07-16T02:16:25,2023-07-15T21:16:25,-,-
NAME,REFERENCE,TARGETS,MINPODS,MAXPODS,REPLICAS,AGE
h1-app,Deployment/h1-app,100%/50%,1,6,3,65s
idx,50,LOG_TIME,2023-07-16T02:16:26,2023-07-15T21:16:26,-,-
NAME,REFERENCE,TARGETS,MINPODS,MAXPODS,REPLICAS,AGE
h1-app,Deployment/h1-app,100%/50%,1,6,3,66s
idx,51,LOG_TIME,2023-07-16T02:16:27,2023-07-15T21:16:27,-,-
NAME,REFERENCE,TARGETS,MINPODS,MAXPODS,REPLICAS,AGE
h1-app,Deployment/h1-app,100%/50%,1,6,3,67s
idx,52,LOG_TIME,2023-07-16T02:16:28,2023-07-15T21:16:28,-,-
NAME,REFERENCE,TARGETS,MINPODS,MAXPODS,REPLICAS,AGE
h1-app,Deployment/h1-app,100%/50%,1,6,3,68s
idx,53,LOG_TIME,2023-07-16T02:16:29,2023-07-15T21:16:29,-,-
NAME,REFERENCE,TARGETS,MINPODS,MAXPODS,REPLICAS,AGE
h1-app,Deployment/h1-app,100%/50%,1,6,3,69s
idx,54,LOG_TIME,2023-07-16T02:16:30,2023-07-15T21:16:30,-,-
NAME,REFERENCE,TARGETS,MINPODS,MAXPODS,REPLICAS,AGE
h1-app,Deployment/h1-app,100%/50%,1,6,3,70s
idx,55,LOG_TIME,2023-07-16T02:16:31,2023-07-15T21:16:31,-,-
NAME,REFERENCE,TARGETS,MINPODS,MAXPODS,REPLICAS,AGE
h1-app,Deployment/h1-app,100%/50%,1,6,3,71s
idx,56,LOG_TIME,2023-07-16T02:16:32,2023-07-15T21:16:32,-,-
NAME,REFERENCE,TARGETS,MINPODS,MAXPODS,REPLICAS,AGE
h1-app,Deployment/h1-app,100%/50%,1,6,3,72s
idx,57,LOG_TIME,2023-07-16T02:16:33,2023-07-15T21:16:33,-,-
NAME,REFERENCE,TARGETS,MINPODS,MAXPODS,REPLICAS,AGE
h1-app,Deployment/h1-app,100%/50%,1,6,3,73s
idx,58,LOG_TIME,2023-07-16T02:16:34,2023-07-15T21:16:34,-,-
NAME,REFERENCE,TARGETS,MINPODS,MAXPODS,REPLICAS,AGE
h1-app,Deployment/h1-app,100%/50%,1,6,3,74s
idx,59,LOG_TIME,2023-07-16T02:16:35,2023-07-15T21:16:35,-,-
NAME,REFERENCE,TARGETS,MINPODS,MAXPODS,REPLICAS,AGE
h1-app,Deployment/h1-app,100%/50%,1,6,3,75s
idx,60,LOG_TIME,2023-07-16T02:16:36,2023-07-15T21:16:36,-,-
NAME,REFERENCE,TARGETS,MINPODS,MAXPODS,REPLICAS,AGE
h1-app,Deployment/h1-app,100%/50%,1,6,3,76s
idx,61,LOG_TIME,2023-07-16T02:16:37,2023-07-15T21:16:37,-,-
NAME,REFERENCE,TARGETS,MINPODS,MAXPODS,REPLICAS,AGE
h1-app,Deployment/h1-app,100%/50%,1,6,3,77s
idx,62,LOG_TIME,2023-07-16T02:16:38,2023-07-15T21:16:38,-,-
NAME,REFERENCE,TARGETS,MINPODS,MAXPODS,REPLICAS,AGE
h1-app,Deployment/h1-app,100%/50%,1,6,3,79s
idx,63,LOG_TIME,2023-07-16T02:16:39,2023-07-15T21:16:39,-,-
NAME,REFERENCE,TARGETS,MINPODS,MAXPODS,REPLICAS,AGE
h1-app,Deployment/h1-app,100%/50%,1,6,3,79s
idx,64,LOG_TIME,2023-07-16T02:16:40,2023-07-15T21:16:40,-,-
NAME,REFERENCE,TARGETS,MINPODS,MAXPODS,REPLICAS,AGE
h1-app,Deployment/h1-app,100%/50%,1,6,3,81s
idx,65,LOG_TIME,2023-07-16T02:16:41,2023-07-15T21:16:41,-,-
NAME,REFERENCE,TARGETS,MINPODS,MAXPODS,REPLICAS,AGE
h1-app,Deployment/h1-app,100%/50%,1,6,3,82s
idx,66,LOG_TIME,2023-07-16T02:16:42,2023-07-15T21:16:42,-,-
NAME,REFERENCE,TARGETS,MINPODS,MAXPODS,REPLICAS,AGE
h1-app,Deployment/h1-app,100%/50%,1,6,3,83s
idx,67,LOG_TIME,2023-07-16T02:16:43,2023-07-15T21:16:43,-,-
NAME,REFERENCE,TARGETS,MINPODS,MAXPODS,REPLICAS,AGE
h1-app,Deployment/h1-app,100%/50%,1,6,3,84s
idx,68,LOG_TIME,2023-07-16T02:16:44,2023-07-15T21:16:44,-,-
NAME,REFERENCE,TARGETS,MINPODS,MAXPODS,REPLICAS,AGE
h1-app,Deployment/h1-app,100%/50%,1,6,3,85s
idx,69,LOG_TIME,2023-07-16T02:16:45,2023-07-15T21:16:45,-,-
NAME,REFERENCE,TARGETS,MINPODS,MAXPODS,REPLICAS,AGE
h1-app,Deployment/h1-app,100%/50%,1,6,3,86s
idx,70,LOG_TIME,2023-07-16T02:16:46,2023-07-15T21:16:46,-,-
NAME,REFERENCE,TARGETS,MINPODS,MAXPODS,REPLICAS,AGE
h1-app,Deployment/h1-app,100%/50%,1,6,3,87s
idx,71,LOG_TIME,2023-07-16T02:16:47,2023-07-15T21:16:48,-,-
NAME,REFERENCE,TARGETS,MINPODS,MAXPODS,REPLICAS,AGE
h1-app,Deployment/h1-app,100%/50%,1,6,3,88s
idx,72,LOG_TIME,2023-07-16T02:16:49,2023-07-15T21:16:49,-,-
NAME,REFERENCE,TARGETS,MINPODS,MAXPODS,REPLICAS,AGE
h1-app,Deployment/h1-app,100%/50%,1,6,3,89s
idx,73,LOG_TIME,2023-07-16T02:16:50,2023-07-15T21:16:50,-,-
NAME,REFERENCE,TARGETS,MINPODS,MAXPODS,REPLICAS,AGE
h1-app,Deployment/h1-app,100%/50%,1,6,3,90s
idx,74,LOG_TIME,2023-07-16T02:16:51,2023-07-15T21:16:51,-,-
NAME,REFERENCE,TARGETS,MINPODS,MAXPODS,REPLICAS,AGE
h1-app,Deployment/h1-app,100%/50%,1,6,3,91s
idx,75,LOG_TIME,2023-07-16T02:16:52,2023-07-15T21:16:52,-,-
NAME,REFERENCE,TARGETS,MINPODS,MAXPODS,REPLICAS,AGE
h1-app,Deployment/h1-app,101%/50%,1,6,6,92s
idx,76,LOG_TIME,2023-07-16T02:16:53,2023-07-15T21:16:53,-,-
NAME,REFERENCE,TARGETS,MINPODS,MAXPODS,REPLICAS,AGE
h1-app,Deployment/h1-app,101%/50%,1,6,6,93s
idx,77,LOG_TIME,2023-07-16T02:16:54,2023-07-15T21:16:54,-,-
NAME,REFERENCE,TARGETS,MINPODS,MAXPODS,REPLICAS,AGE
h1-app,Deployment/h1-app,101%/50%,1,6,6,94s
idx,78,LOG_TIME,2023-07-16T02:16:55,2023-07-15T21:16:55,-,-
NAME,REFERENCE,TARGETS,MINPODS,MAXPODS,REPLICAS,AGE
h1-app,Deployment/h1-app,101%/50%,1,6,6,95s
idx,79,LOG_TIME,2023-07-16T02:16:56,2023-07-15T21:16:56,-,-
NAME,REFERENCE,TARGETS,MINPODS,MAXPODS,REPLICAS,AGE
h1-app,Deployment/h1-app,101%/50%,1,6,6,96s
idx,80,LOG_TIME,2023-07-16T02:16:57,2023-07-15T21:16:57,-,-
NAME,REFERENCE,TARGETS,MINPODS,MAXPODS,REPLICAS,AGE
h1-app,Deployment/h1-app,101%/50%,1,6,6,98s
idx,81,LOG_TIME,2023-07-16T02:16:58,2023-07-15T21:16:58,-,-
NAME,REFERENCE,TARGETS,MINPODS,MAXPODS,REPLICAS,AGE
h1-app,Deployment/h1-app,101%/50%,1,6,6,98s
idx,82,LOG_TIME,2023-07-16T02:16:59,2023-07-15T21:16:59,-,-
NAME,REFERENCE,TARGETS,MINPODS,MAXPODS,REPLICAS,AGE
h1-app,Deployment/h1-app,101%/50%,1,6,6,99s
idx,83,LOG_TIME,2023-07-16T02:17:00,2023-07-15T21:17:00,-,-
NAME,REFERENCE,TARGETS,MINPODS,MAXPODS,REPLICAS,AGE
h1-app,Deployment/h1-app,101%/50%,1,6,6,100s
idx,84,LOG_TIME,2023-07-16T02:17:01,2023-07-15T21:17:01,-,-
NAME,REFERENCE,TARGETS,MINPODS,MAXPODS,REPLICAS,AGE
h1-app,Deployment/h1-app,101%/50%,1,6,6,101s
idx,85,LOG_TIME,2023-07-16T02:17:02,2023-07-15T21:17:02,-,-
NAME,REFERENCE,TARGETS,MINPODS,MAXPODS,REPLICAS,AGE
h1-app,Deployment/h1-app,101%/50%,1,6,6,102s
idx,86,LOG_TIME,2023-07-16T02:17:03,2023-07-15T21:17:03,-,-
NAME,REFERENCE,TARGETS,MINPODS,MAXPODS,REPLICAS,AGE
h1-app,Deployment/h1-app,101%/50%,1,6,6,103s
idx,87,LOG_TIME,2023-07-16T02:17:04,2023-07-15T21:17:04,-,-
NAME,REFERENCE,TARGETS,MINPODS,MAXPODS,REPLICAS,AGE
h1-app,Deployment/h1-app,101%/50%,1,6,6,104s
idx,88,LOG_TIME,2023-07-16T02:17:05,2023-07-15T21:17:05,-,-
NAME,REFERENCE,TARGETS,MINPODS,MAXPODS,REPLICAS,AGE
h1-app,Deployment/h1-app,101%/50%,1,6,6,105s
idx,89,LOG_TIME,2023-07-16T02:17:06,2023-07-15T21:17:06,-,-
NAME,REFERENCE,TARGETS,MINPODS,MAXPODS,REPLICAS,AGE
h1-app,Deployment/h1-app,101%/50%,1,6,6,106s
idx,90,LOG_TIME,2023-07-16T02:17:07,2023-07-15T21:17:07,-,-
NAME,REFERENCE,TARGETS,MINPODS,MAXPODS,REPLICAS,AGE
h1-app,Deployment/h1-app,100%/50%,1,6,6,107s
idx,91,LOG_TIME,2023-07-16T02:17:08,2023-07-15T21:17:08,-,-
NAME,REFERENCE,TARGETS,MINPODS,MAXPODS,REPLICAS,AGE
h1-app,Deployment/h1-app,100%/50%,1,6,6,108s
idx,92,LOG_TIME,2023-07-16T02:17:09,2023-07-15T21:17:09,-,-
NAME,REFERENCE,TARGETS,MINPODS,MAXPODS,REPLICAS,AGE
h1-app,Deployment/h1-app,100%/50%,1,6,6,109s
idx,93,LOG_TIME,2023-07-16T02:17:10,2023-07-15T21:17:10,-,-
NAME,REFERENCE,TARGETS,MINPODS,MAXPODS,REPLICAS,AGE
h1-app,Deployment/h1-app,100%/50%,1,6,6,110s
idx,94,LOG_TIME,2023-07-16T02:17:11,2023-07-15T21:17:11,-,-
NAME,REFERENCE,TARGETS,MINPODS,MAXPODS,REPLICAS,AGE
h1-app,Deployment/h1-app,100%/50%,1,6,6,111s
idx,95,LOG_TIME,2023-07-16T02:17:12,2023-07-15T21:17:12,-,-
NAME,REFERENCE,TARGETS,MINPODS,MAXPODS,REPLICAS,AGE
h1-app,Deployment/h1-app,100%/50%,1,6,6,112s
idx,96,LOG_TIME,2023-07-16T02:17:13,2023-07-15T21:17:13,-,-
NAME,REFERENCE,TARGETS,MINPODS,MAXPODS,REPLICAS,AGE
h1-app,Deployment/h1-app,100%/50%,1,6,6,113s
idx,97,LOG_TIME,2023-07-16T02:17:14,2023-07-15T21:17:14,-,-
NAME,REFERENCE,TARGETS,MINPODS,MAXPODS,REPLICAS,AGE
h1-app,Deployment/h1-app,100%/50%,1,6,6,114s
idx,98,LOG_TIME,2023-07-16T02:17:15,2023-07-15T21:17:15,-,-
NAME,REFERENCE,TARGETS,MINPODS,MAXPODS,REPLICAS,AGE
h1-app,Deployment/h1-app,100%/50%,1,6,6,115s
idx,99,LOG_TIME,2023-07-16T02:17:16,2023-07-15T21:17:16,-,-
NAME,REFERENCE,TARGETS,MINPODS,MAXPODS,REPLICAS,AGE
h1-app,Deployment/h1-app,100%/50%,1,6,6,117s
idx,100,LOG_TIME,2023-07-16T02:17:17,2023-07-15T21:17:17,-,-
NAME,REFERENCE,TARGETS,MINPODS,MAXPODS,REPLICAS,AGE
h1-app,Deployment/h1-app,100%/50%,1,6,6,118s
idx,101,LOG_TIME,2023-07-16T02:17:18,2023-07-15T21:17:18,-,-
NAME,REFERENCE,TARGETS,MINPODS,MAXPODS,REPLICAS,AGE
h1-app,Deployment/h1-app,100%/50%,1,6,6,119s
idx,102,LOG_TIME,2023-07-16T02:17:19,2023-07-15T21:17:19,-,-
NAME,REFERENCE,TARGETS,MINPODS,MAXPODS,REPLICAS,AGE
h1-app,Deployment/h1-app,100%/50%,1,6,6,2m
idx,103,LOG_TIME,2023-07-16T02:17:20,2023-07-15T21:17:20,-,-
NAME,REFERENCE,TARGETS,MINPODS,MAXPODS,REPLICAS,AGE
h1-app,Deployment/h1-app,100%/50%,1,6,6,2m1s
idx,104,LOG_TIME,2023-07-16T02:17:21,2023-07-15T21:17:21,-,-
NAME,REFERENCE,TARGETS,MINPODS,MAXPODS,REPLICAS,AGE
h1-app,Deployment/h1-app,100%/50%,1,6,6,2m2s
idx,105,LOG_TIME,2023-07-16T02:17:22,2023-07-15T21:17:22,-,-
NAME,REFERENCE,TARGETS,MINPODS,MAXPODS,REPLICAS,AGE
h1-app,Deployment/h1-app,100%/50%,1,6,6,2m3s
idx,106,LOG_TIME,2023-07-16T02:17:23,2023-07-15T21:17:23,-,-
NAME,REFERENCE,TARGETS,MINPODS,MAXPODS,REPLICAS,AGE
h1-app,Deployment/h1-app,100%/50%,1,6,6,2m4s
idx,107,LOG_TIME,2023-07-16T02:17:24,2023-07-15T21:17:24,-,-
NAME,REFERENCE,TARGETS,MINPODS,MAXPODS,REPLICAS,AGE
h1-app,Deployment/h1-app,100%/50%,1,6,6,2m5s
idx,108,LOG_TIME,2023-07-16T02:17:25,2023-07-15T21:17:25,-,-
NAME,REFERENCE,TARGETS,MINPODS,MAXPODS,REPLICAS,AGE
h1-app,Deployment/h1-app,100%/50%,1,6,6,2m6s
idx,109,LOG_TIME,2023-07-16T02:17:27,2023-07-15T21:17:27,-,-
NAME,REFERENCE,TARGETS,MINPODS,MAXPODS,REPLICAS,AGE
h1-app,Deployment/h1-app,100%/50%,1,6,6,2m7s
idx,110,LOG_TIME,2023-07-16T02:17:28,2023-07-15T21:17:28,-,-
NAME,REFERENCE,TARGETS,MINPODS,MAXPODS,REPLICAS,AGE
h1-app,Deployment/h1-app,100%/50%,1,6,6,2m8s
idx,111,LOG_TIME,2023-07-16T02:17:29,2023-07-15T21:17:29,-,-
NAME,REFERENCE,TARGETS,MINPODS,MAXPODS,REPLICAS,AGE
h1-app,Deployment/h1-app,100%/50%,1,6,6,2m9s
idx,112,LOG_TIME,2023-07-16T02:17:30,2023-07-15T21:17:30,-,-
NAME,REFERENCE,TARGETS,MINPODS,MAXPODS,REPLICAS,AGE
h1-app,Deployment/h1-app,100%/50%,1,6,6,2m10s
idx,113,LOG_TIME,2023-07-16T02:17:31,2023-07-15T21:17:31,-,-
NAME,REFERENCE,TARGETS,MINPODS,MAXPODS,REPLICAS,AGE
h1-app,Deployment/h1-app,100%/50%,1,6,6,2m11s
idx,114,LOG_TIME,2023-07-16T02:17:32,2023-07-15T21:17:32,-,-
NAME,REFERENCE,TARGETS,MINPODS,MAXPODS,REPLICAS,AGE
h1-app,Deployment/h1-app,100%/50%,1,6,6,2m12s
idx,115,LOG_TIME,2023-07-16T02:17:33,2023-07-15T21:17:33,-,-
NAME,REFERENCE,TARGETS,MINPODS,MAXPODS,REPLICAS,AGE
h1-app,Deployment/h1-app,100%/50%,1,6,6,2m13s
idx,116,LOG_TIME,2023-07-16T02:17:34,2023-07-15T21:17:34,-,-
NAME,REFERENCE,TARGETS,MINPODS,MAXPODS,REPLICAS,AGE
h1-app,Deployment/h1-app,100%/50%,1,6,6,2m14s
idx,117,LOG_TIME,2023-07-16T02:17:35,2023-07-15T21:17:35,-,-
NAME,REFERENCE,TARGETS,MINPODS,MAXPODS,REPLICAS,AGE
h1-app,Deployment/h1-app,100%/50%,1,6,6,2m15s
idx,118,LOG_TIME,2023-07-16T02:17:36,2023-07-15T21:17:36,-,-
NAME,REFERENCE,TARGETS,MINPODS,MAXPODS,REPLICAS,AGE
h1-app,Deployment/h1-app,100%/50%,1,6,6,2m16s
idx,119,LOG_TIME,2023-07-16T02:17:37,2023-07-15T21:17:37,-,-
NAME,REFERENCE,TARGETS,MINPODS,MAXPODS,REPLICAS,AGE
h1-app,Deployment/h1-app,100%/50%,1,6,6,2m17s
idx,120,LOG_TIME,2023-07-16T02:17:38,2023-07-15T21:17:38,-,-
NAME,REFERENCE,TARGETS,MINPODS,MAXPODS,REPLICAS,AGE
h1-app,Deployment/h1-app,100%/50%,1,6,6,2m18s
idx,121,LOG_TIME,2023-07-16T02:17:39,2023-07-15T21:17:39,-,-
NAME,REFERENCE,TARGETS,MINPODS,MAXPODS,REPLICAS,AGE
h1-app,Deployment/h1-app,100%/50%,1,6,6,2m19s
idx,122,LOG_TIME,2023-07-16T02:17:40,2023-07-15T21:17:40,-,-
NAME,REFERENCE,TARGETS,MINPODS,MAXPODS,REPLICAS,AGE
h1-app,Deployment/h1-app,100%/50%,1,6,6,2m20s
idx,123,LOG_TIME,2023-07-16T02:17:41,2023-07-15T21:17:41,-,-
NAME,REFERENCE,TARGETS,MINPODS,MAXPODS,REPLICAS,AGE
h1-app,Deployment/h1-app,100%/50%,1,6,6,2m21s
idx,124,LOG_TIME,2023-07-16T02:17:42,2023-07-15T21:17:42,-,-
NAME,REFERENCE,TARGETS,MINPODS,MAXPODS,REPLICAS,AGE
h1-app,Deployment/h1-app,100%/50%,1,6,6,2m22s
idx,125,LOG_TIME,2023-07-16T02:17:43,2023-07-15T21:17:43,-,-
NAME,REFERENCE,TARGETS,MINPODS,MAXPODS,REPLICAS,AGE
h1-app,Deployment/h1-app,100%/50%,1,6,6,2m23s
idx,126,LOG_TIME,2023-07-16T02:17:44,2023-07-15T21:17:44,-,-
NAME,REFERENCE,TARGETS,MINPODS,MAXPODS,REPLICAS,AGE
h1-app,Deployment/h1-app,100%/50%,1,6,6,2m24s
idx,127,LOG_TIME,2023-07-16T02:17:45,2023-07-15T21:17:45,-,-
NAME,REFERENCE,TARGETS,MINPODS,MAXPODS,REPLICAS,AGE
h1-app,Deployment/h1-app,100%/50%,1,6,6,2m25s
idx,128,LOG_TIME,2023-07-16T02:17:46,2023-07-15T21:17:46,-,-
NAME,REFERENCE,TARGETS,MINPODS,MAXPODS,REPLICAS,AGE
h1-app,Deployment/h1-app,100%/50%,1,6,6,2m26s
idx,129,LOG_TIME,2023-07-16T02:17:47,2023-07-15T21:17:47,-,-
NAME,REFERENCE,TARGETS,MINPODS,MAXPODS,REPLICAS,AGE
h1-app,Deployment/h1-app,100%/50%,1,6,6,2m27s
idx,130,LOG_TIME,2023-07-16T02:17:48,2023-07-15T21:17:48,-,-
NAME,REFERENCE,TARGETS,MINPODS,MAXPODS,REPLICAS,AGE
h1-app,Deployment/h1-app,100%/50%,1,6,6,2m28s
idx,131,LOG_TIME,2023-07-16T02:17:49,2023-07-15T21:17:49,-,-
NAME,REFERENCE,TARGETS,MINPODS,MAXPODS,REPLICAS,AGE
h1-app,Deployment/h1-app,100%/50%,1,6,6,2m29s
idx,132,LOG_TIME,2023-07-16T02:17:50,2023-07-15T21:17:50,-,-
NAME,REFERENCE,TARGETS,MINPODS,MAXPODS,REPLICAS,AGE
h1-app,Deployment/h1-app,100%/50%,1,6,6,2m30s
idx,133,LOG_TIME,2023-07-16T02:17:51,2023-07-15T21:17:51,-,-
NAME,REFERENCE,TARGETS,MINPODS,MAXPODS,REPLICAS,AGE
h1-app,Deployment/h1-app,100%/50%,1,6,6,2m31s
idx,134,LOG_TIME,2023-07-16T02:17:52,2023-07-15T21:17:52,-,-
NAME,REFERENCE,TARGETS,MINPODS,MAXPODS,REPLICAS,AGE
h1-app,Deployment/h1-app,80%/50%,1,6,6,2m33s
idx,135,LOG_TIME,2023-07-16T02:17:53,2023-07-15T21:17:53,-,-
NAME,REFERENCE,TARGETS,MINPODS,MAXPODS,REPLICAS,AGE
h1-app,Deployment/h1-app,80%/50%,1,6,6,2m33s
idx,136,LOG_TIME,2023-07-16T02:17:54,2023-07-15T21:17:54,-,-
NAME,REFERENCE,TARGETS,MINPODS,MAXPODS,REPLICAS,AGE
h1-app,Deployment/h1-app,80%/50%,1,6,6,2m35s
idx,137,LOG_TIME,2023-07-16T02:17:55,2023-07-15T21:17:55,-,-
NAME,REFERENCE,TARGETS,MINPODS,MAXPODS,REPLICAS,AGE
h1-app,Deployment/h1-app,80%/50%,1,6,6,2m36s
idx,138,LOG_TIME,2023-07-16T02:17:56,2023-07-15T21:17:56,-,-
NAME,REFERENCE,TARGETS,MINPODS,MAXPODS,REPLICAS,AGE
h1-app,Deployment/h1-app,80%/50%,1,6,6,2m37s
idx,139,LOG_TIME,2023-07-16T02:17:57,2023-07-15T21:17:57,-,-
NAME,REFERENCE,TARGETS,MINPODS,MAXPODS,REPLICAS,AGE
h1-app,Deployment/h1-app,80%/50%,1,6,6,2m38s
idx,140,LOG_TIME,2023-07-16T02:17:58,2023-07-15T21:17:59,-,-
NAME,REFERENCE,TARGETS,MINPODS,MAXPODS,REPLICAS,AGE
h1-app,Deployment/h1-app,80%/50%,1,6,6,2m39s
idx,141,LOG_TIME,2023-07-16T02:18:00,2023-07-15T21:18:00,-,-
NAME,REFERENCE,TARGETS,MINPODS,MAXPODS,REPLICAS,AGE
h1-app,Deployment/h1-app,80%/50%,1,6,6,2m40s
idx,142,LOG_TIME,2023-07-16T02:18:01,2023-07-15T21:18:01,-,-
NAME,REFERENCE,TARGETS,MINPODS,MAXPODS,REPLICAS,AGE
h1-app,Deployment/h1-app,80%/50%,1,6,6,2m41s
idx,143,LOG_TIME,2023-07-16T02:18:02,2023-07-15T21:18:02,-,-
NAME,REFERENCE,TARGETS,MINPODS,MAXPODS,REPLICAS,AGE
h1-app,Deployment/h1-app,80%/50%,1,6,6,2m42s
idx,144,LOG_TIME,2023-07-16T02:18:03,2023-07-15T21:18:03,-,-
NAME,REFERENCE,TARGETS,MINPODS,MAXPODS,REPLICAS,AGE
h1-app,Deployment/h1-app,80%/50%,1,6,6,2m43s
idx,145,LOG_TIME,2023-07-16T02:18:04,2023-07-15T21:18:04,-,-
NAME,REFERENCE,TARGETS,MINPODS,MAXPODS,REPLICAS,AGE
h1-app,Deployment/h1-app,80%/50%,1,6,6,2m44s
idx,146,LOG_TIME,2023-07-16T02:18:05,2023-07-15T21:18:05,-,-
NAME,REFERENCE,TARGETS,MINPODS,MAXPODS,REPLICAS,AGE
h1-app,Deployment/h1-app,80%/50%,1,6,6,2m45s
idx,147,LOG_TIME,2023-07-16T02:18:06,2023-07-15T21:18:06,-,-
NAME,REFERENCE,TARGETS,MINPODS,MAXPODS,REPLICAS,AGE
h1-app,Deployment/h1-app,80%/50%,1,6,6,2m46s
idx,148,LOG_TIME,2023-07-16T02:18:07,2023-07-15T21:18:07,-,-
NAME,REFERENCE,TARGETS,MINPODS,MAXPODS,REPLICAS,AGE
h1-app,Deployment/h1-app,80%/50%,1,6,6,2m47s
idx,149,LOG_TIME,2023-07-16T02:18:08,2023-07-15T21:18:08,-,-
NAME,REFERENCE,TARGETS,MINPODS,MAXPODS,REPLICAS,AGE
h1-app,Deployment/h1-app,80%/50%,1,6,6,2m48s
idx,150,LOG_TIME,2023-07-16T02:18:09,2023-07-15T21:18:09,-,-
NAME,REFERENCE,TARGETS,MINPODS,MAXPODS,REPLICAS,AGE
h1-app,Deployment/h1-app,80%/50%,1,6,6,2m49s
idx,151,LOG_TIME,2023-07-16T02:18:10,2023-07-15T21:18:10,-,-
NAME,REFERENCE,TARGETS,MINPODS,MAXPODS,REPLICAS,AGE
h1-app,Deployment/h1-app,80%/50%,1,6,6,2m50s
idx,152,LOG_TIME,2023-07-16T02:18:11,2023-07-15T21:18:11,-,-
NAME,REFERENCE,TARGETS,MINPODS,MAXPODS,REPLICAS,AGE
h1-app,Deployment/h1-app,80%/50%,1,6,6,2m51s
idx,153,LOG_TIME,2023-07-16T02:18:12,2023-07-15T21:18:12,-,-
NAME,REFERENCE,TARGETS,MINPODS,MAXPODS,REPLICAS,AGE
h1-app,Deployment/h1-app,80%/50%,1,6,6,2m52s
idx,154,LOG_TIME,2023-07-16T02:18:13,2023-07-15T21:18:13,-,-
NAME,REFERENCE,TARGETS,MINPODS,MAXPODS,REPLICAS,AGE
h1-app,Deployment/h1-app,80%/50%,1,6,6,2m53s
idx,155,LOG_TIME,2023-07-16T02:18:14,2023-07-15T21:18:14,-,-
NAME,REFERENCE,TARGETS,MINPODS,MAXPODS,REPLICAS,AGE
h1-app,Deployment/h1-app,80%/50%,1,6,6,2m54s
idx,156,LOG_TIME,2023-07-16T02:18:15,2023-07-15T21:18:15,-,-
NAME,REFERENCE,TARGETS,MINPODS,MAXPODS,REPLICAS,AGE
h1-app,Deployment/h1-app,80%/50%,1,6,6,2m55s
idx,157,LOG_TIME,2023-07-16T02:18:16,2023-07-15T21:18:16,-,-
NAME,REFERENCE,TARGETS,MINPODS,MAXPODS,REPLICAS,AGE
h1-app,Deployment/h1-app,80%/50%,1,6,6,2m56s
idx,158,LOG_TIME,2023-07-16T02:18:17,2023-07-15T21:18:17,-,-
NAME,REFERENCE,TARGETS,MINPODS,MAXPODS,REPLICAS,AGE
h1-app,Deployment/h1-app,80%/50%,1,6,6,2m57s
idx,159,LOG_TIME,2023-07-16T02:18:18,2023-07-15T21:18:18,-,-
NAME,REFERENCE,TARGETS,MINPODS,MAXPODS,REPLICAS,AGE
h1-app,Deployment/h1-app,80%/50%,1,6,6,2m58s
idx,160,LOG_TIME,2023-07-16T02:18:19,2023-07-15T21:18:19,-,-
NAME,REFERENCE,TARGETS,MINPODS,MAXPODS,REPLICAS,AGE
h1-app,Deployment/h1-app,80%/50%,1,6,6,2m59s
idx,161,LOG_TIME,2023-07-16T02:18:20,2023-07-15T21:18:20,-,-
NAME,REFERENCE,TARGETS,MINPODS,MAXPODS,REPLICAS,AGE
h1-app,Deployment/h1-app,80%/50%,1,6,6,3m
idx,162,LOG_TIME,2023-07-16T02:18:21,2023-07-15T21:18:21,-,-
NAME,REFERENCE,TARGETS,MINPODS,MAXPODS,REPLICAS,AGE
h1-app,Deployment/h1-app,80%/50%,1,6,6,3m1s
idx,163,LOG_TIME,2023-07-16T02:18:22,2023-07-15T21:18:22,-,-
NAME,REFERENCE,TARGETS,MINPODS,MAXPODS,REPLICAS,AGE
h1-app,Deployment/h1-app,44%/50%,1,6,6,3m2s
idx,164,LOG_TIME,2023-07-16T02:18:23,2023-07-15T21:18:23,-,-
NAME,REFERENCE,TARGETS,MINPODS,MAXPODS,REPLICAS,AGE
h1-app,Deployment/h1-app,44%/50%,1,6,6,3m3s
idx,165,LOG_TIME,2023-07-16T02:18:24,2023-07-15T21:18:24,-,-
NAME,REFERENCE,TARGETS,MINPODS,MAXPODS,REPLICAS,AGE
h1-app,Deployment/h1-app,44%/50%,1,6,6,3m4s
idx,166,LOG_TIME,2023-07-16T02:18:25,2023-07-15T21:18:25,-,-
NAME,REFERENCE,TARGETS,MINPODS,MAXPODS,REPLICAS,AGE
h1-app,Deployment/h1-app,44%/50%,1,6,6,3m5s
idx,167,LOG_TIME,2023-07-16T02:18:26,2023-07-15T21:18:26,-,-
NAME,REFERENCE,TARGETS,MINPODS,MAXPODS,REPLICAS,AGE
h1-app,Deployment/h1-app,44%/50%,1,6,6,3m6s
idx,168,LOG_TIME,2023-07-16T02:18:27,2023-07-15T21:18:27,-,-
NAME,REFERENCE,TARGETS,MINPODS,MAXPODS,REPLICAS,AGE
h1-app,Deployment/h1-app,44%/50%,1,6,6,3m7s
idx,169,LOG_TIME,2023-07-16T02:18:28,2023-07-15T21:18:28,-,-
NAME,REFERENCE,TARGETS,MINPODS,MAXPODS,REPLICAS,AGE
h1-app,Deployment/h1-app,44%/50%,1,6,6,3m8s
idx,170,LOG_TIME,2023-07-16T02:18:29,2023-07-15T21:18:29,-,-
NAME,REFERENCE,TARGETS,MINPODS,MAXPODS,REPLICAS,AGE
h1-app,Deployment/h1-app,44%/50%,1,6,6,3m9s
idx,171,LOG_TIME,2023-07-16T02:18:30,2023-07-15T21:18:30,-,-
NAME,REFERENCE,TARGETS,MINPODS,MAXPODS,REPLICAS,AGE
h1-app,Deployment/h1-app,44%/50%,1,6,6,3m11s
idx,172,LOG_TIME,2023-07-16T02:18:31,2023-07-15T21:18:31,-,-
NAME,REFERENCE,TARGETS,MINPODS,MAXPODS,REPLICAS,AGE
h1-app,Deployment/h1-app,44%/50%,1,6,6,3m12s
idx,173,LOG_TIME,2023-07-16T02:18:32,2023-07-15T21:18:32,-,-
NAME,REFERENCE,TARGETS,MINPODS,MAXPODS,REPLICAS,AGE
h1-app,Deployment/h1-app,44%/50%,1,6,6,3m13s
idx,174,LOG_TIME,2023-07-16T02:18:33,2023-07-15T21:18:33,-,-
NAME,REFERENCE,TARGETS,MINPODS,MAXPODS,REPLICAS,AGE
h1-app,Deployment/h1-app,44%/50%,1,6,6,3m14s
idx,175,LOG_TIME,2023-07-16T02:18:34,2023-07-15T21:18:34,-,-
NAME,REFERENCE,TARGETS,MINPODS,MAXPODS,REPLICAS,AGE
h1-app,Deployment/h1-app,44%/50%,1,6,6,3m15s
idx,176,LOG_TIME,2023-07-16T02:18:35,2023-07-15T21:18:35,-,-
NAME,REFERENCE,TARGETS,MINPODS,MAXPODS,REPLICAS,AGE
h1-app,Deployment/h1-app,44%/50%,1,6,6,3m16s
idx,177,LOG_TIME,2023-07-16T02:18:36,2023-07-15T21:18:36,-,-
NAME,REFERENCE,TARGETS,MINPODS,MAXPODS,REPLICAS,AGE
h1-app,Deployment/h1-app,44%/50%,1,6,6,3m17s
idx,178,LOG_TIME,2023-07-16T02:18:37,2023-07-15T21:18:37,-,-
NAME,REFERENCE,TARGETS,MINPODS,MAXPODS,REPLICAS,AGE
h1-app,Deployment/h1-app,40%/50%,1,6,6,3m18s
idx,179,LOG_TIME,2023-07-16T02:18:38,2023-07-15T21:18:38,-,-
NAME,REFERENCE,TARGETS,MINPODS,MAXPODS,REPLICAS,AGE
h1-app,Deployment/h1-app,40%/50%,1,6,6,3m19s
idx,180,LOG_TIME,2023-07-16T02:18:40,2023-07-15T21:18:40,-,-
NAME,REFERENCE,TARGETS,MINPODS,MAXPODS,REPLICAS,AGE
h1-app,Deployment/h1-app,40%/50%,1,6,6,3m20s
idx,181,LOG_TIME,2023-07-16T02:18:41,2023-07-15T21:18:41,-,-
NAME,REFERENCE,TARGETS,MINPODS,MAXPODS,REPLICAS,AGE
h1-app,Deployment/h1-app,40%/50%,1,6,6,3m21s
idx,182,LOG_TIME,2023-07-16T02:18:42,2023-07-15T21:18:42,-,-
NAME,REFERENCE,TARGETS,MINPODS,MAXPODS,REPLICAS,AGE
h1-app,Deployment/h1-app,40%/50%,1,6,6,3m22s
idx,183,LOG_TIME,2023-07-16T02:18:43,2023-07-15T21:18:43,-,-
NAME,REFERENCE,TARGETS,MINPODS,MAXPODS,REPLICAS,AGE
h1-app,Deployment/h1-app,40%/50%,1,6,6,3m23s
idx,184,LOG_TIME,2023-07-16T02:18:44,2023-07-15T21:18:44,-,-
NAME,REFERENCE,TARGETS,MINPODS,MAXPODS,REPLICAS,AGE
h1-app,Deployment/h1-app,40%/50%,1,6,6,3m24s
idx,185,LOG_TIME,2023-07-16T02:18:45,2023-07-15T21:18:45,-,-
NAME,REFERENCE,TARGETS,MINPODS,MAXPODS,REPLICAS,AGE
h1-app,Deployment/h1-app,40%/50%,1,6,6,3m25s
idx,186,LOG_TIME,2023-07-16T02:18:46,2023-07-15T21:18:46,-,-
NAME,REFERENCE,TARGETS,MINPODS,MAXPODS,REPLICAS,AGE
h1-app,Deployment/h1-app,40%/50%,1,6,6,3m26s
