idx,0,LOG_TIME,2023-05-18T15:18:34,2023-05-18T10:18:34,-,-,-,-,-,-
NAME,READY,STATUS,RESTARTS,AGE,IP,NODE,NOMINATED,NODE,READINESS,GATES
h1-app-5864579b49-c67ks,0/1,ContainerCreating,0,3s,<none>,kind-worker3,<none>,<none>
idx,1,LOG_TIME,2023-05-18T15:18:35,2023-05-18T10:18:35,-,-,-,-,-,-
NAME,READY,STATUS,RESTARTS,AGE,IP,NODE,NOMINATED,NODE,READINESS,GATES
h1-app-5864579b49-c67ks,1/1,Running,0,4s,10.244.3.119,kind-worker3,<none>,<none>
idx,2,LOG_TIME,2023-05-18T15:18:36,2023-05-18T10:18:36,-,-,-,-,-,-
NAME,READY,STATUS,RESTARTS,AGE,IP,NODE,NOMINATED,NODE,READINESS,GATES
h1-app-5864579b49-c67ks,1/1,Running,0,5s,10.244.3.119,kind-worker3,<none>,<none>
idx,3,LOG_TIME,2023-05-18T15:18:37,2023-05-18T10:18:37,-,-,-,-,-,-
NAME,READY,STATUS,RESTARTS,AGE,IP,NODE,NOMINATED,NODE,READINESS,GATES
h1-app-5864579b49-c67ks,1/1,Running,0,6s,10.244.3.119,kind-worker3,<none>,<none>
idx,4,LOG_TIME,2023-05-18T15:18:38,2023-05-18T10:18:38,-,-,-,-,-,-
NAME,READY,STATUS,RESTARTS,AGE,IP,NODE,NOMINATED,NODE,READINESS,GATES
h1-app-5864579b49-c67ks,1/1,Running,0,7s,10.244.3.119,kind-worker3,<none>,<none>
idx,5,LOG_TIME,2023-05-18T15:18:39,2023-05-18T10:18:39,-,-,-,-,-,-
NAME,READY,STATUS,RESTARTS,AGE,IP,NODE,NOMINATED,NODE,READINESS,GATES
h1-app-5864579b49-c67ks,1/1,Running,0,8s,10.244.3.119,kind-worker3,<none>,<none>
idx,6,LOG_TIME,2023-05-18T15:18:40,2023-05-18T10:18:40,-,-,-,-,-,-
NAME,READY,STATUS,RESTARTS,AGE,IP,NODE,NOMINATED,NODE,READINESS,GATES
h1-app-5864579b49-c67ks,1/1,Running,0,9s,10.244.3.119,kind-worker3,<none>,<none>
idx,7,LOG_TIME,2023-05-18T15:18:41,2023-05-18T10:18:41,-,-,-,-,-,-
NAME,READY,STATUS,RESTARTS,AGE,IP,NODE,NOMINATED,NODE,READINESS,GATES
h1-app-5864579b49-c67ks,1/1,Running,0,10s,10.244.3.119,kind-worker3,<none>,<none>
idx,8,LOG_TIME,2023-05-18T15:18:42,2023-05-18T10:18:42,-,-,-,-,-,-
NAME,READY,STATUS,RESTARTS,AGE,IP,NODE,NOMINATED,NODE,READINESS,GATES
h1-app-5864579b49-c67ks,1/1,Running,0,11s,10.244.3.119,kind-worker3,<none>,<none>
idx,9,LOG_TIME,2023-05-18T15:18:43,2023-05-18T10:18:43,-,-,-,-,-,-
NAME,READY,STATUS,RESTARTS,AGE,IP,NODE,NOMINATED,NODE,READINESS,GATES
h1-app-5864579b49-c67ks,1/1,Running,0,13s,10.244.3.119,kind-worker3,<none>,<none>
idx,10,LOG_TIME,2023-05-18T15:18:44,2023-05-18T10:18:44,-,-,-,-,-,-
NAME,READY,STATUS,RESTARTS,AGE,IP,NODE,NOMINATED,NODE,READINESS,GATES
h1-app-5864579b49-c67ks,1/1,Running,0,14s,10.244.3.119,kind-worker3,<none>,<none>
idx,11,LOG_TIME,2023-05-18T15:18:45,2023-05-18T10:18:45,-,-,-,-,-,-
NAME,READY,STATUS,RESTARTS,AGE,IP,NODE,NOMINATED,NODE,READINESS,GATES
h1-app-5864579b49-c67ks,1/1,Running,0,15s,10.244.3.119,kind-worker3,<none>,<none>
idx,12,LOG_TIME,2023-05-18T15:18:46,2023-05-18T10:18:46,-,-,-,-,-,-
NAME,READY,STATUS,RESTARTS,AGE,IP,NODE,NOMINATED,NODE,READINESS,GATES
h1-app-5864579b49-c67ks,1/1,Running,0,16s,10.244.3.119,kind-worker3,<none>,<none>
idx,13,LOG_TIME,2023-05-18T15:18:47,2023-05-18T10:18:47,-,-,-,-,-,-
NAME,READY,STATUS,RESTARTS,AGE,IP,NODE,NOMINATED,NODE,READINESS,GATES
h1-app-5864579b49-c67ks,1/1,Running,0,17s,10.244.3.119,kind-worker3,<none>,<none>
idx,14,LOG_TIME,2023-05-18T15:18:48,2023-05-18T10:18:48,-,-,-,-,-,-
NAME,READY,STATUS,RESTARTS,AGE,IP,NODE,NOMINATED,NODE,READINESS,GATES
h1-app-5864579b49-c67ks,1/1,Running,0,18s,10.244.3.119,kind-worker3,<none>,<none>
idx,15,LOG_TIME,2023-05-18T15:18:49,2023-05-18T10:18:49,-,-,-,-,-,-
NAME,READY,STATUS,RESTARTS,AGE,IP,NODE,NOMINATED,NODE,READINESS,GATES
h1-app-5864579b49-c67ks,1/1,Running,0,19s,10.244.3.119,kind-worker3,<none>,<none>
idx,16,LOG_TIME,2023-05-18T15:18:51,2023-05-18T10:18:51,-,-,-,-,-,-
NAME,READY,STATUS,RESTARTS,AGE,IP,NODE,NOMINATED,NODE,READINESS,GATES
h1-app-5864579b49-c67ks,1/1,Running,0,20s,10.244.3.119,kind-worker3,<none>,<none>
idx,17,LOG_TIME,2023-05-18T15:18:52,2023-05-18T10:18:52,-,-,-,-,-,-
NAME,READY,STATUS,RESTARTS,AGE,IP,NODE,NOMINATED,NODE,READINESS,GATES
h1-app-5864579b49-7782p,0/1,ContainerCreating,0,1s,<none>,kind-worker,<none>,<none>
h1-app-5864579b49-bj9mc,0/1,ContainerCreating,0,1s,<none>,kind-worker2,<none>,<none>
h1-app-5864579b49-c67ks,1/1,Running,0,21s,10.244.3.119,kind-worker3,<none>,<none>
idx,18,LOG_TIME,2023-05-18T15:18:53,2023-05-18T10:18:53,-,-,-,-,-,-
NAME,READY,STATUS,RESTARTS,AGE,IP,NODE,NOMINATED,NODE,READINESS,GATES
h1-app-5864579b49-7782p,0/1,ContainerCreating,0,2s,<none>,kind-worker,<none>,<none>
h1-app-5864579b49-bj9mc,0/1,ContainerCreating,0,2s,<none>,kind-worker2,<none>,<none>
h1-app-5864579b49-c67ks,1/1,Running,0,22s,10.244.3.119,kind-worker3,<none>,<none>
idx,19,LOG_TIME,2023-05-18T15:18:54,2023-05-18T10:18:54,-,-,-,-,-,-
NAME,READY,STATUS,RESTARTS,AGE,IP,NODE,NOMINATED,NODE,READINESS,GATES
h1-app-5864579b49-7782p,0/1,ContainerCreating,0,3s,<none>,kind-worker,<none>,<none>
h1-app-5864579b49-bj9mc,0/1,ContainerCreating,0,3s,<none>,kind-worker2,<none>,<none>
h1-app-5864579b49-c67ks,1/1,Running,0,23s,10.244.3.119,kind-worker3,<none>,<none>
idx,20,LOG_TIME,2023-05-18T15:18:55,2023-05-18T10:18:55,-,-,-,-,-,-
NAME,READY,STATUS,RESTARTS,AGE,IP,NODE,NOMINATED,NODE,READINESS,GATES
h1-app-5864579b49-7782p,1/1,Running,0,4s,10.244.2.121,kind-worker,<none>,<none>
h1-app-5864579b49-bj9mc,0/1,ContainerCreating,0,4s,<none>,kind-worker2,<none>,<none>
h1-app-5864579b49-c67ks,1/1,Running,0,24s,10.244.3.119,kind-worker3,<none>,<none>
idx,21,LOG_TIME,2023-05-18T15:18:56,2023-05-18T10:18:56,-,-,-,-,-,-
NAME,READY,STATUS,RESTARTS,AGE,IP,NODE,NOMINATED,NODE,READINESS,GATES
h1-app-5864579b49-7782p,1/1,Running,0,5s,10.244.2.121,kind-worker,<none>,<none>
h1-app-5864579b49-bj9mc,1/1,Running,0,5s,10.244.1.93,kind-worker2,<none>,<none>
h1-app-5864579b49-c67ks,1/1,Running,0,25s,10.244.3.119,kind-worker3,<none>,<none>
idx,22,LOG_TIME,2023-05-18T15:18:57,2023-05-18T10:18:57,-,-,-,-,-,-
NAME,READY,STATUS,RESTARTS,AGE,IP,NODE,NOMINATED,NODE,READINESS,GATES
h1-app-5864579b49-7782p,1/1,Running,0,6s,10.244.2.121,kind-worker,<none>,<none>
h1-app-5864579b49-bj9mc,1/1,Running,0,6s,10.244.1.93,kind-worker2,<none>,<none>
h1-app-5864579b49-c67ks,1/1,Running,0,26s,10.244.3.119,kind-worker3,<none>,<none>
idx,23,LOG_TIME,2023-05-18T15:18:58,2023-05-18T10:18:58,-,-,-,-,-,-
NAME,READY,STATUS,RESTARTS,AGE,IP,NODE,NOMINATED,NODE,READINESS,GATES
h1-app-5864579b49-7782p,1/1,Running,0,7s,10.244.2.121,kind-worker,<none>,<none>
h1-app-5864579b49-bj9mc,1/1,Running,0,7s,10.244.1.93,kind-worker2,<none>,<none>
h1-app-5864579b49-c67ks,1/1,Running,0,27s,10.244.3.119,kind-worker3,<none>,<none>
idx,24,LOG_TIME,2023-05-18T15:18:59,2023-05-18T10:18:59,-,-,-,-,-,-
NAME,READY,STATUS,RESTARTS,AGE,IP,NODE,NOMINATED,NODE,READINESS,GATES
h1-app-5864579b49-7782p,1/1,Running,0,8s,10.244.2.121,kind-worker,<none>,<none>
h1-app-5864579b49-bj9mc,1/1,Running,0,8s,10.244.1.93,kind-worker2,<none>,<none>
h1-app-5864579b49-c67ks,1/1,Running,0,28s,10.244.3.119,kind-worker3,<none>,<none>
idx,25,LOG_TIME,2023-05-18T15:19:00,2023-05-18T10:19:00,-,-,-,-,-,-
NAME,READY,STATUS,RESTARTS,AGE,IP,NODE,NOMINATED,NODE,READINESS,GATES
h1-app-5864579b49-7782p,1/1,Running,0,9s,10.244.2.121,kind-worker,<none>,<none>
h1-app-5864579b49-bj9mc,1/1,Running,0,9s,10.244.1.93,kind-worker2,<none>,<none>
h1-app-5864579b49-c67ks,1/1,Running,0,29s,10.244.3.119,kind-worker3,<none>,<none>
idx,26,LOG_TIME,2023-05-18T15:19:01,2023-05-18T10:19:01,-,-,-,-,-,-
NAME,READY,STATUS,RESTARTS,AGE,IP,NODE,NOMINATED,NODE,READINESS,GATES
h1-app-5864579b49-7782p,1/1,Running,0,10s,10.244.2.121,kind-worker,<none>,<none>
h1-app-5864579b49-bj9mc,1/1,Running,0,10s,10.244.1.93,kind-worker2,<none>,<none>
h1-app-5864579b49-c67ks,1/1,Running,0,30s,10.244.3.119,kind-worker3,<none>,<none>
idx,27,LOG_TIME,2023-05-18T15:19:02,2023-05-18T10:19:02,-,-,-,-,-,-
NAME,READY,STATUS,RESTARTS,AGE,IP,NODE,NOMINATED,NODE,READINESS,GATES
h1-app-5864579b49-7782p,1/1,Running,0,11s,10.244.2.121,kind-worker,<none>,<none>
h1-app-5864579b49-bj9mc,1/1,Running,0,11s,10.244.1.93,kind-worker2,<none>,<none>
h1-app-5864579b49-c67ks,1/1,Running,0,31s,10.244.3.119,kind-worker3,<none>,<none>
idx,28,LOG_TIME,2023-05-18T15:19:03,2023-05-18T10:19:03,-,-,-,-,-,-
NAME,READY,STATUS,RESTARTS,AGE,IP,NODE,NOMINATED,NODE,READINESS,GATES
h1-app-5864579b49-7782p,1/1,Running,0,12s,10.244.2.121,kind-worker,<none>,<none>
h1-app-5864579b49-bj9mc,1/1,Running,0,12s,10.244.1.93,kind-worker2,<none>,<none>
h1-app-5864579b49-c67ks,1/1,Running,0,32s,10.244.3.119,kind-worker3,<none>,<none>
idx,29,LOG_TIME,2023-05-18T15:19:04,2023-05-18T10:19:04,-,-,-,-,-,-
NAME,READY,STATUS,RESTARTS,AGE,IP,NODE,NOMINATED,NODE,READINESS,GATES
h1-app-5864579b49-7782p,1/1,Running,0,13s,10.244.2.121,kind-worker,<none>,<none>
h1-app-5864579b49-bj9mc,1/1,Running,0,13s,10.244.1.93,kind-worker2,<none>,<none>
h1-app-5864579b49-c67ks,1/1,Running,0,33s,10.244.3.119,kind-worker3,<none>,<none>
idx,30,LOG_TIME,2023-05-18T15:19:05,2023-05-18T10:19:05,-,-,-,-,-,-
NAME,READY,STATUS,RESTARTS,AGE,IP,NODE,NOMINATED,NODE,READINESS,GATES
h1-app-5864579b49-7782p,1/1,Running,0,14s,10.244.2.121,kind-worker,<none>,<none>
h1-app-5864579b49-bj9mc,1/1,Running,0,14s,10.244.1.93,kind-worker2,<none>,<none>
h1-app-5864579b49-c67ks,1/1,Running,0,34s,10.244.3.119,kind-worker3,<none>,<none>
idx,31,LOG_TIME,2023-05-18T15:19:06,2023-05-18T10:19:06,-,-,-,-,-,-
NAME,READY,STATUS,RESTARTS,AGE,IP,NODE,NOMINATED,NODE,READINESS,GATES
h1-app-5864579b49-7782p,1/1,Running,0,15s,10.244.2.121,kind-worker,<none>,<none>
h1-app-5864579b49-bj9mc,1/1,Running,0,15s,10.244.1.93,kind-worker2,<none>,<none>
h1-app-5864579b49-c67ks,1/1,Running,0,35s,10.244.3.119,kind-worker3,<none>,<none>
idx,32,LOG_TIME,2023-05-18T15:19:07,2023-05-18T10:19:07,-,-,-,-,-,-
NAME,READY,STATUS,RESTARTS,AGE,IP,NODE,NOMINATED,NODE,READINESS,GATES
h1-app-5864579b49-7782p,1/1,Running,0,16s,10.244.2.121,kind-worker,<none>,<none>
h1-app-5864579b49-bj9mc,1/1,Running,0,16s,10.244.1.93,kind-worker2,<none>,<none>
h1-app-5864579b49-c67ks,1/1,Running,0,36s,10.244.3.119,kind-worker3,<none>,<none>
idx,33,LOG_TIME,2023-05-18T15:19:08,2023-05-18T10:19:08,-,-,-,-,-,-
NAME,READY,STATUS,RESTARTS,AGE,IP,NODE,NOMINATED,NODE,READINESS,GATES
h1-app-5864579b49-7782p,1/1,Running,0,17s,10.244.2.121,kind-worker,<none>,<none>
h1-app-5864579b49-bj9mc,1/1,Running,0,17s,10.244.1.93,kind-worker2,<none>,<none>
h1-app-5864579b49-c67ks,1/1,Running,0,37s,10.244.3.119,kind-worker3,<none>,<none>
idx,34,LOG_TIME,2023-05-18T15:19:09,2023-05-18T10:19:09,-,-,-,-,-,-
NAME,READY,STATUS,RESTARTS,AGE,IP,NODE,NOMINATED,NODE,READINESS,GATES
h1-app-5864579b49-7782p,1/1,Running,0,18s,10.244.2.121,kind-worker,<none>,<none>
h1-app-5864579b49-bj9mc,1/1,Running,0,18s,10.244.1.93,kind-worker2,<none>,<none>
h1-app-5864579b49-c67ks,1/1,Running,0,38s,10.244.3.119,kind-worker3,<none>,<none>
idx,35,LOG_TIME,2023-05-18T15:19:10,2023-05-18T10:19:10,-,-,-,-,-,-
NAME,READY,STATUS,RESTARTS,AGE,IP,NODE,NOMINATED,NODE,READINESS,GATES
h1-app-5864579b49-7782p,1/1,Running,0,19s,10.244.2.121,kind-worker,<none>,<none>
h1-app-5864579b49-bj9mc,1/1,Running,0,19s,10.244.1.93,kind-worker2,<none>,<none>
h1-app-5864579b49-c67ks,1/1,Running,0,39s,10.244.3.119,kind-worker3,<none>,<none>
idx,36,LOG_TIME,2023-05-18T15:19:11,2023-05-18T10:19:11,-,-,-,-,-,-
NAME,READY,STATUS,RESTARTS,AGE,IP,NODE,NOMINATED,NODE,READINESS,GATES
h1-app-5864579b49-7782p,1/1,Running,0,20s,10.244.2.121,kind-worker,<none>,<none>
h1-app-5864579b49-bj9mc,1/1,Running,0,20s,10.244.1.93,kind-worker2,<none>,<none>
h1-app-5864579b49-c67ks,1/1,Running,0,40s,10.244.3.119,kind-worker3,<none>,<none>
idx,37,LOG_TIME,2023-05-18T15:19:12,2023-05-18T10:19:12,-,-,-,-,-,-
NAME,READY,STATUS,RESTARTS,AGE,IP,NODE,NOMINATED,NODE,READINESS,GATES
h1-app-5864579b49-7782p,1/1,Running,0,21s,10.244.2.121,kind-worker,<none>,<none>
h1-app-5864579b49-bj9mc,1/1,Running,0,21s,10.244.1.93,kind-worker2,<none>,<none>
h1-app-5864579b49-c67ks,1/1,Running,0,41s,10.244.3.119,kind-worker3,<none>,<none>
idx,38,LOG_TIME,2023-05-18T15:19:13,2023-05-18T10:19:13,-,-,-,-,-,-
NAME,READY,STATUS,RESTARTS,AGE,IP,NODE,NOMINATED,NODE,READINESS,GATES
h1-app-5864579b49-7782p,1/1,Running,0,22s,10.244.2.121,kind-worker,<none>,<none>
h1-app-5864579b49-bj9mc,1/1,Running,0,22s,10.244.1.93,kind-worker2,<none>,<none>
h1-app-5864579b49-c67ks,1/1,Running,0,42s,10.244.3.119,kind-worker3,<none>,<none>
idx,39,LOG_TIME,2023-05-18T15:19:14,2023-05-18T10:19:14,-,-,-,-,-,-
NAME,READY,STATUS,RESTARTS,AGE,IP,NODE,NOMINATED,NODE,READINESS,GATES
h1-app-5864579b49-7782p,1/1,Running,0,23s,10.244.2.121,kind-worker,<none>,<none>
h1-app-5864579b49-bj9mc,1/1,Running,0,23s,10.244.1.93,kind-worker2,<none>,<none>
h1-app-5864579b49-c67ks,1/1,Running,0,43s,10.244.3.119,kind-worker3,<none>,<none>
idx,40,LOG_TIME,2023-05-18T15:19:15,2023-05-18T10:19:15,-,-,-,-,-,-
NAME,READY,STATUS,RESTARTS,AGE,IP,NODE,NOMINATED,NODE,READINESS,GATES
h1-app-5864579b49-7782p,1/1,Running,0,24s,10.244.2.121,kind-worker,<none>,<none>
h1-app-5864579b49-bj9mc,1/1,Running,0,24s,10.244.1.93,kind-worker2,<none>,<none>
h1-app-5864579b49-c67ks,1/1,Running,0,44s,10.244.3.119,kind-worker3,<none>,<none>
idx,41,LOG_TIME,2023-05-18T15:19:16,2023-05-18T10:19:16,-,-,-,-,-,-
NAME,READY,STATUS,RESTARTS,AGE,IP,NODE,NOMINATED,NODE,READINESS,GATES
h1-app-5864579b49-7782p,1/1,Running,0,25s,10.244.2.121,kind-worker,<none>,<none>
h1-app-5864579b49-bj9mc,1/1,Running,0,25s,10.244.1.93,kind-worker2,<none>,<none>
h1-app-5864579b49-c67ks,1/1,Running,0,45s,10.244.3.119,kind-worker3,<none>,<none>
idx,42,LOG_TIME,2023-05-18T15:19:17,2023-05-18T10:19:17,-,-,-,-,-,-
NAME,READY,STATUS,RESTARTS,AGE,IP,NODE,NOMINATED,NODE,READINESS,GATES
h1-app-5864579b49-7782p,1/1,Running,0,26s,10.244.2.121,kind-worker,<none>,<none>
h1-app-5864579b49-bj9mc,1/1,Running,0,26s,10.244.1.93,kind-worker2,<none>,<none>
h1-app-5864579b49-c67ks,1/1,Running,0,46s,10.244.3.119,kind-worker3,<none>,<none>
idx,43,LOG_TIME,2023-05-18T15:19:18,2023-05-18T10:19:18,-,-,-,-,-,-
NAME,READY,STATUS,RESTARTS,AGE,IP,NODE,NOMINATED,NODE,READINESS,GATES
h1-app-5864579b49-7782p,1/1,Running,0,27s,10.244.2.121,kind-worker,<none>,<none>
h1-app-5864579b49-bj9mc,1/1,Running,0,27s,10.244.1.93,kind-worker2,<none>,<none>
h1-app-5864579b49-c67ks,1/1,Running,0,47s,10.244.3.119,kind-worker3,<none>,<none>
idx,44,LOG_TIME,2023-05-18T15:19:19,2023-05-18T10:19:19,-,-,-,-,-,-
NAME,READY,STATUS,RESTARTS,AGE,IP,NODE,NOMINATED,NODE,READINESS,GATES
h1-app-5864579b49-7782p,1/1,Running,0,28s,10.244.2.121,kind-worker,<none>,<none>
h1-app-5864579b49-bj9mc,1/1,Running,0,28s,10.244.1.93,kind-worker2,<none>,<none>
h1-app-5864579b49-c67ks,1/1,Running,0,48s,10.244.3.119,kind-worker3,<none>,<none>
idx,45,LOG_TIME,2023-05-18T15:19:20,2023-05-18T10:19:20,-,-,-,-,-,-
NAME,READY,STATUS,RESTARTS,AGE,IP,NODE,NOMINATED,NODE,READINESS,GATES
h1-app-5864579b49-7782p,1/1,Running,0,29s,10.244.2.121,kind-worker,<none>,<none>
h1-app-5864579b49-bj9mc,1/1,Running,0,29s,10.244.1.93,kind-worker2,<none>,<none>
h1-app-5864579b49-c67ks,1/1,Running,0,49s,10.244.3.119,kind-worker3,<none>,<none>
idx,46,LOG_TIME,2023-05-18T15:19:21,2023-05-18T10:19:21,-,-,-,-,-,-
NAME,READY,STATUS,RESTARTS,AGE,IP,NODE,NOMINATED,NODE,READINESS,GATES
h1-app-5864579b49-4kw67,0/1,Pending,0,0s,<none>,kind-worker,<none>,<none>
h1-app-5864579b49-7782p,1/1,Running,0,30s,10.244.2.121,kind-worker,<none>,<none>
h1-app-5864579b49-bj9mc,1/1,Running,0,30s,10.244.1.93,kind-worker2,<none>,<none>
h1-app-5864579b49-c67ks,1/1,Running,0,50s,10.244.3.119,kind-worker3,<none>,<none>
h1-app-5864579b49-zwvkr,0/1,Pending,0,0s,<none>,kind-worker3,<none>,<none>
idx,47,LOG_TIME,2023-05-18T15:19:22,2023-05-18T10:19:22,-,-,-,-,-,-
NAME,READY,STATUS,RESTARTS,AGE,IP,NODE,NOMINATED,NODE,READINESS,GATES
h1-app-5864579b49-4kw67,0/1,ContainerCreating,0,1s,<none>,kind-worker,<none>,<none>
h1-app-5864579b49-7782p,1/1,Running,0,31s,10.244.2.121,kind-worker,<none>,<none>
h1-app-5864579b49-bj9mc,1/1,Running,0,31s,10.244.1.93,kind-worker2,<none>,<none>
h1-app-5864579b49-c67ks,1/1,Running,0,51s,10.244.3.119,kind-worker3,<none>,<none>
h1-app-5864579b49-zwvkr,0/1,ContainerCreating,0,1s,<none>,kind-worker3,<none>,<none>
idx,48,LOG_TIME,2023-05-18T15:19:23,2023-05-18T10:19:23,-,-,-,-,-,-
NAME,READY,STATUS,RESTARTS,AGE,IP,NODE,NOMINATED,NODE,READINESS,GATES
h1-app-5864579b49-4kw67,0/1,ContainerCreating,0,2s,<none>,kind-worker,<none>,<none>
h1-app-5864579b49-7782p,1/1,Running,0,32s,10.244.2.121,kind-worker,<none>,<none>
h1-app-5864579b49-bj9mc,1/1,Running,0,32s,10.244.1.93,kind-worker2,<none>,<none>
h1-app-5864579b49-c67ks,1/1,Running,0,52s,10.244.3.119,kind-worker3,<none>,<none>
h1-app-5864579b49-zwvkr,0/1,ContainerCreating,0,2s,<none>,kind-worker3,<none>,<none>
idx,49,LOG_TIME,2023-05-18T15:19:24,2023-05-18T10:19:24,-,-,-,-,-,-
NAME,READY,STATUS,RESTARTS,AGE,IP,NODE,NOMINATED,NODE,READINESS,GATES
h1-app-5864579b49-4kw67,0/1,ContainerCreating,0,3s,<none>,kind-worker,<none>,<none>
h1-app-5864579b49-7782p,1/1,Running,0,33s,10.244.2.121,kind-worker,<none>,<none>
h1-app-5864579b49-bj9mc,1/1,Running,0,33s,10.244.1.93,kind-worker2,<none>,<none>
h1-app-5864579b49-c67ks,1/1,Running,0,53s,10.244.3.119,kind-worker3,<none>,<none>
h1-app-5864579b49-zwvkr,0/1,ContainerCreating,0,3s,<none>,kind-worker3,<none>,<none>
idx,50,LOG_TIME,2023-05-18T15:19:25,2023-05-18T10:19:25,-,-,-,-,-,-
NAME,READY,STATUS,RESTARTS,AGE,IP,NODE,NOMINATED,NODE,READINESS,GATES
h1-app-5864579b49-4kw67,1/1,Running,0,4s,10.244.2.122,kind-worker,<none>,<none>
h1-app-5864579b49-7782p,1/1,Running,0,34s,10.244.2.121,kind-worker,<none>,<none>
h1-app-5864579b49-bj9mc,1/1,Running,0,34s,10.244.1.93,kind-worker2,<none>,<none>
h1-app-5864579b49-c67ks,1/1,Running,0,54s,10.244.3.119,kind-worker3,<none>,<none>
h1-app-5864579b49-zwvkr,1/1,Running,0,4s,10.244.3.120,kind-worker3,<none>,<none>
idx,51,LOG_TIME,2023-05-18T15:19:26,2023-05-18T10:19:26,-,-,-,-,-,-
NAME,READY,STATUS,RESTARTS,AGE,IP,NODE,NOMINATED,NODE,READINESS,GATES
h1-app-5864579b49-4kw67,1/1,Running,0,5s,10.244.2.122,kind-worker,<none>,<none>
h1-app-5864579b49-7782p,1/1,Running,0,35s,10.244.2.121,kind-worker,<none>,<none>
h1-app-5864579b49-bj9mc,1/1,Running,0,35s,10.244.1.93,kind-worker2,<none>,<none>
h1-app-5864579b49-c67ks,1/1,Running,0,55s,10.244.3.119,kind-worker3,<none>,<none>
h1-app-5864579b49-zwvkr,1/1,Running,0,5s,10.244.3.120,kind-worker3,<none>,<none>
idx,52,LOG_TIME,2023-05-18T15:19:27,2023-05-18T10:19:27,-,-,-,-,-,-
NAME,READY,STATUS,RESTARTS,AGE,IP,NODE,NOMINATED,NODE,READINESS,GATES
h1-app-5864579b49-4kw67,1/1,Running,0,6s,10.244.2.122,kind-worker,<none>,<none>
h1-app-5864579b49-7782p,1/1,Running,0,36s,10.244.2.121,kind-worker,<none>,<none>
h1-app-5864579b49-bj9mc,1/1,Running,0,36s,10.244.1.93,kind-worker2,<none>,<none>
h1-app-5864579b49-c67ks,1/1,Running,0,56s,10.244.3.119,kind-worker3,<none>,<none>
h1-app-5864579b49-zwvkr,1/1,Running,0,6s,10.244.3.120,kind-worker3,<none>,<none>
idx,53,LOG_TIME,2023-05-18T15:19:28,2023-05-18T10:19:28,-,-,-,-,-,-
NAME,READY,STATUS,RESTARTS,AGE,IP,NODE,NOMINATED,NODE,READINESS,GATES
h1-app-5864579b49-4kw67,1/1,Running,0,7s,10.244.2.122,kind-worker,<none>,<none>
h1-app-5864579b49-7782p,1/1,Running,0,37s,10.244.2.121,kind-worker,<none>,<none>
h1-app-5864579b49-bj9mc,1/1,Running,0,37s,10.244.1.93,kind-worker2,<none>,<none>
h1-app-5864579b49-c67ks,1/1,Running,0,57s,10.244.3.119,kind-worker3,<none>,<none>
h1-app-5864579b49-zwvkr,1/1,Running,0,7s,10.244.3.120,kind-worker3,<none>,<none>
idx,54,LOG_TIME,2023-05-18T15:19:29,2023-05-18T10:19:29,-,-,-,-,-,-
NAME,READY,STATUS,RESTARTS,AGE,IP,NODE,NOMINATED,NODE,READINESS,GATES
h1-app-5864579b49-4kw67,1/1,Running,0,9s,10.244.2.122,kind-worker,<none>,<none>
h1-app-5864579b49-7782p,1/1,Running,0,39s,10.244.2.121,kind-worker,<none>,<none>
h1-app-5864579b49-bj9mc,1/1,Running,0,39s,10.244.1.93,kind-worker2,<none>,<none>
h1-app-5864579b49-c67ks,1/1,Running,0,59s,10.244.3.119,kind-worker3,<none>,<none>
h1-app-5864579b49-zwvkr,1/1,Running,0,9s,10.244.3.120,kind-worker3,<none>,<none>
idx,55,LOG_TIME,2023-05-18T15:19:30,2023-05-18T10:19:30,-,-,-,-,-,-
NAME,READY,STATUS,RESTARTS,AGE,IP,NODE,NOMINATED,NODE,READINESS,GATES
h1-app-5864579b49-4kw67,1/1,Running,0,9s,10.244.2.122,kind-worker,<none>,<none>
h1-app-5864579b49-7782p,1/1,Running,0,39s,10.244.2.121,kind-worker,<none>,<none>
h1-app-5864579b49-bj9mc,1/1,Running,0,39s,10.244.1.93,kind-worker2,<none>,<none>
h1-app-5864579b49-c67ks,1/1,Running,0,59s,10.244.3.119,kind-worker3,<none>,<none>
h1-app-5864579b49-zwvkr,1/1,Running,0,9s,10.244.3.120,kind-worker3,<none>,<none>
idx,56,LOG_TIME,2023-05-18T15:19:31,2023-05-18T10:19:31,-,-,-,-,-,-
NAME,READY,STATUS,RESTARTS,AGE,IP,NODE,NOMINATED,NODE,READINESS,GATES
h1-app-5864579b49-4kw67,1/1,Running,0,10s,10.244.2.122,kind-worker,<none>,<none>
h1-app-5864579b49-7782p,1/1,Running,0,40s,10.244.2.121,kind-worker,<none>,<none>
h1-app-5864579b49-bj9mc,1/1,Running,0,40s,10.244.1.93,kind-worker2,<none>,<none>
h1-app-5864579b49-c67ks,1/1,Running,0,60s,10.244.3.119,kind-worker3,<none>,<none>
h1-app-5864579b49-zwvkr,1/1,Running,0,10s,10.244.3.120,kind-worker3,<none>,<none>
idx,57,LOG_TIME,2023-05-18T15:19:32,2023-05-18T10:19:32,-,-,-,-,-,-
NAME,READY,STATUS,RESTARTS,AGE,IP,NODE,NOMINATED,NODE,READINESS,GATES
h1-app-5864579b49-4kw67,1/1,Running,0,11s,10.244.2.122,kind-worker,<none>,<none>
h1-app-5864579b49-7782p,1/1,Running,0,41s,10.244.2.121,kind-worker,<none>,<none>
h1-app-5864579b49-bj9mc,1/1,Running,0,41s,10.244.1.93,kind-worker2,<none>,<none>
h1-app-5864579b49-c67ks,1/1,Running,0,61s,10.244.3.119,kind-worker3,<none>,<none>
h1-app-5864579b49-zwvkr,1/1,Running,0,11s,10.244.3.120,kind-worker3,<none>,<none>
idx,58,LOG_TIME,2023-05-18T15:19:33,2023-05-18T10:19:33,-,-,-,-,-,-
NAME,READY,STATUS,RESTARTS,AGE,IP,NODE,NOMINATED,NODE,READINESS,GATES
h1-app-5864579b49-4kw67,1/1,Running,0,12s,10.244.2.122,kind-worker,<none>,<none>
h1-app-5864579b49-7782p,1/1,Running,0,42s,10.244.2.121,kind-worker,<none>,<none>
h1-app-5864579b49-bj9mc,1/1,Running,0,42s,10.244.1.93,kind-worker2,<none>,<none>
h1-app-5864579b49-c67ks,1/1,Running,0,62s,10.244.3.119,kind-worker3,<none>,<none>
h1-app-5864579b49-zwvkr,1/1,Running,0,12s,10.244.3.120,kind-worker3,<none>,<none>
idx,59,LOG_TIME,2023-05-18T15:19:34,2023-05-18T10:19:34,-,-,-,-,-,-
NAME,READY,STATUS,RESTARTS,AGE,IP,NODE,NOMINATED,NODE,READINESS,GATES
h1-app-5864579b49-4kw67,1/1,Running,0,13s,10.244.2.122,kind-worker,<none>,<none>
h1-app-5864579b49-7782p,1/1,Running,0,43s,10.244.2.121,kind-worker,<none>,<none>
h1-app-5864579b49-bj9mc,1/1,Running,0,43s,10.244.1.93,kind-worker2,<none>,<none>
h1-app-5864579b49-c67ks,1/1,Running,0,63s,10.244.3.119,kind-worker3,<none>,<none>
h1-app-5864579b49-zwvkr,1/1,Running,0,13s,10.244.3.120,kind-worker3,<none>,<none>
idx,60,LOG_TIME,2023-05-18T15:19:35,2023-05-18T10:19:35,-,-,-,-,-,-
NAME,READY,STATUS,RESTARTS,AGE,IP,NODE,NOMINATED,NODE,READINESS,GATES
h1-app-5864579b49-4kw67,1/1,Running,0,14s,10.244.2.122,kind-worker,<none>,<none>
h1-app-5864579b49-7782p,1/1,Running,0,44s,10.244.2.121,kind-worker,<none>,<none>
h1-app-5864579b49-bj9mc,1/1,Running,0,44s,10.244.1.93,kind-worker2,<none>,<none>
h1-app-5864579b49-c67ks,1/1,Running,0,64s,10.244.3.119,kind-worker3,<none>,<none>
h1-app-5864579b49-zwvkr,1/1,Running,0,14s,10.244.3.120,kind-worker3,<none>,<none>
idx,61,LOG_TIME,2023-05-18T15:19:36,2023-05-18T10:19:36,-,-,-,-,-,-
NAME,READY,STATUS,RESTARTS,AGE,IP,NODE,NOMINATED,NODE,READINESS,GATES
h1-app-5864579b49-25gs5,0/1,ContainerCreating,0,0s,<none>,kind-worker2,<none>,<none>
h1-app-5864579b49-4kw67,1/1,Running,0,15s,10.244.2.122,kind-worker,<none>,<none>
h1-app-5864579b49-7782p,1/1,Running,0,45s,10.244.2.121,kind-worker,<none>,<none>
h1-app-5864579b49-bj9mc,1/1,Running,0,45s,10.244.1.93,kind-worker2,<none>,<none>
h1-app-5864579b49-c67ks,1/1,Running,0,65s,10.244.3.119,kind-worker3,<none>,<none>
h1-app-5864579b49-zwvkr,1/1,Running,0,15s,10.244.3.120,kind-worker3,<none>,<none>
idx,62,LOG_TIME,2023-05-18T15:19:37,2023-05-18T10:19:37,-,-,-,-,-,-
NAME,READY,STATUS,RESTARTS,AGE,IP,NODE,NOMINATED,NODE,READINESS,GATES
h1-app-5864579b49-25gs5,0/1,ContainerCreating,0,1s,<none>,kind-worker2,<none>,<none>
h1-app-5864579b49-4kw67,1/1,Running,0,16s,10.244.2.122,kind-worker,<none>,<none>
h1-app-5864579b49-7782p,1/1,Running,0,46s,10.244.2.121,kind-worker,<none>,<none>
h1-app-5864579b49-bj9mc,1/1,Running,0,46s,10.244.1.93,kind-worker2,<none>,<none>
h1-app-5864579b49-c67ks,1/1,Running,0,66s,10.244.3.119,kind-worker3,<none>,<none>
h1-app-5864579b49-zwvkr,1/1,Running,0,16s,10.244.3.120,kind-worker3,<none>,<none>
idx,63,LOG_TIME,2023-05-18T15:19:38,2023-05-18T10:19:38,-,-,-,-,-,-
NAME,READY,STATUS,RESTARTS,AGE,IP,NODE,NOMINATED,NODE,READINESS,GATES
h1-app-5864579b49-25gs5,0/1,ContainerCreating,0,2s,<none>,kind-worker2,<none>,<none>
h1-app-5864579b49-4kw67,1/1,Running,0,17s,10.244.2.122,kind-worker,<none>,<none>
h1-app-5864579b49-7782p,1/1,Running,0,47s,10.244.2.121,kind-worker,<none>,<none>
h1-app-5864579b49-bj9mc,1/1,Running,0,47s,10.244.1.93,kind-worker2,<none>,<none>
h1-app-5864579b49-c67ks,1/1,Running,0,67s,10.244.3.119,kind-worker3,<none>,<none>
h1-app-5864579b49-zwvkr,1/1,Running,0,17s,10.244.3.120,kind-worker3,<none>,<none>
idx,64,LOG_TIME,2023-05-18T15:19:39,2023-05-18T10:19:39,-,-,-,-,-,-
NAME,READY,STATUS,RESTARTS,AGE,IP,NODE,NOMINATED,NODE,READINESS,GATES
h1-app-5864579b49-25gs5,0/1,ContainerCreating,0,4s,<none>,kind-worker2,<none>,<none>
h1-app-5864579b49-4kw67,1/1,Running,0,19s,10.244.2.122,kind-worker,<none>,<none>
h1-app-5864579b49-7782p,1/1,Running,0,49s,10.244.2.121,kind-worker,<none>,<none>
h1-app-5864579b49-bj9mc,1/1,Running,0,49s,10.244.1.93,kind-worker2,<none>,<none>
h1-app-5864579b49-c67ks,1/1,Running,0,69s,10.244.3.119,kind-worker3,<none>,<none>
h1-app-5864579b49-zwvkr,1/1,Running,0,19s,10.244.3.120,kind-worker3,<none>,<none>
idx,65,LOG_TIME,2023-05-18T15:19:40,2023-05-18T10:19:40,-,-,-,-,-,-
NAME,READY,STATUS,RESTARTS,AGE,IP,NODE,NOMINATED,NODE,READINESS,GATES
h1-app-5864579b49-25gs5,1/1,Running,0,5s,10.244.1.94,kind-worker2,<none>,<none>
h1-app-5864579b49-4kw67,1/1,Running,0,20s,10.244.2.122,kind-worker,<none>,<none>
h1-app-5864579b49-7782p,1/1,Running,0,50s,10.244.2.121,kind-worker,<none>,<none>
h1-app-5864579b49-bj9mc,1/1,Running,0,50s,10.244.1.93,kind-worker2,<none>,<none>
h1-app-5864579b49-c67ks,1/1,Running,0,70s,10.244.3.119,kind-worker3,<none>,<none>
h1-app-5864579b49-zwvkr,1/1,Running,0,20s,10.244.3.120,kind-worker3,<none>,<none>
idx,66,LOG_TIME,2023-05-18T15:19:41,2023-05-18T10:19:41,-,-,-,-,-,-
NAME,READY,STATUS,RESTARTS,AGE,IP,NODE,NOMINATED,NODE,READINESS,GATES
h1-app-5864579b49-25gs5,1/1,Running,0,6s,10.244.1.94,kind-worker2,<none>,<none>
h1-app-5864579b49-4kw67,1/1,Running,0,21s,10.244.2.122,kind-worker,<none>,<none>
h1-app-5864579b49-7782p,1/1,Running,0,51s,10.244.2.121,kind-worker,<none>,<none>
h1-app-5864579b49-bj9mc,1/1,Running,0,51s,10.244.1.93,kind-worker2,<none>,<none>
h1-app-5864579b49-c67ks,1/1,Running,0,71s,10.244.3.119,kind-worker3,<none>,<none>
h1-app-5864579b49-zwvkr,1/1,Running,0,21s,10.244.3.120,kind-worker3,<none>,<none>
idx,67,LOG_TIME,2023-05-18T15:19:42,2023-05-18T10:19:42,-,-,-,-,-,-
NAME,READY,STATUS,RESTARTS,AGE,IP,NODE,NOMINATED,NODE,READINESS,GATES
h1-app-5864579b49-25gs5,1/1,Running,0,7s,10.244.1.94,kind-worker2,<none>,<none>
h1-app-5864579b49-4kw67,1/1,Running,0,22s,10.244.2.122,kind-worker,<none>,<none>
h1-app-5864579b49-7782p,1/1,Running,0,52s,10.244.2.121,kind-worker,<none>,<none>
h1-app-5864579b49-bj9mc,1/1,Running,0,52s,10.244.1.93,kind-worker2,<none>,<none>
h1-app-5864579b49-c67ks,1/1,Running,0,72s,10.244.3.119,kind-worker3,<none>,<none>
h1-app-5864579b49-zwvkr,1/1,Running,0,22s,10.244.3.120,kind-worker3,<none>,<none>
idx,68,LOG_TIME,2023-05-18T15:19:43,2023-05-18T10:19:43,-,-,-,-,-,-
NAME,READY,STATUS,RESTARTS,AGE,IP,NODE,NOMINATED,NODE,READINESS,GATES
h1-app-5864579b49-25gs5,1/1,Running,0,8s,10.244.1.94,kind-worker2,<none>,<none>
h1-app-5864579b49-4kw67,1/1,Running,0,23s,10.244.2.122,kind-worker,<none>,<none>
h1-app-5864579b49-7782p,1/1,Running,0,53s,10.244.2.121,kind-worker,<none>,<none>
h1-app-5864579b49-bj9mc,1/1,Running,0,53s,10.244.1.93,kind-worker2,<none>,<none>
h1-app-5864579b49-c67ks,1/1,Running,0,73s,10.244.3.119,kind-worker3,<none>,<none>
h1-app-5864579b49-zwvkr,1/1,Running,0,23s,10.244.3.120,kind-worker3,<none>,<none>
idx,69,LOG_TIME,2023-05-18T15:19:44,2023-05-18T10:19:44,-,-,-,-,-,-
NAME,READY,STATUS,RESTARTS,AGE,IP,NODE,NOMINATED,NODE,READINESS,GATES
h1-app-5864579b49-25gs5,1/1,Running,0,9s,10.244.1.94,kind-worker2,<none>,<none>
h1-app-5864579b49-4kw67,1/1,Running,0,24s,10.244.2.122,kind-worker,<none>,<none>
h1-app-5864579b49-7782p,1/1,Running,0,54s,10.244.2.121,kind-worker,<none>,<none>
h1-app-5864579b49-bj9mc,1/1,Running,0,54s,10.244.1.93,kind-worker2,<none>,<none>
h1-app-5864579b49-c67ks,1/1,Running,0,74s,10.244.3.119,kind-worker3,<none>,<none>
h1-app-5864579b49-zwvkr,1/1,Running,0,24s,10.244.3.120,kind-worker3,<none>,<none>
idx,70,LOG_TIME,2023-05-18T15:19:46,2023-05-18T10:19:46,-,-,-,-,-,-
NAME,READY,STATUS,RESTARTS,AGE,IP,NODE,NOMINATED,NODE,READINESS,GATES
h1-app-5864579b49-25gs5,1/1,Running,0,10s,10.244.1.94,kind-worker2,<none>,<none>
h1-app-5864579b49-4kw67,1/1,Running,0,25s,10.244.2.122,kind-worker,<none>,<none>
h1-app-5864579b49-7782p,1/1,Running,0,55s,10.244.2.121,kind-worker,<none>,<none>
h1-app-5864579b49-bj9mc,1/1,Running,0,55s,10.244.1.93,kind-worker2,<none>,<none>
h1-app-5864579b49-c67ks,1/1,Running,0,75s,10.244.3.119,kind-worker3,<none>,<none>
h1-app-5864579b49-zwvkr,1/1,Running,0,25s,10.244.3.120,kind-worker3,<none>,<none>
idx,71,LOG_TIME,2023-05-18T15:19:47,2023-05-18T10:19:47,-,-,-,-,-,-
NAME,READY,STATUS,RESTARTS,AGE,IP,NODE,NOMINATED,NODE,READINESS,GATES
h1-app-5864579b49-25gs5,1/1,Running,0,11s,10.244.1.94,kind-worker2,<none>,<none>
h1-app-5864579b49-4kw67,1/1,Running,0,26s,10.244.2.122,kind-worker,<none>,<none>
h1-app-5864579b49-7782p,1/1,Running,0,56s,10.244.2.121,kind-worker,<none>,<none>
h1-app-5864579b49-bj9mc,1/1,Running,0,56s,10.244.1.93,kind-worker2,<none>,<none>
h1-app-5864579b49-c67ks,1/1,Running,0,76s,10.244.3.119,kind-worker3,<none>,<none>
h1-app-5864579b49-zwvkr,1/1,Running,0,26s,10.244.3.120,kind-worker3,<none>,<none>
idx,72,LOG_TIME,2023-05-18T15:19:48,2023-05-18T10:19:48,-,-,-,-,-,-
NAME,READY,STATUS,RESTARTS,AGE,IP,NODE,NOMINATED,NODE,READINESS,GATES
h1-app-5864579b49-25gs5,1/1,Running,0,12s,10.244.1.94,kind-worker2,<none>,<none>
h1-app-5864579b49-4kw67,1/1,Running,0,27s,10.244.2.122,kind-worker,<none>,<none>
h1-app-5864579b49-7782p,1/1,Running,0,57s,10.244.2.121,kind-worker,<none>,<none>
h1-app-5864579b49-bj9mc,1/1,Running,0,57s,10.244.1.93,kind-worker2,<none>,<none>
h1-app-5864579b49-c67ks,1/1,Running,0,77s,10.244.3.119,kind-worker3,<none>,<none>
h1-app-5864579b49-zwvkr,1/1,Running,0,27s,10.244.3.120,kind-worker3,<none>,<none>
idx,73,LOG_TIME,2023-05-18T15:19:49,2023-05-18T10:19:49,-,-,-,-,-,-
NAME,READY,STATUS,RESTARTS,AGE,IP,NODE,NOMINATED,NODE,READINESS,GATES
h1-app-5864579b49-25gs5,1/1,Running,0,13s,10.244.1.94,kind-worker2,<none>,<none>
h1-app-5864579b49-4kw67,1/1,Running,0,28s,10.244.2.122,kind-worker,<none>,<none>
h1-app-5864579b49-7782p,1/1,Running,0,58s,10.244.2.121,kind-worker,<none>,<none>
h1-app-5864579b49-bj9mc,1/1,Running,0,58s,10.244.1.93,kind-worker2,<none>,<none>
h1-app-5864579b49-c67ks,1/1,Running,0,78s,10.244.3.119,kind-worker3,<none>,<none>
h1-app-5864579b49-zwvkr,1/1,Running,0,28s,10.244.3.120,kind-worker3,<none>,<none>
idx,74,LOG_TIME,2023-05-18T15:19:50,2023-05-18T10:19:50,-,-,-,-,-,-
NAME,READY,STATUS,RESTARTS,AGE,IP,NODE,NOMINATED,NODE,READINESS,GATES
h1-app-5864579b49-25gs5,1/1,Running,0,14s,10.244.1.94,kind-worker2,<none>,<none>
h1-app-5864579b49-4kw67,1/1,Running,0,29s,10.244.2.122,kind-worker,<none>,<none>
h1-app-5864579b49-7782p,1/1,Running,0,59s,10.244.2.121,kind-worker,<none>,<none>
h1-app-5864579b49-bj9mc,1/1,Running,0,59s,10.244.1.93,kind-worker2,<none>,<none>
h1-app-5864579b49-c67ks,1/1,Running,0,79s,10.244.3.119,kind-worker3,<none>,<none>
h1-app-5864579b49-zwvkr,1/1,Running,0,29s,10.244.3.120,kind-worker3,<none>,<none>
idx,75,LOG_TIME,2023-05-18T15:19:51,2023-05-18T10:19:51,-,-,-,-,-,-
NAME,READY,STATUS,RESTARTS,AGE,IP,NODE,NOMINATED,NODE,READINESS,GATES
h1-app-5864579b49-25gs5,1/1,Running,0,15s,10.244.1.94,kind-worker2,<none>,<none>
h1-app-5864579b49-4kw67,1/1,Running,0,30s,10.244.2.122,kind-worker,<none>,<none>
h1-app-5864579b49-7782p,1/1,Running,0,60s,10.244.2.121,kind-worker,<none>,<none>
h1-app-5864579b49-bj9mc,1/1,Running,0,60s,10.244.1.93,kind-worker2,<none>,<none>
h1-app-5864579b49-c67ks,1/1,Running,0,80s,10.244.3.119,kind-worker3,<none>,<none>
h1-app-5864579b49-zwvkr,1/1,Running,0,30s,10.244.3.120,kind-worker3,<none>,<none>
idx,76,LOG_TIME,2023-05-18T15:19:52,2023-05-18T10:19:52,-,-,-,-,-,-
NAME,READY,STATUS,RESTARTS,AGE,IP,NODE,NOMINATED,NODE,READINESS,GATES
h1-app-5864579b49-25gs5,1/1,Running,0,16s,10.244.1.94,kind-worker2,<none>,<none>
h1-app-5864579b49-4kw67,1/1,Running,0,31s,10.244.2.122,kind-worker,<none>,<none>
h1-app-5864579b49-7782p,1/1,Running,0,61s,10.244.2.121,kind-worker,<none>,<none>
h1-app-5864579b49-bj9mc,1/1,Running,0,61s,10.244.1.93,kind-worker2,<none>,<none>
h1-app-5864579b49-c67ks,1/1,Running,0,81s,10.244.3.119,kind-worker3,<none>,<none>
h1-app-5864579b49-zwvkr,1/1,Running,0,31s,10.244.3.120,kind-worker3,<none>,<none>
idx,77,LOG_TIME,2023-05-18T15:19:53,2023-05-18T10:19:53,-,-,-,-,-,-
NAME,READY,STATUS,RESTARTS,AGE,IP,NODE,NOMINATED,NODE,READINESS,GATES
h1-app-5864579b49-25gs5,1/1,Running,0,17s,10.244.1.94,kind-worker2,<none>,<none>
h1-app-5864579b49-4kw67,1/1,Running,0,32s,10.244.2.122,kind-worker,<none>,<none>
h1-app-5864579b49-7782p,1/1,Running,0,62s,10.244.2.121,kind-worker,<none>,<none>
h1-app-5864579b49-bj9mc,1/1,Running,0,62s,10.244.1.93,kind-worker2,<none>,<none>
h1-app-5864579b49-c67ks,1/1,Running,0,82s,10.244.3.119,kind-worker3,<none>,<none>
h1-app-5864579b49-zwvkr,1/1,Running,0,32s,10.244.3.120,kind-worker3,<none>,<none>
idx,78,LOG_TIME,2023-05-18T15:19:54,2023-05-18T10:19:54,-,-,-,-,-,-
NAME,READY,STATUS,RESTARTS,AGE,IP,NODE,NOMINATED,NODE,READINESS,GATES
h1-app-5864579b49-25gs5,1/1,Running,0,18s,10.244.1.94,kind-worker2,<none>,<none>
h1-app-5864579b49-4kw67,1/1,Running,0,33s,10.244.2.122,kind-worker,<none>,<none>
h1-app-5864579b49-7782p,1/1,Running,0,63s,10.244.2.121,kind-worker,<none>,<none>
h1-app-5864579b49-bj9mc,1/1,Running,0,63s,10.244.1.93,kind-worker2,<none>,<none>
h1-app-5864579b49-c67ks,1/1,Running,0,83s,10.244.3.119,kind-worker3,<none>,<none>
h1-app-5864579b49-zwvkr,1/1,Running,0,33s,10.244.3.120,kind-worker3,<none>,<none>
idx,79,LOG_TIME,2023-05-18T15:19:55,2023-05-18T10:19:55,-,-,-,-,-,-
NAME,READY,STATUS,RESTARTS,AGE,IP,NODE,NOMINATED,NODE,READINESS,GATES
h1-app-5864579b49-25gs5,1/1,Running,0,19s,10.244.1.94,kind-worker2,<none>,<none>
h1-app-5864579b49-4kw67,1/1,Running,0,34s,10.244.2.122,kind-worker,<none>,<none>
h1-app-5864579b49-7782p,1/1,Running,0,64s,10.244.2.121,kind-worker,<none>,<none>
h1-app-5864579b49-bj9mc,1/1,Running,0,64s,10.244.1.93,kind-worker2,<none>,<none>
h1-app-5864579b49-c67ks,1/1,Running,0,84s,10.244.3.119,kind-worker3,<none>,<none>
h1-app-5864579b49-zwvkr,1/1,Running,0,34s,10.244.3.120,kind-worker3,<none>,<none>
idx,80,LOG_TIME,2023-05-18T15:19:56,2023-05-18T10:19:56,-,-,-,-,-,-
NAME,READY,STATUS,RESTARTS,AGE,IP,NODE,NOMINATED,NODE,READINESS,GATES
h1-app-5864579b49-25gs5,1/1,Running,0,20s,10.244.1.94,kind-worker2,<none>,<none>
h1-app-5864579b49-4kw67,1/1,Running,0,35s,10.244.2.122,kind-worker,<none>,<none>
h1-app-5864579b49-7782p,1/1,Running,0,65s,10.244.2.121,kind-worker,<none>,<none>
h1-app-5864579b49-bj9mc,1/1,Running,0,65s,10.244.1.93,kind-worker2,<none>,<none>
h1-app-5864579b49-c67ks,1/1,Running,0,85s,10.244.3.119,kind-worker3,<none>,<none>
h1-app-5864579b49-zwvkr,1/1,Running,0,35s,10.244.3.120,kind-worker3,<none>,<none>
idx,81,LOG_TIME,2023-05-18T15:19:57,2023-05-18T10:19:57,-,-,-,-,-,-
NAME,READY,STATUS,RESTARTS,AGE,IP,NODE,NOMINATED,NODE,READINESS,GATES
h1-app-5864579b49-25gs5,1/1,Running,0,21s,10.244.1.94,kind-worker2,<none>,<none>
h1-app-5864579b49-4kw67,1/1,Running,0,36s,10.244.2.122,kind-worker,<none>,<none>
h1-app-5864579b49-7782p,1/1,Running,0,66s,10.244.2.121,kind-worker,<none>,<none>
h1-app-5864579b49-bj9mc,1/1,Running,0,66s,10.244.1.93,kind-worker2,<none>,<none>
h1-app-5864579b49-c67ks,1/1,Running,0,86s,10.244.3.119,kind-worker3,<none>,<none>
h1-app-5864579b49-zwvkr,1/1,Running,0,36s,10.244.3.120,kind-worker3,<none>,<none>
idx,82,LOG_TIME,2023-05-18T15:19:58,2023-05-18T10:19:58,-,-,-,-,-,-
NAME,READY,STATUS,RESTARTS,AGE,IP,NODE,NOMINATED,NODE,READINESS,GATES
h1-app-5864579b49-25gs5,1/1,Running,0,22s,10.244.1.94,kind-worker2,<none>,<none>
h1-app-5864579b49-4kw67,1/1,Running,0,37s,10.244.2.122,kind-worker,<none>,<none>
h1-app-5864579b49-7782p,1/1,Running,0,67s,10.244.2.121,kind-worker,<none>,<none>
h1-app-5864579b49-bj9mc,1/1,Running,0,67s,10.244.1.93,kind-worker2,<none>,<none>
h1-app-5864579b49-c67ks,1/1,Running,0,87s,10.244.3.119,kind-worker3,<none>,<none>
h1-app-5864579b49-zwvkr,1/1,Running,0,37s,10.244.3.120,kind-worker3,<none>,<none>
idx,83,LOG_TIME,2023-05-18T15:19:59,2023-05-18T10:19:59,-,-,-,-,-,-
NAME,READY,STATUS,RESTARTS,AGE,IP,NODE,NOMINATED,NODE,READINESS,GATES
h1-app-5864579b49-25gs5,1/1,Running,0,23s,10.244.1.94,kind-worker2,<none>,<none>
h1-app-5864579b49-4kw67,1/1,Running,0,38s,10.244.2.122,kind-worker,<none>,<none>
h1-app-5864579b49-7782p,1/1,Running,0,68s,10.244.2.121,kind-worker,<none>,<none>
h1-app-5864579b49-bj9mc,1/1,Running,0,68s,10.244.1.93,kind-worker2,<none>,<none>
h1-app-5864579b49-c67ks,1/1,Running,0,88s,10.244.3.119,kind-worker3,<none>,<none>
h1-app-5864579b49-zwvkr,1/1,Running,0,38s,10.244.3.120,kind-worker3,<none>,<none>
idx,84,LOG_TIME,2023-05-18T15:20:00,2023-05-18T10:20:00,-,-,-,-,-,-
NAME,READY,STATUS,RESTARTS,AGE,IP,NODE,NOMINATED,NODE,READINESS,GATES
h1-app-5864579b49-25gs5,1/1,Running,0,24s,10.244.1.94,kind-worker2,<none>,<none>
h1-app-5864579b49-4kw67,1/1,Running,0,39s,10.244.2.122,kind-worker,<none>,<none>
h1-app-5864579b49-7782p,1/1,Running,0,69s,10.244.2.121,kind-worker,<none>,<none>
h1-app-5864579b49-bj9mc,1/1,Running,0,69s,10.244.1.93,kind-worker2,<none>,<none>
h1-app-5864579b49-c67ks,1/1,Running,0,89s,10.244.3.119,kind-worker3,<none>,<none>
h1-app-5864579b49-zwvkr,1/1,Running,0,39s,10.244.3.120,kind-worker3,<none>,<none>
idx,85,LOG_TIME,2023-05-18T15:20:01,2023-05-18T10:20:01,-,-,-,-,-,-
NAME,READY,STATUS,RESTARTS,AGE,IP,NODE,NOMINATED,NODE,READINESS,GATES
h1-app-5864579b49-25gs5,1/1,Running,0,25s,10.244.1.94,kind-worker2,<none>,<none>
h1-app-5864579b49-4kw67,1/1,Running,0,40s,10.244.2.122,kind-worker,<none>,<none>
h1-app-5864579b49-7782p,1/1,Running,0,70s,10.244.2.121,kind-worker,<none>,<none>
h1-app-5864579b49-bj9mc,1/1,Running,0,70s,10.244.1.93,kind-worker2,<none>,<none>
h1-app-5864579b49-c67ks,1/1,Running,0,90s,10.244.3.119,kind-worker3,<none>,<none>
h1-app-5864579b49-zwvkr,1/1,Running,0,40s,10.244.3.120,kind-worker3,<none>,<none>
idx,86,LOG_TIME,2023-05-18T15:20:02,2023-05-18T10:20:02,-,-,-,-,-,-
NAME,READY,STATUS,RESTARTS,AGE,IP,NODE,NOMINATED,NODE,READINESS,GATES
h1-app-5864579b49-25gs5,1/1,Running,0,26s,10.244.1.94,kind-worker2,<none>,<none>
h1-app-5864579b49-4kw67,1/1,Running,0,41s,10.244.2.122,kind-worker,<none>,<none>
h1-app-5864579b49-7782p,1/1,Running,0,71s,10.244.2.121,kind-worker,<none>,<none>
h1-app-5864579b49-bj9mc,1/1,Running,0,71s,10.244.1.93,kind-worker2,<none>,<none>
h1-app-5864579b49-c67ks,1/1,Running,0,91s,10.244.3.119,kind-worker3,<none>,<none>
h1-app-5864579b49-zwvkr,1/1,Running,0,41s,10.244.3.120,kind-worker3,<none>,<none>
idx,87,LOG_TIME,2023-05-18T15:20:03,2023-05-18T10:20:03,-,-,-,-,-,-
NAME,READY,STATUS,RESTARTS,AGE,IP,NODE,NOMINATED,NODE,READINESS,GATES
h1-app-5864579b49-25gs5,1/1,Running,0,27s,10.244.1.94,kind-worker2,<none>,<none>
h1-app-5864579b49-4kw67,1/1,Running,0,42s,10.244.2.122,kind-worker,<none>,<none>
h1-app-5864579b49-7782p,1/1,Running,0,72s,10.244.2.121,kind-worker,<none>,<none>
h1-app-5864579b49-bj9mc,1/1,Running,0,72s,10.244.1.93,kind-worker2,<none>,<none>
h1-app-5864579b49-c67ks,1/1,Running,0,92s,10.244.3.119,kind-worker3,<none>,<none>
h1-app-5864579b49-zwvkr,1/1,Running,0,42s,10.244.3.120,kind-worker3,<none>,<none>
idx,88,LOG_TIME,2023-05-18T15:20:04,2023-05-18T10:20:04,-,-,-,-,-,-
NAME,READY,STATUS,RESTARTS,AGE,IP,NODE,NOMINATED,NODE,READINESS,GATES
h1-app-5864579b49-25gs5,1/1,Running,0,28s,10.244.1.94,kind-worker2,<none>,<none>
h1-app-5864579b49-4kw67,1/1,Running,0,43s,10.244.2.122,kind-worker,<none>,<none>
h1-app-5864579b49-7782p,1/1,Running,0,73s,10.244.2.121,kind-worker,<none>,<none>
h1-app-5864579b49-bj9mc,1/1,Running,0,73s,10.244.1.93,kind-worker2,<none>,<none>
h1-app-5864579b49-c67ks,1/1,Running,0,93s,10.244.3.119,kind-worker3,<none>,<none>
h1-app-5864579b49-zwvkr,1/1,Running,0,43s,10.244.3.120,kind-worker3,<none>,<none>
idx,89,LOG_TIME,2023-05-18T15:20:05,2023-05-18T10:20:05,-,-,-,-,-,-
NAME,READY,STATUS,RESTARTS,AGE,IP,NODE,NOMINATED,NODE,READINESS,GATES
h1-app-5864579b49-25gs5,1/1,Running,0,29s,10.244.1.94,kind-worker2,<none>,<none>
h1-app-5864579b49-4kw67,1/1,Running,0,44s,10.244.2.122,kind-worker,<none>,<none>
h1-app-5864579b49-7782p,1/1,Running,0,74s,10.244.2.121,kind-worker,<none>,<none>
h1-app-5864579b49-bj9mc,1/1,Running,0,74s,10.244.1.93,kind-worker2,<none>,<none>
h1-app-5864579b49-c67ks,1/1,Running,0,94s,10.244.3.119,kind-worker3,<none>,<none>
h1-app-5864579b49-zwvkr,1/1,Running,0,44s,10.244.3.120,kind-worker3,<none>,<none>
idx,90,LOG_TIME,2023-05-18T15:20:06,2023-05-18T10:20:06,-,-,-,-,-,-
NAME,READY,STATUS,RESTARTS,AGE,IP,NODE,NOMINATED,NODE,READINESS,GATES
h1-app-5864579b49-25gs5,1/1,Running,0,30s,10.244.1.94,kind-worker2,<none>,<none>
h1-app-5864579b49-4kw67,1/1,Running,0,45s,10.244.2.122,kind-worker,<none>,<none>
h1-app-5864579b49-7782p,1/1,Running,0,75s,10.244.2.121,kind-worker,<none>,<none>
h1-app-5864579b49-bj9mc,1/1,Running,0,75s,10.244.1.93,kind-worker2,<none>,<none>
h1-app-5864579b49-c67ks,1/1,Running,0,95s,10.244.3.119,kind-worker3,<none>,<none>
h1-app-5864579b49-zwvkr,1/1,Running,0,45s,10.244.3.120,kind-worker3,<none>,<none>
idx,91,LOG_TIME,2023-05-18T15:20:07,2023-05-18T10:20:07,-,-,-,-,-,-
NAME,READY,STATUS,RESTARTS,AGE,IP,NODE,NOMINATED,NODE,READINESS,GATES
h1-app-5864579b49-25gs5,1/1,Running,0,31s,10.244.1.94,kind-worker2,<none>,<none>
h1-app-5864579b49-4kw67,1/1,Running,0,46s,10.244.2.122,kind-worker,<none>,<none>
h1-app-5864579b49-7782p,1/1,Running,0,76s,10.244.2.121,kind-worker,<none>,<none>
h1-app-5864579b49-bj9mc,1/1,Running,0,76s,10.244.1.93,kind-worker2,<none>,<none>
h1-app-5864579b49-c67ks,1/1,Running,0,96s,10.244.3.119,kind-worker3,<none>,<none>
h1-app-5864579b49-zwvkr,1/1,Running,0,46s,10.244.3.120,kind-worker3,<none>,<none>
idx,92,LOG_TIME,2023-05-18T15:20:08,2023-05-18T10:20:08,-,-,-,-,-,-
NAME,READY,STATUS,RESTARTS,AGE,IP,NODE,NOMINATED,NODE,READINESS,GATES
h1-app-5864579b49-25gs5,1/1,Running,0,32s,10.244.1.94,kind-worker2,<none>,<none>
h1-app-5864579b49-4kw67,1/1,Running,0,47s,10.244.2.122,kind-worker,<none>,<none>
h1-app-5864579b49-7782p,1/1,Running,0,77s,10.244.2.121,kind-worker,<none>,<none>
h1-app-5864579b49-bj9mc,1/1,Running,0,77s,10.244.1.93,kind-worker2,<none>,<none>
h1-app-5864579b49-c67ks,1/1,Running,0,97s,10.244.3.119,kind-worker3,<none>,<none>
h1-app-5864579b49-zwvkr,1/1,Running,0,47s,10.244.3.120,kind-worker3,<none>,<none>
idx,93,LOG_TIME,2023-05-18T15:20:09,2023-05-18T10:20:09,-,-,-,-,-,-
NAME,READY,STATUS,RESTARTS,AGE,IP,NODE,NOMINATED,NODE,READINESS,GATES
h1-app-5864579b49-25gs5,1/1,Running,0,33s,10.244.1.94,kind-worker2,<none>,<none>
h1-app-5864579b49-4kw67,1/1,Running,0,48s,10.244.2.122,kind-worker,<none>,<none>
h1-app-5864579b49-7782p,1/1,Running,0,78s,10.244.2.121,kind-worker,<none>,<none>
h1-app-5864579b49-bj9mc,1/1,Running,0,78s,10.244.1.93,kind-worker2,<none>,<none>
h1-app-5864579b49-c67ks,1/1,Running,0,98s,10.244.3.119,kind-worker3,<none>,<none>
h1-app-5864579b49-zwvkr,1/1,Running,0,48s,10.244.3.120,kind-worker3,<none>,<none>
idx,94,LOG_TIME,2023-05-18T15:20:10,2023-05-18T10:20:10,-,-,-,-,-,-
NAME,READY,STATUS,RESTARTS,AGE,IP,NODE,NOMINATED,NODE,READINESS,GATES
h1-app-5864579b49-25gs5,1/1,Running,0,34s,10.244.1.94,kind-worker2,<none>,<none>
h1-app-5864579b49-4kw67,1/1,Running,0,49s,10.244.2.122,kind-worker,<none>,<none>
h1-app-5864579b49-7782p,1/1,Running,0,79s,10.244.2.121,kind-worker,<none>,<none>
h1-app-5864579b49-bj9mc,1/1,Running,0,79s,10.244.1.93,kind-worker2,<none>,<none>
h1-app-5864579b49-c67ks,1/1,Running,0,99s,10.244.3.119,kind-worker3,<none>,<none>
h1-app-5864579b49-zwvkr,1/1,Running,0,49s,10.244.3.120,kind-worker3,<none>,<none>
idx,95,LOG_TIME,2023-05-18T15:20:11,2023-05-18T10:20:11,-,-,-,-,-,-
NAME,READY,STATUS,RESTARTS,AGE,IP,NODE,NOMINATED,NODE,READINESS,GATES
h1-app-5864579b49-25gs5,1/1,Running,0,35s,10.244.1.94,kind-worker2,<none>,<none>
h1-app-5864579b49-4kw67,1/1,Running,0,50s,10.244.2.122,kind-worker,<none>,<none>
h1-app-5864579b49-7782p,1/1,Running,0,80s,10.244.2.121,kind-worker,<none>,<none>
h1-app-5864579b49-bj9mc,1/1,Running,0,80s,10.244.1.93,kind-worker2,<none>,<none>
h1-app-5864579b49-c67ks,1/1,Running,0,100s,10.244.3.119,kind-worker3,<none>,<none>
h1-app-5864579b49-zwvkr,1/1,Running,0,50s,10.244.3.120,kind-worker3,<none>,<none>
idx,96,LOG_TIME,2023-05-18T15:20:12,2023-05-18T10:20:12,-,-,-,-,-,-
NAME,READY,STATUS,RESTARTS,AGE,IP,NODE,NOMINATED,NODE,READINESS,GATES
h1-app-5864579b49-25gs5,1/1,Running,0,36s,10.244.1.94,kind-worker2,<none>,<none>
h1-app-5864579b49-4kw67,1/1,Running,0,51s,10.244.2.122,kind-worker,<none>,<none>
h1-app-5864579b49-7782p,1/1,Running,0,81s,10.244.2.121,kind-worker,<none>,<none>
h1-app-5864579b49-bj9mc,1/1,Running,0,81s,10.244.1.93,kind-worker2,<none>,<none>
h1-app-5864579b49-c67ks,1/1,Running,0,101s,10.244.3.119,kind-worker3,<none>,<none>
h1-app-5864579b49-zwvkr,1/1,Running,0,51s,10.244.3.120,kind-worker3,<none>,<none>
idx,97,LOG_TIME,2023-05-18T15:20:13,2023-05-18T10:20:13,-,-,-,-,-,-
NAME,READY,STATUS,RESTARTS,AGE,IP,NODE,NOMINATED,NODE,READINESS,GATES
h1-app-5864579b49-25gs5,1/1,Running,0,37s,10.244.1.94,kind-worker2,<none>,<none>
h1-app-5864579b49-4kw67,1/1,Running,0,52s,10.244.2.122,kind-worker,<none>,<none>
h1-app-5864579b49-7782p,1/1,Running,0,82s,10.244.2.121,kind-worker,<none>,<none>
h1-app-5864579b49-bj9mc,1/1,Running,0,82s,10.244.1.93,kind-worker2,<none>,<none>
h1-app-5864579b49-c67ks,1/1,Running,0,102s,10.244.3.119,kind-worker3,<none>,<none>
h1-app-5864579b49-zwvkr,1/1,Running,0,52s,10.244.3.120,kind-worker3,<none>,<none>
idx,98,LOG_TIME,2023-05-18T15:20:14,2023-05-18T10:20:14,-,-,-,-,-,-
NAME,READY,STATUS,RESTARTS,AGE,IP,NODE,NOMINATED,NODE,READINESS,GATES
h1-app-5864579b49-25gs5,1/1,Running,0,38s,10.244.1.94,kind-worker2,<none>,<none>
h1-app-5864579b49-4kw67,1/1,Running,0,53s,10.244.2.122,kind-worker,<none>,<none>
h1-app-5864579b49-7782p,1/1,Running,0,83s,10.244.2.121,kind-worker,<none>,<none>
h1-app-5864579b49-bj9mc,1/1,Running,0,83s,10.244.1.93,kind-worker2,<none>,<none>
h1-app-5864579b49-c67ks,1/1,Running,0,103s,10.244.3.119,kind-worker3,<none>,<none>
h1-app-5864579b49-zwvkr,1/1,Running,0,53s,10.244.3.120,kind-worker3,<none>,<none>
idx,99,LOG_TIME,2023-05-18T15:20:15,2023-05-18T10:20:15,-,-,-,-,-,-
NAME,READY,STATUS,RESTARTS,AGE,IP,NODE,NOMINATED,NODE,READINESS,GATES
h1-app-5864579b49-25gs5,1/1,Running,0,39s,10.244.1.94,kind-worker2,<none>,<none>
h1-app-5864579b49-4kw67,1/1,Running,0,54s,10.244.2.122,kind-worker,<none>,<none>
h1-app-5864579b49-7782p,1/1,Running,0,84s,10.244.2.121,kind-worker,<none>,<none>
h1-app-5864579b49-bj9mc,1/1,Running,0,84s,10.244.1.93,kind-worker2,<none>,<none>
h1-app-5864579b49-c67ks,1/1,Running,0,104s,10.244.3.119,kind-worker3,<none>,<none>
h1-app-5864579b49-zwvkr,1/1,Running,0,54s,10.244.3.120,kind-worker3,<none>,<none>
idx,100,LOG_TIME,2023-05-18T15:20:16,2023-05-18T10:20:16,-,-,-,-,-,-
NAME,READY,STATUS,RESTARTS,AGE,IP,NODE,NOMINATED,NODE,READINESS,GATES
h1-app-5864579b49-25gs5,1/1,Running,0,40s,10.244.1.94,kind-worker2,<none>,<none>
h1-app-5864579b49-4kw67,1/1,Running,0,55s,10.244.2.122,kind-worker,<none>,<none>
h1-app-5864579b49-7782p,1/1,Running,0,85s,10.244.2.121,kind-worker,<none>,<none>
h1-app-5864579b49-bj9mc,1/1,Running,0,85s,10.244.1.93,kind-worker2,<none>,<none>
h1-app-5864579b49-c67ks,1/1,Running,0,105s,10.244.3.119,kind-worker3,<none>,<none>
h1-app-5864579b49-zwvkr,1/1,Running,0,55s,10.244.3.120,kind-worker3,<none>,<none>
idx,101,LOG_TIME,2023-05-18T15:20:17,2023-05-18T10:20:17,-,-,-,-,-,-
NAME,READY,STATUS,RESTARTS,AGE,IP,NODE,NOMINATED,NODE,READINESS,GATES
h1-app-5864579b49-25gs5,1/1,Running,0,41s,10.244.1.94,kind-worker2,<none>,<none>
h1-app-5864579b49-4kw67,1/1,Running,0,56s,10.244.2.122,kind-worker,<none>,<none>
h1-app-5864579b49-7782p,1/1,Running,0,86s,10.244.2.121,kind-worker,<none>,<none>
h1-app-5864579b49-bj9mc,1/1,Running,0,86s,10.244.1.93,kind-worker2,<none>,<none>
h1-app-5864579b49-c67ks,1/1,Running,0,106s,10.244.3.119,kind-worker3,<none>,<none>
h1-app-5864579b49-zwvkr,1/1,Running,0,56s,10.244.3.120,kind-worker3,<none>,<none>
idx,102,LOG_TIME,2023-05-18T15:20:18,2023-05-18T10:20:18,-,-,-,-,-,-
NAME,READY,STATUS,RESTARTS,AGE,IP,NODE,NOMINATED,NODE,READINESS,GATES
h1-app-5864579b49-25gs5,1/1,Running,0,42s,10.244.1.94,kind-worker2,<none>,<none>
h1-app-5864579b49-4kw67,1/1,Running,0,57s,10.244.2.122,kind-worker,<none>,<none>
h1-app-5864579b49-7782p,1/1,Running,0,87s,10.244.2.121,kind-worker,<none>,<none>
h1-app-5864579b49-bj9mc,1/1,Running,0,87s,10.244.1.93,kind-worker2,<none>,<none>
h1-app-5864579b49-c67ks,1/1,Running,0,107s,10.244.3.119,kind-worker3,<none>,<none>
h1-app-5864579b49-zwvkr,1/1,Running,0,57s,10.244.3.120,kind-worker3,<none>,<none>
idx,103,LOG_TIME,2023-05-18T15:20:19,2023-05-18T10:20:19,-,-,-,-,-,-
NAME,READY,STATUS,RESTARTS,AGE,IP,NODE,NOMINATED,NODE,READINESS,GATES
h1-app-5864579b49-25gs5,1/1,Running,0,43s,10.244.1.94,kind-worker2,<none>,<none>
h1-app-5864579b49-4kw67,1/1,Running,0,58s,10.244.2.122,kind-worker,<none>,<none>
h1-app-5864579b49-7782p,1/1,Running,0,88s,10.244.2.121,kind-worker,<none>,<none>
h1-app-5864579b49-bj9mc,1/1,Running,0,88s,10.244.1.93,kind-worker2,<none>,<none>
h1-app-5864579b49-c67ks,1/1,Running,0,108s,10.244.3.119,kind-worker3,<none>,<none>
h1-app-5864579b49-zwvkr,1/1,Running,0,58s,10.244.3.120,kind-worker3,<none>,<none>
idx,104,LOG_TIME,2023-05-18T15:20:20,2023-05-18T10:20:20,-,-,-,-,-,-
NAME,READY,STATUS,RESTARTS,AGE,IP,NODE,NOMINATED,NODE,READINESS,GATES
h1-app-5864579b49-25gs5,1/1,Running,0,44s,10.244.1.94,kind-worker2,<none>,<none>
h1-app-5864579b49-4kw67,1/1,Running,0,59s,10.244.2.122,kind-worker,<none>,<none>
h1-app-5864579b49-7782p,1/1,Running,0,89s,10.244.2.121,kind-worker,<none>,<none>
h1-app-5864579b49-bj9mc,1/1,Running,0,89s,10.244.1.93,kind-worker2,<none>,<none>
h1-app-5864579b49-c67ks,1/1,Running,0,109s,10.244.3.119,kind-worker3,<none>,<none>
h1-app-5864579b49-zwvkr,1/1,Running,0,59s,10.244.3.120,kind-worker3,<none>,<none>
idx,105,LOG_TIME,2023-05-18T15:20:21,2023-05-18T10:20:21,-,-,-,-,-,-
NAME,READY,STATUS,RESTARTS,AGE,IP,NODE,NOMINATED,NODE,READINESS,GATES
h1-app-5864579b49-25gs5,1/1,Running,0,45s,10.244.1.94,kind-worker2,<none>,<none>
h1-app-5864579b49-4kw67,1/1,Running,0,60s,10.244.2.122,kind-worker,<none>,<none>
h1-app-5864579b49-7782p,1/1,Running,0,90s,10.244.2.121,kind-worker,<none>,<none>
h1-app-5864579b49-bj9mc,1/1,Running,0,90s,10.244.1.93,kind-worker2,<none>,<none>
h1-app-5864579b49-c67ks,1/1,Running,0,110s,10.244.3.119,kind-worker3,<none>,<none>
h1-app-5864579b49-zwvkr,1/1,Running,0,60s,10.244.3.120,kind-worker3,<none>,<none>
idx,106,LOG_TIME,2023-05-18T15:20:22,2023-05-18T10:20:22,-,-,-,-,-,-
NAME,READY,STATUS,RESTARTS,AGE,IP,NODE,NOMINATED,NODE,READINESS,GATES
h1-app-5864579b49-25gs5,1/1,Running,0,46s,10.244.1.94,kind-worker2,<none>,<none>
h1-app-5864579b49-4kw67,1/1,Running,0,61s,10.244.2.122,kind-worker,<none>,<none>
h1-app-5864579b49-7782p,1/1,Running,0,91s,10.244.2.121,kind-worker,<none>,<none>
h1-app-5864579b49-bj9mc,1/1,Running,0,91s,10.244.1.93,kind-worker2,<none>,<none>
h1-app-5864579b49-c67ks,1/1,Running,0,111s,10.244.3.119,kind-worker3,<none>,<none>
h1-app-5864579b49-zwvkr,1/1,Running,0,61s,10.244.3.120,kind-worker3,<none>,<none>
idx,107,LOG_TIME,2023-05-18T15:20:23,2023-05-18T10:20:23,-,-,-,-,-,-
NAME,READY,STATUS,RESTARTS,AGE,IP,NODE,NOMINATED,NODE,READINESS,GATES
h1-app-5864579b49-25gs5,1/1,Running,0,47s,10.244.1.94,kind-worker2,<none>,<none>
h1-app-5864579b49-4kw67,1/1,Running,0,62s,10.244.2.122,kind-worker,<none>,<none>
h1-app-5864579b49-7782p,1/1,Running,0,92s,10.244.2.121,kind-worker,<none>,<none>
h1-app-5864579b49-bj9mc,1/1,Running,0,92s,10.244.1.93,kind-worker2,<none>,<none>
h1-app-5864579b49-c67ks,1/1,Running,0,112s,10.244.3.119,kind-worker3,<none>,<none>
h1-app-5864579b49-zwvkr,1/1,Running,0,62s,10.244.3.120,kind-worker3,<none>,<none>
idx,108,LOG_TIME,2023-05-18T15:20:24,2023-05-18T10:20:24,-,-,-,-,-,-
NAME,READY,STATUS,RESTARTS,AGE,IP,NODE,NOMINATED,NODE,READINESS,GATES
h1-app-5864579b49-25gs5,1/1,Running,0,48s,10.244.1.94,kind-worker2,<none>,<none>
h1-app-5864579b49-4kw67,1/1,Running,0,63s,10.244.2.122,kind-worker,<none>,<none>
h1-app-5864579b49-7782p,1/1,Running,0,93s,10.244.2.121,kind-worker,<none>,<none>
h1-app-5864579b49-bj9mc,1/1,Running,0,93s,10.244.1.93,kind-worker2,<none>,<none>
h1-app-5864579b49-c67ks,1/1,Running,0,113s,10.244.3.119,kind-worker3,<none>,<none>
h1-app-5864579b49-zwvkr,1/1,Running,0,63s,10.244.3.120,kind-worker3,<none>,<none>
idx,109,LOG_TIME,2023-05-18T15:20:25,2023-05-18T10:20:25,-,-,-,-,-,-
NAME,READY,STATUS,RESTARTS,AGE,IP,NODE,NOMINATED,NODE,READINESS,GATES
h1-app-5864579b49-25gs5,1/1,Running,0,49s,10.244.1.94,kind-worker2,<none>,<none>
h1-app-5864579b49-4kw67,1/1,Running,0,64s,10.244.2.122,kind-worker,<none>,<none>
h1-app-5864579b49-7782p,1/1,Running,0,94s,10.244.2.121,kind-worker,<none>,<none>
h1-app-5864579b49-bj9mc,1/1,Running,0,94s,10.244.1.93,kind-worker2,<none>,<none>
h1-app-5864579b49-c67ks,1/1,Running,0,114s,10.244.3.119,kind-worker3,<none>,<none>
h1-app-5864579b49-zwvkr,1/1,Running,0,64s,10.244.3.120,kind-worker3,<none>,<none>
idx,110,LOG_TIME,2023-05-18T15:20:26,2023-05-18T10:20:26,-,-,-,-,-,-
NAME,READY,STATUS,RESTARTS,AGE,IP,NODE,NOMINATED,NODE,READINESS,GATES
h1-app-5864579b49-25gs5,1/1,Running,0,50s,10.244.1.94,kind-worker2,<none>,<none>
h1-app-5864579b49-4kw67,1/1,Running,0,65s,10.244.2.122,kind-worker,<none>,<none>
h1-app-5864579b49-7782p,1/1,Running,0,95s,10.244.2.121,kind-worker,<none>,<none>
h1-app-5864579b49-bj9mc,1/1,Running,0,95s,10.244.1.93,kind-worker2,<none>,<none>
h1-app-5864579b49-c67ks,1/1,Running,0,115s,10.244.3.119,kind-worker3,<none>,<none>
h1-app-5864579b49-zwvkr,1/1,Running,0,65s,10.244.3.120,kind-worker3,<none>,<none>
idx,111,LOG_TIME,2023-05-18T15:20:27,2023-05-18T10:20:27,-,-,-,-,-,-
NAME,READY,STATUS,RESTARTS,AGE,IP,NODE,NOMINATED,NODE,READINESS,GATES
h1-app-5864579b49-25gs5,1/1,Running,0,52s,10.244.1.94,kind-worker2,<none>,<none>
h1-app-5864579b49-4kw67,1/1,Running,0,67s,10.244.2.122,kind-worker,<none>,<none>
h1-app-5864579b49-7782p,1/1,Running,0,97s,10.244.2.121,kind-worker,<none>,<none>
h1-app-5864579b49-bj9mc,1/1,Running,0,97s,10.244.1.93,kind-worker2,<none>,<none>
h1-app-5864579b49-c67ks,1/1,Running,0,117s,10.244.3.119,kind-worker3,<none>,<none>
h1-app-5864579b49-zwvkr,1/1,Running,0,67s,10.244.3.120,kind-worker3,<none>,<none>
idx,112,LOG_TIME,2023-05-18T15:20:28,2023-05-18T10:20:28,-,-,-,-,-,-
NAME,READY,STATUS,RESTARTS,AGE,IP,NODE,NOMINATED,NODE,READINESS,GATES
h1-app-5864579b49-25gs5,1/1,Running,0,53s,10.244.1.94,kind-worker2,<none>,<none>
h1-app-5864579b49-4kw67,1/1,Running,0,68s,10.244.2.122,kind-worker,<none>,<none>
h1-app-5864579b49-7782p,1/1,Running,0,98s,10.244.2.121,kind-worker,<none>,<none>
h1-app-5864579b49-bj9mc,1/1,Running,0,98s,10.244.1.93,kind-worker2,<none>,<none>
h1-app-5864579b49-c67ks,1/1,Running,0,118s,10.244.3.119,kind-worker3,<none>,<none>
h1-app-5864579b49-zwvkr,1/1,Running,0,68s,10.244.3.120,kind-worker3,<none>,<none>
idx,113,LOG_TIME,2023-05-18T15:20:29,2023-05-18T10:20:29,-,-,-,-,-,-
NAME,READY,STATUS,RESTARTS,AGE,IP,NODE,NOMINATED,NODE,READINESS,GATES
h1-app-5864579b49-25gs5,1/1,Running,0,54s,10.244.1.94,kind-worker2,<none>,<none>
h1-app-5864579b49-4kw67,1/1,Running,0,69s,10.244.2.122,kind-worker,<none>,<none>
h1-app-5864579b49-7782p,1/1,Running,0,99s,10.244.2.121,kind-worker,<none>,<none>
h1-app-5864579b49-bj9mc,1/1,Running,0,99s,10.244.1.93,kind-worker2,<none>,<none>
h1-app-5864579b49-c67ks,1/1,Running,0,119s,10.244.3.119,kind-worker3,<none>,<none>
h1-app-5864579b49-zwvkr,1/1,Running,0,69s,10.244.3.120,kind-worker3,<none>,<none>
idx,114,LOG_TIME,2023-05-18T15:20:30,2023-05-18T10:20:30,-,-,-,-,-,-
NAME,READY,STATUS,RESTARTS,AGE,IP,NODE,NOMINATED,NODE,READINESS,GATES
h1-app-5864579b49-25gs5,1/1,Running,0,55s,10.244.1.94,kind-worker2,<none>,<none>
h1-app-5864579b49-4kw67,1/1,Running,0,70s,10.244.2.122,kind-worker,<none>,<none>
h1-app-5864579b49-7782p,1/1,Running,0,100s,10.244.2.121,kind-worker,<none>,<none>
h1-app-5864579b49-bj9mc,1/1,Running,0,100s,10.244.1.93,kind-worker2,<none>,<none>
h1-app-5864579b49-c67ks,1/1,Running,0,2m,10.244.3.119,kind-worker3,<none>,<none>
h1-app-5864579b49-zwvkr,1/1,Running,0,70s,10.244.3.120,kind-worker3,<none>,<none>
idx,115,LOG_TIME,2023-05-18T15:20:31,2023-05-18T10:20:31,-,-,-,-,-,-
NAME,READY,STATUS,RESTARTS,AGE,IP,NODE,NOMINATED,NODE,READINESS,GATES
h1-app-5864579b49-25gs5,1/1,Running,0,56s,10.244.1.94,kind-worker2,<none>,<none>
h1-app-5864579b49-4kw67,1/1,Running,0,71s,10.244.2.122,kind-worker,<none>,<none>
h1-app-5864579b49-7782p,1/1,Running,0,101s,10.244.2.121,kind-worker,<none>,<none>
h1-app-5864579b49-bj9mc,1/1,Running,0,101s,10.244.1.93,kind-worker2,<none>,<none>
h1-app-5864579b49-c67ks,1/1,Running,0,2m1s,10.244.3.119,kind-worker3,<none>,<none>
h1-app-5864579b49-zwvkr,1/1,Running,0,71s,10.244.3.120,kind-worker3,<none>,<none>
idx,116,LOG_TIME,2023-05-18T15:20:32,2023-05-18T10:20:32,-,-,-,-,-,-
NAME,READY,STATUS,RESTARTS,AGE,IP,NODE,NOMINATED,NODE,READINESS,GATES
h1-app-5864579b49-25gs5,1/1,Running,0,57s,10.244.1.94,kind-worker2,<none>,<none>
h1-app-5864579b49-4kw67,1/1,Running,0,72s,10.244.2.122,kind-worker,<none>,<none>
h1-app-5864579b49-7782p,1/1,Running,0,102s,10.244.2.121,kind-worker,<none>,<none>
h1-app-5864579b49-bj9mc,1/1,Running,0,102s,10.244.1.93,kind-worker2,<none>,<none>
h1-app-5864579b49-c67ks,1/1,Running,0,2m2s,10.244.3.119,kind-worker3,<none>,<none>
h1-app-5864579b49-zwvkr,1/1,Running,0,72s,10.244.3.120,kind-worker3,<none>,<none>
idx,117,LOG_TIME,2023-05-18T15:20:33,2023-05-18T10:20:33,-,-,-,-,-,-
NAME,READY,STATUS,RESTARTS,AGE,IP,NODE,NOMINATED,NODE,READINESS,GATES
h1-app-5864579b49-25gs5,1/1,Running,0,58s,10.244.1.94,kind-worker2,<none>,<none>
h1-app-5864579b49-4kw67,1/1,Running,0,73s,10.244.2.122,kind-worker,<none>,<none>
h1-app-5864579b49-7782p,1/1,Running,0,103s,10.244.2.121,kind-worker,<none>,<none>
h1-app-5864579b49-bj9mc,1/1,Running,0,103s,10.244.1.93,kind-worker2,<none>,<none>
h1-app-5864579b49-c67ks,1/1,Running,0,2m3s,10.244.3.119,kind-worker3,<none>,<none>
h1-app-5864579b49-zwvkr,1/1,Running,0,73s,10.244.3.120,kind-worker3,<none>,<none>
idx,118,LOG_TIME,2023-05-18T15:20:34,2023-05-18T10:20:34,-,-,-,-,-,-
NAME,READY,STATUS,RESTARTS,AGE,IP,NODE,NOMINATED,NODE,READINESS,GATES
h1-app-5864579b49-25gs5,1/1,Running,0,59s,10.244.1.94,kind-worker2,<none>,<none>
h1-app-5864579b49-4kw67,1/1,Running,0,74s,10.244.2.122,kind-worker,<none>,<none>
h1-app-5864579b49-7782p,1/1,Running,0,104s,10.244.2.121,kind-worker,<none>,<none>
h1-app-5864579b49-bj9mc,1/1,Running,0,104s,10.244.1.93,kind-worker2,<none>,<none>
h1-app-5864579b49-c67ks,1/1,Running,0,2m4s,10.244.3.119,kind-worker3,<none>,<none>
h1-app-5864579b49-zwvkr,1/1,Running,0,74s,10.244.3.120,kind-worker3,<none>,<none>
idx,119,LOG_TIME,2023-05-18T15:20:35,2023-05-18T10:20:35,-,-,-,-,-,-
NAME,READY,STATUS,RESTARTS,AGE,IP,NODE,NOMINATED,NODE,READINESS,GATES
h1-app-5864579b49-25gs5,1/1,Running,0,60s,10.244.1.94,kind-worker2,<none>,<none>
h1-app-5864579b49-4kw67,1/1,Running,0,75s,10.244.2.122,kind-worker,<none>,<none>
h1-app-5864579b49-7782p,1/1,Running,0,105s,10.244.2.121,kind-worker,<none>,<none>
h1-app-5864579b49-bj9mc,1/1,Running,0,105s,10.244.1.93,kind-worker2,<none>,<none>
h1-app-5864579b49-c67ks,1/1,Running,0,2m5s,10.244.3.119,kind-worker3,<none>,<none>
h1-app-5864579b49-zwvkr,1/1,Running,0,75s,10.244.3.120,kind-worker3,<none>,<none>
idx,120,LOG_TIME,2023-05-18T15:20:36,2023-05-18T10:20:36,-,-,-,-,-,-
NAME,READY,STATUS,RESTARTS,AGE,IP,NODE,NOMINATED,NODE,READINESS,GATES
h1-app-5864579b49-25gs5,1/1,Terminating,0,61s,10.244.1.94,kind-worker2,<none>,<none>
h1-app-5864579b49-4kw67,1/1,Running,0,76s,10.244.2.122,kind-worker,<none>,<none>
h1-app-5864579b49-7782p,1/1,Running,0,106s,10.244.2.121,kind-worker,<none>,<none>
h1-app-5864579b49-bj9mc,1/1,Terminating,0,106s,10.244.1.93,kind-worker2,<none>,<none>
h1-app-5864579b49-c67ks,1/1,Running,0,2m6s,10.244.3.119,kind-worker3,<none>,<none>
h1-app-5864579b49-zwvkr,1/1,Terminating,0,76s,10.244.3.120,kind-worker3,<none>,<none>
idx,121,LOG_TIME,2023-05-18T15:20:38,2023-05-18T10:20:38,-,-,-,-,-,-
NAME,READY,STATUS,RESTARTS,AGE,IP,NODE,NOMINATED,NODE,READINESS,GATES
h1-app-5864579b49-25gs5,1/1,Terminating,0,62s,10.244.1.94,kind-worker2,<none>,<none>
h1-app-5864579b49-4kw67,1/1,Running,0,77s,10.244.2.122,kind-worker,<none>,<none>
h1-app-5864579b49-7782p,1/1,Running,0,107s,10.244.2.121,kind-worker,<none>,<none>
h1-app-5864579b49-bj9mc,1/1,Terminating,0,107s,10.244.1.93,kind-worker2,<none>,<none>
h1-app-5864579b49-c67ks,1/1,Running,0,2m7s,10.244.3.119,kind-worker3,<none>,<none>
h1-app-5864579b49-zwvkr,1/1,Terminating,0,77s,10.244.3.120,kind-worker3,<none>,<none>
idx,122,LOG_TIME,2023-05-18T15:20:39,2023-05-18T10:20:39,-,-,-,-,-,-
NAME,READY,STATUS,RESTARTS,AGE,IP,NODE,NOMINATED,NODE,READINESS,GATES
h1-app-5864579b49-25gs5,1/1,Terminating,0,63s,10.244.1.94,kind-worker2,<none>,<none>
h1-app-5864579b49-4kw67,1/1,Running,0,78s,10.244.2.122,kind-worker,<none>,<none>
h1-app-5864579b49-7782p,1/1,Running,0,108s,10.244.2.121,kind-worker,<none>,<none>
h1-app-5864579b49-bj9mc,1/1,Terminating,0,108s,10.244.1.93,kind-worker2,<none>,<none>
h1-app-5864579b49-c67ks,1/1,Running,0,2m8s,10.244.3.119,kind-worker3,<none>,<none>
h1-app-5864579b49-zwvkr,1/1,Terminating,0,78s,10.244.3.120,kind-worker3,<none>,<none>
idx,123,LOG_TIME,2023-05-18T15:20:40,2023-05-18T10:20:40,-,-,-,-,-,-
NAME,READY,STATUS,RESTARTS,AGE,IP,NODE,NOMINATED,NODE,READINESS,GATES
h1-app-5864579b49-4kw67,1/1,Running,0,79s,10.244.2.122,kind-worker,<none>,<none>
h1-app-5864579b49-7782p,1/1,Running,0,109s,10.244.2.121,kind-worker,<none>,<none>
h1-app-5864579b49-c67ks,1/1,Running,0,2m9s,10.244.3.119,kind-worker3,<none>,<none>
idx,124,LOG_TIME,2023-05-18T15:20:41,2023-05-18T10:20:41,-,-,-,-,-,-
NAME,READY,STATUS,RESTARTS,AGE,IP,NODE,NOMINATED,NODE,READINESS,GATES
h1-app-5864579b49-4kw67,1/1,Running,0,80s,10.244.2.122,kind-worker,<none>,<none>
h1-app-5864579b49-7782p,1/1,Running,0,110s,10.244.2.121,kind-worker,<none>,<none>
h1-app-5864579b49-c67ks,1/1,Running,0,2m10s,10.244.3.119,kind-worker3,<none>,<none>
idx,125,LOG_TIME,2023-05-18T15:20:42,2023-05-18T10:20:42,-,-,-,-,-,-
NAME,READY,STATUS,RESTARTS,AGE,IP,NODE,NOMINATED,NODE,READINESS,GATES
h1-app-5864579b49-4kw67,1/1,Running,0,81s,10.244.2.122,kind-worker,<none>,<none>
h1-app-5864579b49-7782p,1/1,Running,0,111s,10.244.2.121,kind-worker,<none>,<none>
h1-app-5864579b49-c67ks,1/1,Running,0,2m11s,10.244.3.119,kind-worker3,<none>,<none>
idx,126,LOG_TIME,2023-05-18T15:20:43,2023-05-18T10:20:43,-,-,-,-,-,-
NAME,READY,STATUS,RESTARTS,AGE,IP,NODE,NOMINATED,NODE,READINESS,GATES
h1-app-5864579b49-4kw67,1/1,Running,0,82s,10.244.2.122,kind-worker,<none>,<none>
h1-app-5864579b49-7782p,1/1,Running,0,112s,10.244.2.121,kind-worker,<none>,<none>
h1-app-5864579b49-c67ks,1/1,Running,0,2m12s,10.244.3.119,kind-worker3,<none>,<none>
idx,127,LOG_TIME,2023-05-18T15:20:44,2023-05-18T10:20:44,-,-,-,-,-,-
NAME,READY,STATUS,RESTARTS,AGE,IP,NODE,NOMINATED,NODE,READINESS,GATES
h1-app-5864579b49-4kw67,1/1,Running,0,83s,10.244.2.122,kind-worker,<none>,<none>
h1-app-5864579b49-7782p,1/1,Running,0,113s,10.244.2.121,kind-worker,<none>,<none>
h1-app-5864579b49-c67ks,1/1,Running,0,2m13s,10.244.3.119,kind-worker3,<none>,<none>
idx,128,LOG_TIME,2023-05-18T15:20:45,2023-05-18T10:20:45,-,-,-,-,-,-
NAME,READY,STATUS,RESTARTS,AGE,IP,NODE,NOMINATED,NODE,READINESS,GATES
h1-app-5864579b49-4kw67,1/1,Running,0,84s,10.244.2.122,kind-worker,<none>,<none>
h1-app-5864579b49-7782p,1/1,Running,0,114s,10.244.2.121,kind-worker,<none>,<none>
h1-app-5864579b49-c67ks,1/1,Running,0,2m14s,10.244.3.119,kind-worker3,<none>,<none>
idx,129,LOG_TIME,2023-05-18T15:20:46,2023-05-18T10:20:46,-,-,-,-,-,-
NAME,READY,STATUS,RESTARTS,AGE,IP,NODE,NOMINATED,NODE,READINESS,GATES
h1-app-5864579b49-4kw67,1/1,Running,0,85s,10.244.2.122,kind-worker,<none>,<none>
h1-app-5864579b49-7782p,1/1,Running,0,115s,10.244.2.121,kind-worker,<none>,<none>
h1-app-5864579b49-c67ks,1/1,Running,0,2m15s,10.244.3.119,kind-worker3,<none>,<none>
idx,130,LOG_TIME,2023-05-18T15:20:47,2023-05-18T10:20:47,-,-,-,-,-,-
NAME,READY,STATUS,RESTARTS,AGE,IP,NODE,NOMINATED,NODE,READINESS,GATES
h1-app-5864579b49-4kw67,1/1,Running,0,86s,10.244.2.122,kind-worker,<none>,<none>
h1-app-5864579b49-7782p,1/1,Running,0,116s,10.244.2.121,kind-worker,<none>,<none>
h1-app-5864579b49-c67ks,1/1,Running,0,2m16s,10.244.3.119,kind-worker3,<none>,<none>
idx,131,LOG_TIME,2023-05-18T15:20:48,2023-05-18T10:20:48,-,-,-,-,-,-
NAME,READY,STATUS,RESTARTS,AGE,IP,NODE,NOMINATED,NODE,READINESS,GATES
h1-app-5864579b49-4kw67,1/1,Running,0,87s,10.244.2.122,kind-worker,<none>,<none>
h1-app-5864579b49-7782p,1/1,Running,0,117s,10.244.2.121,kind-worker,<none>,<none>
h1-app-5864579b49-c67ks,1/1,Running,0,2m17s,10.244.3.119,kind-worker3,<none>,<none>
idx,132,LOG_TIME,2023-05-18T15:20:49,2023-05-18T10:20:49,-,-,-,-,-,-
NAME,READY,STATUS,RESTARTS,AGE,IP,NODE,NOMINATED,NODE,READINESS,GATES
h1-app-5864579b49-4kw67,1/1,Running,0,88s,10.244.2.122,kind-worker,<none>,<none>
h1-app-5864579b49-7782p,1/1,Running,0,118s,10.244.2.121,kind-worker,<none>,<none>
h1-app-5864579b49-c67ks,1/1,Running,0,2m18s,10.244.3.119,kind-worker3,<none>,<none>
idx,133,LOG_TIME,2023-05-18T15:20:50,2023-05-18T10:20:50,-,-,-,-,-,-
NAME,READY,STATUS,RESTARTS,AGE,IP,NODE,NOMINATED,NODE,READINESS,GATES
h1-app-5864579b49-4kw67,1/1,Running,0,89s,10.244.2.122,kind-worker,<none>,<none>
h1-app-5864579b49-7782p,1/1,Running,0,119s,10.244.2.121,kind-worker,<none>,<none>
h1-app-5864579b49-c67ks,1/1,Running,0,2m19s,10.244.3.119,kind-worker3,<none>,<none>
idx,134,LOG_TIME,2023-05-18T15:20:51,2023-05-18T10:20:51,-,-,-,-,-,-
NAME,READY,STATUS,RESTARTS,AGE,IP,NODE,NOMINATED,NODE,READINESS,GATES
h1-app-5864579b49-4kw67,1/1,Running,0,90s,10.244.2.122,kind-worker,<none>,<none>
h1-app-5864579b49-7782p,1/1,Running,0,2m,10.244.2.121,kind-worker,<none>,<none>
h1-app-5864579b49-c67ks,1/1,Running,0,2m20s,10.244.3.119,kind-worker3,<none>,<none>
idx,135,LOG_TIME,2023-05-18T15:20:52,2023-05-18T10:20:52,-,-,-,-,-,-
NAME,READY,STATUS,RESTARTS,AGE,IP,NODE,NOMINATED,NODE,READINESS,GATES
h1-app-5864579b49-4kw67,1/1,Running,0,91s,10.244.2.122,kind-worker,<none>,<none>
h1-app-5864579b49-7782p,1/1,Running,0,2m1s,10.244.2.121,kind-worker,<none>,<none>
h1-app-5864579b49-c67ks,1/1,Running,0,2m21s,10.244.3.119,kind-worker3,<none>,<none>
h1-app-5864579b49-jm94z,0/1,ContainerCreating,0,1s,<none>,kind-worker2,<none>,<none>
h1-app-5864579b49-l5k28,0/1,ContainerCreating,0,1s,<none>,kind-worker3,<none>,<none>
h1-app-5864579b49-t4t5n,0/1,ContainerCreating,0,1s,<none>,kind-worker2,<none>,<none>
idx,136,LOG_TIME,2023-05-18T15:20:53,2023-05-18T10:20:53,-,-,-,-,-,-
NAME,READY,STATUS,RESTARTS,AGE,IP,NODE,NOMINATED,NODE,READINESS,GATES
h1-app-5864579b49-4kw67,1/1,Running,0,92s,10.244.2.122,kind-worker,<none>,<none>
h1-app-5864579b49-7782p,1/1,Running,0,2m2s,10.244.2.121,kind-worker,<none>,<none>
h1-app-5864579b49-c67ks,1/1,Running,0,2m22s,10.244.3.119,kind-worker3,<none>,<none>
h1-app-5864579b49-jm94z,0/1,ContainerCreating,0,2s,<none>,kind-worker2,<none>,<none>
h1-app-5864579b49-l5k28,0/1,ContainerCreating,0,2s,<none>,kind-worker3,<none>,<none>
h1-app-5864579b49-t4t5n,0/1,ContainerCreating,0,2s,<none>,kind-worker2,<none>,<none>
idx,137,LOG_TIME,2023-05-18T15:20:54,2023-05-18T10:20:54,-,-,-,-,-,-
NAME,READY,STATUS,RESTARTS,AGE,IP,NODE,NOMINATED,NODE,READINESS,GATES
h1-app-5864579b49-4kw67,1/1,Running,0,93s,10.244.2.122,kind-worker,<none>,<none>
h1-app-5864579b49-7782p,1/1,Running,0,2m3s,10.244.2.121,kind-worker,<none>,<none>
h1-app-5864579b49-c67ks,1/1,Running,0,2m23s,10.244.3.119,kind-worker3,<none>,<none>
h1-app-5864579b49-jm94z,0/1,ContainerCreating,0,3s,<none>,kind-worker2,<none>,<none>
h1-app-5864579b49-l5k28,0/1,ContainerCreating,0,3s,<none>,kind-worker3,<none>,<none>
h1-app-5864579b49-t4t5n,0/1,ContainerCreating,0,3s,<none>,kind-worker2,<none>,<none>
idx,138,LOG_TIME,2023-05-18T15:20:55,2023-05-18T10:20:55,-,-,-,-,-,-
NAME,READY,STATUS,RESTARTS,AGE,IP,NODE,NOMINATED,NODE,READINESS,GATES
h1-app-5864579b49-4kw67,1/1,Running,0,94s,10.244.2.122,kind-worker,<none>,<none>
h1-app-5864579b49-7782p,1/1,Running,0,2m4s,10.244.2.121,kind-worker,<none>,<none>
h1-app-5864579b49-c67ks,1/1,Running,0,2m24s,10.244.3.119,kind-worker3,<none>,<none>
h1-app-5864579b49-jm94z,0/1,ContainerCreating,0,4s,<none>,kind-worker2,<none>,<none>
h1-app-5864579b49-l5k28,1/1,Running,0,4s,10.244.3.121,kind-worker3,<none>,<none>
h1-app-5864579b49-t4t5n,0/1,ContainerCreating,0,4s,<none>,kind-worker2,<none>,<none>
idx,139,LOG_TIME,2023-05-18T15:20:56,2023-05-18T10:20:56,-,-,-,-,-,-
NAME,READY,STATUS,RESTARTS,AGE,IP,NODE,NOMINATED,NODE,READINESS,GATES
h1-app-5864579b49-4kw67,1/1,Running,0,95s,10.244.2.122,kind-worker,<none>,<none>
h1-app-5864579b49-7782p,1/1,Running,0,2m5s,10.244.2.121,kind-worker,<none>,<none>
h1-app-5864579b49-c67ks,1/1,Running,0,2m25s,10.244.3.119,kind-worker3,<none>,<none>
h1-app-5864579b49-jm94z,1/1,Running,0,5s,10.244.1.95,kind-worker2,<none>,<none>
h1-app-5864579b49-l5k28,1/1,Running,0,5s,10.244.3.121,kind-worker3,<none>,<none>
h1-app-5864579b49-t4t5n,0/1,ContainerCreating,0,5s,<none>,kind-worker2,<none>,<none>
idx,140,LOG_TIME,2023-05-18T15:20:57,2023-05-18T10:20:57,-,-,-,-,-,-
NAME,READY,STATUS,RESTARTS,AGE,IP,NODE,NOMINATED,NODE,READINESS,GATES
h1-app-5864579b49-4kw67,1/1,Running,0,96s,10.244.2.122,kind-worker,<none>,<none>
h1-app-5864579b49-7782p,1/1,Running,0,2m6s,10.244.2.121,kind-worker,<none>,<none>
h1-app-5864579b49-c67ks,1/1,Running,0,2m26s,10.244.3.119,kind-worker3,<none>,<none>
h1-app-5864579b49-jm94z,1/1,Running,0,6s,10.244.1.95,kind-worker2,<none>,<none>
h1-app-5864579b49-l5k28,1/1,Running,0,6s,10.244.3.121,kind-worker3,<none>,<none>
h1-app-5864579b49-t4t5n,1/1,Running,0,6s,10.244.1.96,kind-worker2,<none>,<none>
idx,141,LOG_TIME,2023-05-18T15:20:58,2023-05-18T10:20:58,-,-,-,-,-,-
NAME,READY,STATUS,RESTARTS,AGE,IP,NODE,NOMINATED,NODE,READINESS,GATES
h1-app-5864579b49-4kw67,1/1,Running,0,97s,10.244.2.122,kind-worker,<none>,<none>
h1-app-5864579b49-7782p,1/1,Running,0,2m7s,10.244.2.121,kind-worker,<none>,<none>
h1-app-5864579b49-c67ks,1/1,Running,0,2m27s,10.244.3.119,kind-worker3,<none>,<none>
h1-app-5864579b49-jm94z,1/1,Running,0,7s,10.244.1.95,kind-worker2,<none>,<none>
h1-app-5864579b49-l5k28,1/1,Running,0,7s,10.244.3.121,kind-worker3,<none>,<none>
h1-app-5864579b49-t4t5n,1/1,Running,0,7s,10.244.1.96,kind-worker2,<none>,<none>
idx,142,LOG_TIME,2023-05-18T15:20:59,2023-05-18T10:20:59,-,-,-,-,-,-
NAME,READY,STATUS,RESTARTS,AGE,IP,NODE,NOMINATED,NODE,READINESS,GATES
h1-app-5864579b49-4kw67,1/1,Running,0,98s,10.244.2.122,kind-worker,<none>,<none>
h1-app-5864579b49-7782p,1/1,Running,0,2m8s,10.244.2.121,kind-worker,<none>,<none>
h1-app-5864579b49-c67ks,1/1,Running,0,2m28s,10.244.3.119,kind-worker3,<none>,<none>
h1-app-5864579b49-jm94z,1/1,Running,0,8s,10.244.1.95,kind-worker2,<none>,<none>
h1-app-5864579b49-l5k28,1/1,Running,0,8s,10.244.3.121,kind-worker3,<none>,<none>
h1-app-5864579b49-t4t5n,1/1,Running,0,8s,10.244.1.96,kind-worker2,<none>,<none>
idx,143,LOG_TIME,2023-05-18T15:21:00,2023-05-18T10:21:00,-,-,-,-,-,-
NAME,READY,STATUS,RESTARTS,AGE,IP,NODE,NOMINATED,NODE,READINESS,GATES
h1-app-5864579b49-4kw67,1/1,Running,0,99s,10.244.2.122,kind-worker,<none>,<none>
h1-app-5864579b49-7782p,1/1,Running,0,2m9s,10.244.2.121,kind-worker,<none>,<none>
h1-app-5864579b49-c67ks,1/1,Running,0,2m29s,10.244.3.119,kind-worker3,<none>,<none>
h1-app-5864579b49-jm94z,1/1,Running,0,9s,10.244.1.95,kind-worker2,<none>,<none>
h1-app-5864579b49-l5k28,1/1,Running,0,9s,10.244.3.121,kind-worker3,<none>,<none>
h1-app-5864579b49-t4t5n,1/1,Running,0,9s,10.244.1.96,kind-worker2,<none>,<none>
idx,144,LOG_TIME,2023-05-18T15:21:01,2023-05-18T10:21:01,-,-,-,-,-,-
NAME,READY,STATUS,RESTARTS,AGE,IP,NODE,NOMINATED,NODE,READINESS,GATES
h1-app-5864579b49-4kw67,1/1,Running,0,100s,10.244.2.122,kind-worker,<none>,<none>
h1-app-5864579b49-7782p,1/1,Running,0,2m10s,10.244.2.121,kind-worker,<none>,<none>
h1-app-5864579b49-c67ks,1/1,Running,0,2m30s,10.244.3.119,kind-worker3,<none>,<none>
h1-app-5864579b49-jm94z,1/1,Running,0,10s,10.244.1.95,kind-worker2,<none>,<none>
h1-app-5864579b49-l5k28,1/1,Running,0,10s,10.244.3.121,kind-worker3,<none>,<none>
h1-app-5864579b49-t4t5n,1/1,Running,0,10s,10.244.1.96,kind-worker2,<none>,<none>
idx,145,LOG_TIME,2023-05-18T15:21:02,2023-05-18T10:21:02,-,-,-,-,-,-
NAME,READY,STATUS,RESTARTS,AGE,IP,NODE,NOMINATED,NODE,READINESS,GATES
h1-app-5864579b49-4kw67,1/1,Running,0,101s,10.244.2.122,kind-worker,<none>,<none>
h1-app-5864579b49-7782p,1/1,Running,0,2m11s,10.244.2.121,kind-worker,<none>,<none>
h1-app-5864579b49-c67ks,1/1,Running,0,2m31s,10.244.3.119,kind-worker3,<none>,<none>
h1-app-5864579b49-jm94z,1/1,Running,0,11s,10.244.1.95,kind-worker2,<none>,<none>
h1-app-5864579b49-l5k28,1/1,Running,0,11s,10.244.3.121,kind-worker3,<none>,<none>
h1-app-5864579b49-t4t5n,1/1,Running,0,11s,10.244.1.96,kind-worker2,<none>,<none>
idx,146,LOG_TIME,2023-05-18T15:21:03,2023-05-18T10:21:03,-,-,-,-,-,-
NAME,READY,STATUS,RESTARTS,AGE,IP,NODE,NOMINATED,NODE,READINESS,GATES
h1-app-5864579b49-4kw67,1/1,Running,0,102s,10.244.2.122,kind-worker,<none>,<none>
h1-app-5864579b49-7782p,1/1,Running,0,2m12s,10.244.2.121,kind-worker,<none>,<none>
h1-app-5864579b49-c67ks,1/1,Running,0,2m32s,10.244.3.119,kind-worker3,<none>,<none>
h1-app-5864579b49-jm94z,1/1,Running,0,12s,10.244.1.95,kind-worker2,<none>,<none>
h1-app-5864579b49-l5k28,1/1,Running,0,12s,10.244.3.121,kind-worker3,<none>,<none>
h1-app-5864579b49-t4t5n,1/1,Running,0,12s,10.244.1.96,kind-worker2,<none>,<none>
idx,147,LOG_TIME,2023-05-18T15:21:04,2023-05-18T10:21:04,-,-,-,-,-,-
NAME,READY,STATUS,RESTARTS,AGE,IP,NODE,NOMINATED,NODE,READINESS,GATES
h1-app-5864579b49-4kw67,1/1,Running,0,103s,10.244.2.122,kind-worker,<none>,<none>
h1-app-5864579b49-7782p,1/1,Running,0,2m13s,10.244.2.121,kind-worker,<none>,<none>
h1-app-5864579b49-c67ks,1/1,Running,0,2m33s,10.244.3.119,kind-worker3,<none>,<none>
h1-app-5864579b49-jm94z,1/1,Running,0,13s,10.244.1.95,kind-worker2,<none>,<none>
h1-app-5864579b49-l5k28,1/1,Running,0,13s,10.244.3.121,kind-worker3,<none>,<none>
h1-app-5864579b49-t4t5n,1/1,Running,0,13s,10.244.1.96,kind-worker2,<none>,<none>
idx,148,LOG_TIME,2023-05-18T15:21:05,2023-05-18T10:21:05,-,-,-,-,-,-
NAME,READY,STATUS,RESTARTS,AGE,IP,NODE,NOMINATED,NODE,READINESS,GATES
h1-app-5864579b49-4kw67,1/1,Running,0,104s,10.244.2.122,kind-worker,<none>,<none>
h1-app-5864579b49-7782p,1/1,Running,0,2m14s,10.244.2.121,kind-worker,<none>,<none>
h1-app-5864579b49-c67ks,1/1,Running,0,2m34s,10.244.3.119,kind-worker3,<none>,<none>
h1-app-5864579b49-jm94z,1/1,Running,0,14s,10.244.1.95,kind-worker2,<none>,<none>
h1-app-5864579b49-l5k28,1/1,Running,0,14s,10.244.3.121,kind-worker3,<none>,<none>
h1-app-5864579b49-t4t5n,1/1,Running,0,14s,10.244.1.96,kind-worker2,<none>,<none>
idx,149,LOG_TIME,2023-05-18T15:21:06,2023-05-18T10:21:06,-,-,-,-,-,-
NAME,READY,STATUS,RESTARTS,AGE,IP,NODE,NOMINATED,NODE,READINESS,GATES
h1-app-5864579b49-4kw67,1/1,Running,0,105s,10.244.2.122,kind-worker,<none>,<none>
h1-app-5864579b49-7782p,1/1,Running,0,2m15s,10.244.2.121,kind-worker,<none>,<none>
h1-app-5864579b49-c67ks,1/1,Running,0,2m35s,10.244.3.119,kind-worker3,<none>,<none>
h1-app-5864579b49-jm94z,1/1,Running,0,15s,10.244.1.95,kind-worker2,<none>,<none>
h1-app-5864579b49-l5k28,1/1,Running,0,15s,10.244.3.121,kind-worker3,<none>,<none>
h1-app-5864579b49-t4t5n,1/1,Running,0,15s,10.244.1.96,kind-worker2,<none>,<none>
idx,150,LOG_TIME,2023-05-18T15:21:07,2023-05-18T10:21:07,-,-,-,-,-,-
NAME,READY,STATUS,RESTARTS,AGE,IP,NODE,NOMINATED,NODE,READINESS,GATES
h1-app-5864579b49-4kw67,1/1,Running,0,106s,10.244.2.122,kind-worker,<none>,<none>
h1-app-5864579b49-7782p,1/1,Running,0,2m16s,10.244.2.121,kind-worker,<none>,<none>
h1-app-5864579b49-c67ks,1/1,Running,0,2m36s,10.244.3.119,kind-worker3,<none>,<none>
h1-app-5864579b49-jm94z,1/1,Running,0,16s,10.244.1.95,kind-worker2,<none>,<none>
h1-app-5864579b49-l5k28,1/1,Running,0,16s,10.244.3.121,kind-worker3,<none>,<none>
h1-app-5864579b49-t4t5n,1/1,Running,0,16s,10.244.1.96,kind-worker2,<none>,<none>
idx,151,LOG_TIME,2023-05-18T15:21:08,2023-05-18T10:21:08,-,-,-,-,-,-
NAME,READY,STATUS,RESTARTS,AGE,IP,NODE,NOMINATED,NODE,READINESS,GATES
h1-app-5864579b49-4kw67,1/1,Running,0,107s,10.244.2.122,kind-worker,<none>,<none>
h1-app-5864579b49-7782p,1/1,Running,0,2m17s,10.244.2.121,kind-worker,<none>,<none>
h1-app-5864579b49-c67ks,1/1,Running,0,2m37s,10.244.3.119,kind-worker3,<none>,<none>
h1-app-5864579b49-jm94z,1/1,Running,0,17s,10.244.1.95,kind-worker2,<none>,<none>
h1-app-5864579b49-l5k28,1/1,Running,0,17s,10.244.3.121,kind-worker3,<none>,<none>
h1-app-5864579b49-t4t5n,1/1,Running,0,17s,10.244.1.96,kind-worker2,<none>,<none>
idx,152,LOG_TIME,2023-05-18T15:21:09,2023-05-18T10:21:09,-,-,-,-,-,-
NAME,READY,STATUS,RESTARTS,AGE,IP,NODE,NOMINATED,NODE,READINESS,GATES
h1-app-5864579b49-4kw67,1/1,Running,0,108s,10.244.2.122,kind-worker,<none>,<none>
h1-app-5864579b49-7782p,1/1,Running,0,2m18s,10.244.2.121,kind-worker,<none>,<none>
h1-app-5864579b49-c67ks,1/1,Running,0,2m38s,10.244.3.119,kind-worker3,<none>,<none>
h1-app-5864579b49-jm94z,1/1,Running,0,18s,10.244.1.95,kind-worker2,<none>,<none>
h1-app-5864579b49-l5k28,1/1,Running,0,18s,10.244.3.121,kind-worker3,<none>,<none>
h1-app-5864579b49-t4t5n,1/1,Running,0,18s,10.244.1.96,kind-worker2,<none>,<none>
idx,153,LOG_TIME,2023-05-18T15:21:10,2023-05-18T10:21:10,-,-,-,-,-,-
NAME,READY,STATUS,RESTARTS,AGE,IP,NODE,NOMINATED,NODE,READINESS,GATES
h1-app-5864579b49-4kw67,1/1,Running,0,109s,10.244.2.122,kind-worker,<none>,<none>
h1-app-5864579b49-7782p,1/1,Running,0,2m19s,10.244.2.121,kind-worker,<none>,<none>
h1-app-5864579b49-c67ks,1/1,Running,0,2m39s,10.244.3.119,kind-worker3,<none>,<none>
h1-app-5864579b49-jm94z,1/1,Running,0,19s,10.244.1.95,kind-worker2,<none>,<none>
h1-app-5864579b49-l5k28,1/1,Running,0,19s,10.244.3.121,kind-worker3,<none>,<none>
h1-app-5864579b49-t4t5n,1/1,Running,0,19s,10.244.1.96,kind-worker2,<none>,<none>
idx,154,LOG_TIME,2023-05-18T15:21:11,2023-05-18T10:21:11,-,-,-,-,-,-
NAME,READY,STATUS,RESTARTS,AGE,IP,NODE,NOMINATED,NODE,READINESS,GATES
h1-app-5864579b49-4kw67,1/1,Running,0,110s,10.244.2.122,kind-worker,<none>,<none>
h1-app-5864579b49-7782p,1/1,Running,0,2m20s,10.244.2.121,kind-worker,<none>,<none>
h1-app-5864579b49-c67ks,1/1,Running,0,2m40s,10.244.3.119,kind-worker3,<none>,<none>
h1-app-5864579b49-jm94z,1/1,Running,0,20s,10.244.1.95,kind-worker2,<none>,<none>
h1-app-5864579b49-l5k28,1/1,Running,0,20s,10.244.3.121,kind-worker3,<none>,<none>
h1-app-5864579b49-t4t5n,1/1,Running,0,20s,10.244.1.96,kind-worker2,<none>,<none>
idx,155,LOG_TIME,2023-05-18T15:21:12,2023-05-18T10:21:12,-,-,-,-,-,-
NAME,READY,STATUS,RESTARTS,AGE,IP,NODE,NOMINATED,NODE,READINESS,GATES
h1-app-5864579b49-4kw67,1/1,Running,0,111s,10.244.2.122,kind-worker,<none>,<none>
h1-app-5864579b49-7782p,1/1,Running,0,2m21s,10.244.2.121,kind-worker,<none>,<none>
h1-app-5864579b49-c67ks,1/1,Running,0,2m41s,10.244.3.119,kind-worker3,<none>,<none>
h1-app-5864579b49-jm94z,1/1,Running,0,21s,10.244.1.95,kind-worker2,<none>,<none>
h1-app-5864579b49-l5k28,1/1,Running,0,21s,10.244.3.121,kind-worker3,<none>,<none>
h1-app-5864579b49-t4t5n,1/1,Running,0,21s,10.244.1.96,kind-worker2,<none>,<none>
idx,156,LOG_TIME,2023-05-18T15:21:13,2023-05-18T10:21:13,-,-,-,-,-,-
NAME,READY,STATUS,RESTARTS,AGE,IP,NODE,NOMINATED,NODE,READINESS,GATES
h1-app-5864579b49-4kw67,1/1,Running,0,112s,10.244.2.122,kind-worker,<none>,<none>
h1-app-5864579b49-7782p,1/1,Running,0,2m22s,10.244.2.121,kind-worker,<none>,<none>
h1-app-5864579b49-c67ks,1/1,Running,0,2m42s,10.244.3.119,kind-worker3,<none>,<none>
h1-app-5864579b49-jm94z,1/1,Running,0,22s,10.244.1.95,kind-worker2,<none>,<none>
h1-app-5864579b49-l5k28,1/1,Running,0,22s,10.244.3.121,kind-worker3,<none>,<none>
h1-app-5864579b49-t4t5n,1/1,Running,0,22s,10.244.1.96,kind-worker2,<none>,<none>
idx,157,LOG_TIME,2023-05-18T15:21:14,2023-05-18T10:21:14,-,-,-,-,-,-
NAME,READY,STATUS,RESTARTS,AGE,IP,NODE,NOMINATED,NODE,READINESS,GATES
h1-app-5864579b49-4kw67,1/1,Running,0,113s,10.244.2.122,kind-worker,<none>,<none>
h1-app-5864579b49-7782p,1/1,Running,0,2m23s,10.244.2.121,kind-worker,<none>,<none>
h1-app-5864579b49-c67ks,1/1,Running,0,2m43s,10.244.3.119,kind-worker3,<none>,<none>
h1-app-5864579b49-jm94z,1/1,Running,0,23s,10.244.1.95,kind-worker2,<none>,<none>
h1-app-5864579b49-l5k28,1/1,Running,0,23s,10.244.3.121,kind-worker3,<none>,<none>
h1-app-5864579b49-t4t5n,1/1,Running,0,23s,10.244.1.96,kind-worker2,<none>,<none>
idx,158,LOG_TIME,2023-05-18T15:21:15,2023-05-18T10:21:15,-,-,-,-,-,-
NAME,READY,STATUS,RESTARTS,AGE,IP,NODE,NOMINATED,NODE,READINESS,GATES
h1-app-5864579b49-4kw67,1/1,Running,0,114s,10.244.2.122,kind-worker,<none>,<none>
h1-app-5864579b49-7782p,1/1,Running,0,2m24s,10.244.2.121,kind-worker,<none>,<none>
h1-app-5864579b49-c67ks,1/1,Running,0,2m44s,10.244.3.119,kind-worker3,<none>,<none>
h1-app-5864579b49-jm94z,1/1,Running,0,24s,10.244.1.95,kind-worker2,<none>,<none>
h1-app-5864579b49-l5k28,1/1,Running,0,24s,10.244.3.121,kind-worker3,<none>,<none>
h1-app-5864579b49-t4t5n,1/1,Running,0,24s,10.244.1.96,kind-worker2,<none>,<none>
idx,159,LOG_TIME,2023-05-18T15:21:16,2023-05-18T10:21:16,-,-,-,-,-,-
NAME,READY,STATUS,RESTARTS,AGE,IP,NODE,NOMINATED,NODE,READINESS,GATES
h1-app-5864579b49-4kw67,1/1,Running,0,115s,10.244.2.122,kind-worker,<none>,<none>
h1-app-5864579b49-7782p,1/1,Running,0,2m25s,10.244.2.121,kind-worker,<none>,<none>
h1-app-5864579b49-c67ks,1/1,Running,0,2m45s,10.244.3.119,kind-worker3,<none>,<none>
h1-app-5864579b49-jm94z,1/1,Running,0,25s,10.244.1.95,kind-worker2,<none>,<none>
h1-app-5864579b49-l5k28,1/1,Running,0,25s,10.244.3.121,kind-worker3,<none>,<none>
h1-app-5864579b49-t4t5n,1/1,Running,0,25s,10.244.1.96,kind-worker2,<none>,<none>
idx,160,LOG_TIME,2023-05-18T15:21:17,2023-05-18T10:21:17,-,-,-,-,-,-
NAME,READY,STATUS,RESTARTS,AGE,IP,NODE,NOMINATED,NODE,READINESS,GATES
h1-app-5864579b49-4kw67,1/1,Running,0,116s,10.244.2.122,kind-worker,<none>,<none>
h1-app-5864579b49-7782p,1/1,Running,0,2m26s,10.244.2.121,kind-worker,<none>,<none>
h1-app-5864579b49-c67ks,1/1,Running,0,2m46s,10.244.3.119,kind-worker3,<none>,<none>
h1-app-5864579b49-jm94z,1/1,Running,0,26s,10.244.1.95,kind-worker2,<none>,<none>
h1-app-5864579b49-l5k28,1/1,Running,0,26s,10.244.3.121,kind-worker3,<none>,<none>
h1-app-5864579b49-t4t5n,1/1,Running,0,26s,10.244.1.96,kind-worker2,<none>,<none>
idx,161,LOG_TIME,2023-05-18T15:21:18,2023-05-18T10:21:18,-,-,-,-,-,-
NAME,READY,STATUS,RESTARTS,AGE,IP,NODE,NOMINATED,NODE,READINESS,GATES
h1-app-5864579b49-4kw67,1/1,Running,0,117s,10.244.2.122,kind-worker,<none>,<none>
h1-app-5864579b49-7782p,1/1,Running,0,2m27s,10.244.2.121,kind-worker,<none>,<none>
h1-app-5864579b49-c67ks,1/1,Running,0,2m47s,10.244.3.119,kind-worker3,<none>,<none>
h1-app-5864579b49-jm94z,1/1,Running,0,27s,10.244.1.95,kind-worker2,<none>,<none>
h1-app-5864579b49-l5k28,1/1,Running,0,27s,10.244.3.121,kind-worker3,<none>,<none>
h1-app-5864579b49-t4t5n,1/1,Running,0,27s,10.244.1.96,kind-worker2,<none>,<none>
idx,162,LOG_TIME,2023-05-18T15:21:19,2023-05-18T10:21:19,-,-,-,-,-,-
NAME,READY,STATUS,RESTARTS,AGE,IP,NODE,NOMINATED,NODE,READINESS,GATES
h1-app-5864579b49-4kw67,1/1,Running,0,119s,10.244.2.122,kind-worker,<none>,<none>
h1-app-5864579b49-7782p,1/1,Running,0,2m29s,10.244.2.121,kind-worker,<none>,<none>
h1-app-5864579b49-c67ks,1/1,Running,0,2m49s,10.244.3.119,kind-worker3,<none>,<none>
h1-app-5864579b49-jm94z,1/1,Running,0,29s,10.244.1.95,kind-worker2,<none>,<none>
h1-app-5864579b49-l5k28,1/1,Running,0,29s,10.244.3.121,kind-worker3,<none>,<none>
h1-app-5864579b49-t4t5n,1/1,Running,0,29s,10.244.1.96,kind-worker2,<none>,<none>
idx,163,LOG_TIME,2023-05-18T15:21:20,2023-05-18T10:21:20,-,-,-,-,-,-
NAME,READY,STATUS,RESTARTS,AGE,IP,NODE,NOMINATED,NODE,READINESS,GATES
h1-app-5864579b49-4kw67,1/1,Running,0,2m,10.244.2.122,kind-worker,<none>,<none>
h1-app-5864579b49-7782p,1/1,Running,0,2m30s,10.244.2.121,kind-worker,<none>,<none>
h1-app-5864579b49-c67ks,1/1,Running,0,2m50s,10.244.3.119,kind-worker3,<none>,<none>
h1-app-5864579b49-jm94z,1/1,Running,0,30s,10.244.1.95,kind-worker2,<none>,<none>
h1-app-5864579b49-l5k28,1/1,Running,0,30s,10.244.3.121,kind-worker3,<none>,<none>
h1-app-5864579b49-t4t5n,1/1,Running,0,30s,10.244.1.96,kind-worker2,<none>,<none>
idx,164,LOG_TIME,2023-05-18T15:21:21,2023-05-18T10:21:21,-,-,-,-,-,-
NAME,READY,STATUS,RESTARTS,AGE,IP,NODE,NOMINATED,NODE,READINESS,GATES
h1-app-5864579b49-4kw67,1/1,Running,0,2m1s,10.244.2.122,kind-worker,<none>,<none>
h1-app-5864579b49-7782p,1/1,Running,0,2m31s,10.244.2.121,kind-worker,<none>,<none>
h1-app-5864579b49-c67ks,1/1,Running,0,2m51s,10.244.3.119,kind-worker3,<none>,<none>
h1-app-5864579b49-jm94z,1/1,Running,0,31s,10.244.1.95,kind-worker2,<none>,<none>
h1-app-5864579b49-l5k28,1/1,Running,0,31s,10.244.3.121,kind-worker3,<none>,<none>
h1-app-5864579b49-t4t5n,1/1,Running,0,31s,10.244.1.96,kind-worker2,<none>,<none>
idx,165,LOG_TIME,2023-05-18T15:21:22,2023-05-18T10:21:22,-,-,-,-,-,-
NAME,READY,STATUS,RESTARTS,AGE,IP,NODE,NOMINATED,NODE,READINESS,GATES
h1-app-5864579b49-4kw67,1/1,Running,0,2m2s,10.244.2.122,kind-worker,<none>,<none>
h1-app-5864579b49-7782p,1/1,Running,0,2m32s,10.244.2.121,kind-worker,<none>,<none>
h1-app-5864579b49-c67ks,1/1,Running,0,2m52s,10.244.3.119,kind-worker3,<none>,<none>
h1-app-5864579b49-jm94z,1/1,Running,0,32s,10.244.1.95,kind-worker2,<none>,<none>
h1-app-5864579b49-l5k28,1/1,Running,0,32s,10.244.3.121,kind-worker3,<none>,<none>
h1-app-5864579b49-t4t5n,1/1,Running,0,32s,10.244.1.96,kind-worker2,<none>,<none>
idx,166,LOG_TIME,2023-05-18T15:21:23,2023-05-18T10:21:23,-,-,-,-,-,-
NAME,READY,STATUS,RESTARTS,AGE,IP,NODE,NOMINATED,NODE,READINESS,GATES
h1-app-5864579b49-4kw67,1/1,Running,0,2m3s,10.244.2.122,kind-worker,<none>,<none>
h1-app-5864579b49-7782p,1/1,Running,0,2m33s,10.244.2.121,kind-worker,<none>,<none>
h1-app-5864579b49-c67ks,1/1,Running,0,2m53s,10.244.3.119,kind-worker3,<none>,<none>
h1-app-5864579b49-jm94z,1/1,Running,0,33s,10.244.1.95,kind-worker2,<none>,<none>
h1-app-5864579b49-l5k28,1/1,Running,0,33s,10.244.3.121,kind-worker3,<none>,<none>
h1-app-5864579b49-t4t5n,1/1,Running,0,33s,10.244.1.96,kind-worker2,<none>,<none>
idx,167,LOG_TIME,2023-05-18T15:21:24,2023-05-18T10:21:24,-,-,-,-,-,-
NAME,READY,STATUS,RESTARTS,AGE,IP,NODE,NOMINATED,NODE,READINESS,GATES
h1-app-5864579b49-4kw67,1/1,Running,0,2m4s,10.244.2.122,kind-worker,<none>,<none>
h1-app-5864579b49-7782p,1/1,Running,0,2m34s,10.244.2.121,kind-worker,<none>,<none>
h1-app-5864579b49-c67ks,1/1,Running,0,2m54s,10.244.3.119,kind-worker3,<none>,<none>
h1-app-5864579b49-jm94z,1/1,Running,0,34s,10.244.1.95,kind-worker2,<none>,<none>
h1-app-5864579b49-l5k28,1/1,Running,0,34s,10.244.3.121,kind-worker3,<none>,<none>
h1-app-5864579b49-t4t5n,1/1,Running,0,34s,10.244.1.96,kind-worker2,<none>,<none>
idx,168,LOG_TIME,2023-05-18T15:21:25,2023-05-18T10:21:25,-,-,-,-,-,-
NAME,READY,STATUS,RESTARTS,AGE,IP,NODE,NOMINATED,NODE,READINESS,GATES
h1-app-5864579b49-4kw67,1/1,Running,0,2m5s,10.244.2.122,kind-worker,<none>,<none>
h1-app-5864579b49-7782p,1/1,Running,0,2m35s,10.244.2.121,kind-worker,<none>,<none>
h1-app-5864579b49-c67ks,1/1,Running,0,2m55s,10.244.3.119,kind-worker3,<none>,<none>
h1-app-5864579b49-jm94z,1/1,Running,0,35s,10.244.1.95,kind-worker2,<none>,<none>
h1-app-5864579b49-l5k28,1/1,Running,0,35s,10.244.3.121,kind-worker3,<none>,<none>
h1-app-5864579b49-t4t5n,1/1,Running,0,35s,10.244.1.96,kind-worker2,<none>,<none>
idx,169,LOG_TIME,2023-05-18T15:21:26,2023-05-18T10:21:26,-,-,-,-,-,-
NAME,READY,STATUS,RESTARTS,AGE,IP,NODE,NOMINATED,NODE,READINESS,GATES
h1-app-5864579b49-4kw67,1/1,Running,0,2m6s,10.244.2.122,kind-worker,<none>,<none>
h1-app-5864579b49-7782p,1/1,Running,0,2m36s,10.244.2.121,kind-worker,<none>,<none>
h1-app-5864579b49-c67ks,1/1,Running,0,2m56s,10.244.3.119,kind-worker3,<none>,<none>
h1-app-5864579b49-jm94z,1/1,Running,0,36s,10.244.1.95,kind-worker2,<none>,<none>
h1-app-5864579b49-l5k28,1/1,Running,0,36s,10.244.3.121,kind-worker3,<none>,<none>
h1-app-5864579b49-t4t5n,1/1,Running,0,36s,10.244.1.96,kind-worker2,<none>,<none>
idx,170,LOG_TIME,2023-05-18T15:21:27,2023-05-18T10:21:27,-,-,-,-,-,-
NAME,READY,STATUS,RESTARTS,AGE,IP,NODE,NOMINATED,NODE,READINESS,GATES
h1-app-5864579b49-4kw67,1/1,Running,0,2m7s,10.244.2.122,kind-worker,<none>,<none>
h1-app-5864579b49-7782p,1/1,Running,0,2m37s,10.244.2.121,kind-worker,<none>,<none>
h1-app-5864579b49-c67ks,1/1,Running,0,2m57s,10.244.3.119,kind-worker3,<none>,<none>
h1-app-5864579b49-jm94z,1/1,Running,0,37s,10.244.1.95,kind-worker2,<none>,<none>
h1-app-5864579b49-l5k28,1/1,Running,0,37s,10.244.3.121,kind-worker3,<none>,<none>
h1-app-5864579b49-t4t5n,1/1,Running,0,37s,10.244.1.96,kind-worker2,<none>,<none>
idx,171,LOG_TIME,2023-05-18T15:21:28,2023-05-18T10:21:28,-,-,-,-,-,-
NAME,READY,STATUS,RESTARTS,AGE,IP,NODE,NOMINATED,NODE,READINESS,GATES
h1-app-5864579b49-4kw67,1/1,Running,0,2m8s,10.244.2.122,kind-worker,<none>,<none>
h1-app-5864579b49-7782p,1/1,Running,0,2m38s,10.244.2.121,kind-worker,<none>,<none>
h1-app-5864579b49-c67ks,1/1,Running,0,2m58s,10.244.3.119,kind-worker3,<none>,<none>
h1-app-5864579b49-jm94z,1/1,Running,0,38s,10.244.1.95,kind-worker2,<none>,<none>
h1-app-5864579b49-l5k28,1/1,Running,0,38s,10.244.3.121,kind-worker3,<none>,<none>
h1-app-5864579b49-t4t5n,1/1,Running,0,38s,10.244.1.96,kind-worker2,<none>,<none>
idx,172,LOG_TIME,2023-05-18T15:21:30,2023-05-18T10:21:30,-,-,-,-,-,-
NAME,READY,STATUS,RESTARTS,AGE,IP,NODE,NOMINATED,NODE,READINESS,GATES
h1-app-5864579b49-4kw67,1/1,Running,0,2m9s,10.244.2.122,kind-worker,<none>,<none>
h1-app-5864579b49-7782p,1/1,Running,0,2m39s,10.244.2.121,kind-worker,<none>,<none>
h1-app-5864579b49-c67ks,1/1,Running,0,2m59s,10.244.3.119,kind-worker3,<none>,<none>
h1-app-5864579b49-jm94z,1/1,Running,0,39s,10.244.1.95,kind-worker2,<none>,<none>
h1-app-5864579b49-l5k28,1/1,Running,0,39s,10.244.3.121,kind-worker3,<none>,<none>
h1-app-5864579b49-t4t5n,1/1,Running,0,39s,10.244.1.96,kind-worker2,<none>,<none>
idx,173,LOG_TIME,2023-05-18T15:21:31,2023-05-18T10:21:31,-,-,-,-,-,-
NAME,READY,STATUS,RESTARTS,AGE,IP,NODE,NOMINATED,NODE,READINESS,GATES
h1-app-5864579b49-4kw67,1/1,Running,0,2m10s,10.244.2.122,kind-worker,<none>,<none>
h1-app-5864579b49-7782p,1/1,Running,0,2m40s,10.244.2.121,kind-worker,<none>,<none>
h1-app-5864579b49-c67ks,1/1,Running,0,3m,10.244.3.119,kind-worker3,<none>,<none>
h1-app-5864579b49-jm94z,1/1,Running,0,40s,10.244.1.95,kind-worker2,<none>,<none>
h1-app-5864579b49-l5k28,1/1,Running,0,40s,10.244.3.121,kind-worker3,<none>,<none>
h1-app-5864579b49-t4t5n,1/1,Running,0,40s,10.244.1.96,kind-worker2,<none>,<none>
idx,174,LOG_TIME,2023-05-18T15:21:32,2023-05-18T10:21:32,-,-,-,-,-,-
NAME,READY,STATUS,RESTARTS,AGE,IP,NODE,NOMINATED,NODE,READINESS,GATES
h1-app-5864579b49-4kw67,1/1,Running,0,2m11s,10.244.2.122,kind-worker,<none>,<none>
h1-app-5864579b49-7782p,1/1,Running,0,2m41s,10.244.2.121,kind-worker,<none>,<none>
h1-app-5864579b49-c67ks,1/1,Running,0,3m1s,10.244.3.119,kind-worker3,<none>,<none>
h1-app-5864579b49-jm94z,1/1,Running,0,41s,10.244.1.95,kind-worker2,<none>,<none>
h1-app-5864579b49-l5k28,1/1,Running,0,41s,10.244.3.121,kind-worker3,<none>,<none>
h1-app-5864579b49-t4t5n,1/1,Running,0,41s,10.244.1.96,kind-worker2,<none>,<none>
idx,175,LOG_TIME,2023-05-18T15:21:33,2023-05-18T10:21:33,-,-,-,-,-,-
NAME,READY,STATUS,RESTARTS,AGE,IP,NODE,NOMINATED,NODE,READINESS,GATES
h1-app-5864579b49-4kw67,1/1,Running,0,2m12s,10.244.2.122,kind-worker,<none>,<none>
h1-app-5864579b49-7782p,1/1,Running,0,2m42s,10.244.2.121,kind-worker,<none>,<none>
h1-app-5864579b49-c67ks,1/1,Running,0,3m2s,10.244.3.119,kind-worker3,<none>,<none>
h1-app-5864579b49-jm94z,1/1,Running,0,42s,10.244.1.95,kind-worker2,<none>,<none>
h1-app-5864579b49-l5k28,1/1,Running,0,42s,10.244.3.121,kind-worker3,<none>,<none>
h1-app-5864579b49-t4t5n,1/1,Running,0,42s,10.244.1.96,kind-worker2,<none>,<none>
idx,176,LOG_TIME,2023-05-18T15:21:34,2023-05-18T10:21:34,-,-,-,-,-,-
NAME,READY,STATUS,RESTARTS,AGE,IP,NODE,NOMINATED,NODE,READINESS,GATES
h1-app-5864579b49-4kw67,1/1,Running,0,2m13s,10.244.2.122,kind-worker,<none>,<none>
h1-app-5864579b49-7782p,1/1,Running,0,2m43s,10.244.2.121,kind-worker,<none>,<none>
h1-app-5864579b49-c67ks,1/1,Running,0,3m3s,10.244.3.119,kind-worker3,<none>,<none>
h1-app-5864579b49-jm94z,1/1,Running,0,43s,10.244.1.95,kind-worker2,<none>,<none>
h1-app-5864579b49-l5k28,1/1,Running,0,43s,10.244.3.121,kind-worker3,<none>,<none>
h1-app-5864579b49-t4t5n,1/1,Running,0,43s,10.244.1.96,kind-worker2,<none>,<none>
idx,177,LOG_TIME,2023-05-18T15:21:35,2023-05-18T10:21:35,-,-,-,-,-,-
NAME,READY,STATUS,RESTARTS,AGE,IP,NODE,NOMINATED,NODE,READINESS,GATES
h1-app-5864579b49-4kw67,1/1,Running,0,2m14s,10.244.2.122,kind-worker,<none>,<none>
h1-app-5864579b49-7782p,1/1,Running,0,2m44s,10.244.2.121,kind-worker,<none>,<none>
h1-app-5864579b49-c67ks,1/1,Running,0,3m4s,10.244.3.119,kind-worker3,<none>,<none>
h1-app-5864579b49-jm94z,1/1,Running,0,44s,10.244.1.95,kind-worker2,<none>,<none>
h1-app-5864579b49-l5k28,1/1,Running,0,44s,10.244.3.121,kind-worker3,<none>,<none>
h1-app-5864579b49-t4t5n,1/1,Running,0,44s,10.244.1.96,kind-worker2,<none>,<none>
idx,178,LOG_TIME,2023-05-18T15:21:36,2023-05-18T10:21:36,-,-,-,-,-,-
NAME,READY,STATUS,RESTARTS,AGE,IP,NODE,NOMINATED,NODE,READINESS,GATES
h1-app-5864579b49-4kw67,1/1,Running,0,2m15s,10.244.2.122,kind-worker,<none>,<none>
h1-app-5864579b49-7782p,1/1,Running,0,2m45s,10.244.2.121,kind-worker,<none>,<none>
h1-app-5864579b49-c67ks,1/1,Running,0,3m5s,10.244.3.119,kind-worker3,<none>,<none>
h1-app-5864579b49-jm94z,1/1,Running,0,45s,10.244.1.95,kind-worker2,<none>,<none>
h1-app-5864579b49-l5k28,1/1,Running,0,45s,10.244.3.121,kind-worker3,<none>,<none>
h1-app-5864579b49-t4t5n,1/1,Running,0,45s,10.244.1.96,kind-worker2,<none>,<none>
idx,179,LOG_TIME,2023-05-18T15:21:37,2023-05-18T10:21:37,-,-,-,-,-,-
NAME,READY,STATUS,RESTARTS,AGE,IP,NODE,NOMINATED,NODE,READINESS,GATES
h1-app-5864579b49-4kw67,1/1,Running,0,2m16s,10.244.2.122,kind-worker,<none>,<none>
h1-app-5864579b49-7782p,1/1,Running,0,2m46s,10.244.2.121,kind-worker,<none>,<none>
h1-app-5864579b49-c67ks,1/1,Running,0,3m6s,10.244.3.119,kind-worker3,<none>,<none>
h1-app-5864579b49-jm94z,1/1,Running,0,46s,10.244.1.95,kind-worker2,<none>,<none>
h1-app-5864579b49-l5k28,1/1,Running,0,46s,10.244.3.121,kind-worker3,<none>,<none>
h1-app-5864579b49-t4t5n,1/1,Running,0,46s,10.244.1.96,kind-worker2,<none>,<none>
