idx,0,LOG_TIME,2023-05-18T15:18:34,2023-05-18T10:18:34,-
NAME,CPU(cores),CPU%,MEMORY(bytes),MEMORY%,
kind-control-plane,297m,3%,821Mi,10%,
kind-worker,44m,0%,294Mi,3%,
kind-worker2,59m,0%,314Mi,3%,
kind-worker3,44m,0%,291Mi,3%,
idx,1,LOG_TIME,2023-05-18T15:18:35,2023-05-18T10:18:35,-
NAME,CPU(cores),CPU%,MEMORY(bytes),MEMORY%,
kind-control-plane,301m,3%,823Mi,10%,
kind-worker,44m,0%,293Mi,3%,
kind-worker2,55m,0%,311Mi,3%,
kind-worker3,45m,0%,290Mi,3%,
idx,2,LOG_TIME,2023-05-18T15:18:36,2023-05-18T10:18:36,-
NAME,CPU(cores),CPU%,MEMORY(bytes),MEMORY%,
kind-control-plane,301m,3%,823Mi,10%,
kind-worker,44m,0%,293Mi,3%,
kind-worker2,55m,0%,311Mi,3%,
kind-worker3,45m,0%,290Mi,3%,
idx,3,LOG_TIME,2023-05-18T15:18:37,2023-05-18T10:18:37,-
NAME,CPU(cores),CPU%,MEMORY(bytes),MEMORY%,
kind-control-plane,301m,3%,823Mi,10%,
kind-worker,44m,0%,293Mi,3%,
kind-worker2,55m,0%,311Mi,3%,
kind-worker3,45m,0%,290Mi,3%,
idx,4,LOG_TIME,2023-05-18T15:18:38,2023-05-18T10:18:38,-
NAME,CPU(cores),CPU%,MEMORY(bytes),MEMORY%,
kind-control-plane,301m,3%,823Mi,10%,
kind-worker,44m,0%,293Mi,3%,
kind-worker2,55m,0%,311Mi,3%,
kind-worker3,45m,0%,290Mi,3%,
idx,5,LOG_TIME,2023-05-18T15:18:39,2023-05-18T10:18:39,-
NAME,CPU(cores),CPU%,MEMORY(bytes),MEMORY%,
kind-control-plane,301m,3%,823Mi,10%,
kind-worker,44m,0%,293Mi,3%,
kind-worker2,55m,0%,311Mi,3%,
kind-worker3,45m,0%,290Mi,3%,
idx,6,LOG_TIME,2023-05-18T15:18:40,2023-05-18T10:18:40,-
NAME,CPU(cores),CPU%,MEMORY(bytes),MEMORY%,
kind-control-plane,301m,3%,823Mi,10%,
kind-worker,44m,0%,293Mi,3%,
kind-worker2,55m,0%,311Mi,3%,
kind-worker3,45m,0%,290Mi,3%,
idx,7,LOG_TIME,2023-05-18T15:18:41,2023-05-18T10:18:41,-
NAME,CPU(cores),CPU%,MEMORY(bytes),MEMORY%,
kind-control-plane,301m,3%,823Mi,10%,
kind-worker,44m,0%,293Mi,3%,
kind-worker2,55m,0%,311Mi,3%,
kind-worker3,45m,0%,290Mi,3%,
idx,8,LOG_TIME,2023-05-18T15:18:42,2023-05-18T10:18:42,-
NAME,CPU(cores),CPU%,MEMORY(bytes),MEMORY%,
kind-control-plane,301m,3%,823Mi,10%,
kind-worker,44m,0%,293Mi,3%,
kind-worker2,55m,0%,311Mi,3%,
kind-worker3,45m,0%,290Mi,3%,
idx,9,LOG_TIME,2023-05-18T15:18:43,2023-05-18T10:18:43,-
NAME,CPU(cores),CPU%,MEMORY(bytes),MEMORY%,
kind-control-plane,301m,3%,823Mi,10%,
kind-worker,44m,0%,293Mi,3%,
kind-worker2,55m,0%,311Mi,3%,
kind-worker3,45m,0%,290Mi,3%,
idx,10,LOG_TIME,2023-05-18T15:18:44,2023-05-18T10:18:44,-
NAME,CPU(cores),CPU%,MEMORY(bytes),MEMORY%,
kind-control-plane,357m,4%,819Mi,10%,
kind-worker,40m,0%,294Mi,3%,
kind-worker2,51m,0%,312Mi,3%,
kind-worker3,169m,2%,310Mi,3%,
idx,11,LOG_TIME,2023-05-18T15:18:45,2023-05-18T10:18:45,-
NAME,CPU(cores),CPU%,MEMORY(bytes),MEMORY%,
kind-control-plane,357m,4%,819Mi,10%,
kind-worker,40m,0%,294Mi,3%,
kind-worker2,51m,0%,312Mi,3%,
kind-worker3,169m,2%,310Mi,3%,
idx,12,LOG_TIME,2023-05-18T15:18:46,2023-05-18T10:18:46,-
NAME,CPU(cores),CPU%,MEMORY(bytes),MEMORY%,
kind-control-plane,357m,4%,819Mi,10%,
kind-worker,40m,0%,294Mi,3%,
kind-worker2,51m,0%,312Mi,3%,
kind-worker3,169m,2%,310Mi,3%,
idx,13,LOG_TIME,2023-05-18T15:18:47,2023-05-18T10:18:47,-
NAME,CPU(cores),CPU%,MEMORY(bytes),MEMORY%,
kind-control-plane,357m,4%,819Mi,10%,
kind-worker,40m,0%,294Mi,3%,
kind-worker2,51m,0%,312Mi,3%,
kind-worker3,169m,2%,310Mi,3%,
idx,14,LOG_TIME,2023-05-18T15:18:48,2023-05-18T10:18:48,-
NAME,CPU(cores),CPU%,MEMORY(bytes),MEMORY%,
kind-control-plane,357m,4%,819Mi,10%,
kind-worker,40m,0%,294Mi,3%,
kind-worker2,51m,0%,312Mi,3%,
kind-worker3,169m,2%,310Mi,3%,
idx,15,LOG_TIME,2023-05-18T15:18:49,2023-05-18T10:18:49,-
NAME,CPU(cores),CPU%,MEMORY(bytes),MEMORY%,
kind-control-plane,357m,4%,819Mi,10%,
kind-worker,40m,0%,294Mi,3%,
kind-worker2,51m,0%,312Mi,3%,
kind-worker3,169m,2%,310Mi,3%,
idx,16,LOG_TIME,2023-05-18T15:18:50,2023-05-18T10:18:50,-
NAME,CPU(cores),CPU%,MEMORY(bytes),MEMORY%,
kind-control-plane,357m,4%,819Mi,10%,
kind-worker,40m,0%,294Mi,3%,
kind-worker2,51m,0%,312Mi,3%,
kind-worker3,169m,2%,310Mi,3%,
idx,17,LOG_TIME,2023-05-18T15:18:51,2023-05-18T10:18:51,-
NAME,CPU(cores),CPU%,MEMORY(bytes),MEMORY%,
kind-control-plane,357m,4%,819Mi,10%,
kind-worker,40m,0%,294Mi,3%,
kind-worker2,51m,0%,312Mi,3%,
kind-worker3,169m,2%,310Mi,3%,
idx,18,LOG_TIME,2023-05-18T15:18:53,2023-05-18T10:18:53,-
NAME,CPU(cores),CPU%,MEMORY(bytes),MEMORY%,
kind-control-plane,357m,4%,819Mi,10%,
kind-worker,40m,0%,294Mi,3%,
kind-worker2,51m,0%,312Mi,3%,
kind-worker3,169m,2%,310Mi,3%,
idx,19,LOG_TIME,2023-05-18T15:18:54,2023-05-18T10:18:54,-
NAME,CPU(cores),CPU%,MEMORY(bytes),MEMORY%,
kind-control-plane,357m,4%,819Mi,10%,
kind-worker,40m,0%,294Mi,3%,
kind-worker2,51m,0%,312Mi,3%,
kind-worker3,169m,2%,310Mi,3%,
idx,20,LOG_TIME,2023-05-18T15:18:55,2023-05-18T10:18:55,-
NAME,CPU(cores),CPU%,MEMORY(bytes),MEMORY%,
kind-control-plane,983m,12%,830Mi,10%,
kind-worker,34m,0%,295Mi,3%,
kind-worker2,51m,0%,312Mi,3%,
kind-worker3,136m,1%,311Mi,3%,
idx,21,LOG_TIME,2023-05-18T15:18:56,2023-05-18T10:18:56,-
NAME,CPU(cores),CPU%,MEMORY(bytes),MEMORY%,
kind-control-plane,983m,12%,830Mi,10%,
kind-worker,34m,0%,295Mi,3%,
kind-worker2,51m,0%,312Mi,3%,
kind-worker3,136m,1%,311Mi,3%,
idx,22,LOG_TIME,2023-05-18T15:18:57,2023-05-18T10:18:57,-
NAME,CPU(cores),CPU%,MEMORY(bytes),MEMORY%,
kind-control-plane,983m,12%,830Mi,10%,
kind-worker,34m,0%,295Mi,3%,
kind-worker2,51m,0%,312Mi,3%,
kind-worker3,136m,1%,311Mi,3%,
idx,23,LOG_TIME,2023-05-18T15:18:58,2023-05-18T10:18:58,-
NAME,CPU(cores),CPU%,MEMORY(bytes),MEMORY%,
kind-control-plane,983m,12%,830Mi,10%,
kind-worker,34m,0%,295Mi,3%,
kind-worker2,51m,0%,312Mi,3%,
kind-worker3,136m,1%,311Mi,3%,
idx,24,LOG_TIME,2023-05-18T15:18:59,2023-05-18T10:18:59,-
NAME,CPU(cores),CPU%,MEMORY(bytes),MEMORY%,
kind-control-plane,983m,12%,830Mi,10%,
kind-worker,34m,0%,295Mi,3%,
kind-worker2,51m,0%,312Mi,3%,
kind-worker3,136m,1%,311Mi,3%,
idx,25,LOG_TIME,2023-05-18T15:19:00,2023-05-18T10:19:00,-
NAME,CPU(cores),CPU%,MEMORY(bytes),MEMORY%,
kind-control-plane,983m,12%,830Mi,10%,
kind-worker,34m,0%,295Mi,3%,
kind-worker2,51m,0%,312Mi,3%,
kind-worker3,136m,1%,311Mi,3%,
idx,26,LOG_TIME,2023-05-18T15:19:01,2023-05-18T10:19:01,-
NAME,CPU(cores),CPU%,MEMORY(bytes),MEMORY%,
kind-control-plane,983m,12%,830Mi,10%,
kind-worker,34m,0%,295Mi,3%,
kind-worker2,51m,0%,312Mi,3%,
kind-worker3,136m,1%,311Mi,3%,
idx,27,LOG_TIME,2023-05-18T15:19:02,2023-05-18T10:19:02,-
NAME,CPU(cores),CPU%,MEMORY(bytes),MEMORY%,
kind-control-plane,983m,12%,830Mi,10%,
kind-worker,34m,0%,295Mi,3%,
kind-worker2,51m,0%,312Mi,3%,
kind-worker3,136m,1%,311Mi,3%,
idx,28,LOG_TIME,2023-05-18T15:19:03,2023-05-18T10:19:03,-
NAME,CPU(cores),CPU%,MEMORY(bytes),MEMORY%,
kind-control-plane,983m,12%,830Mi,10%,
kind-worker,34m,0%,295Mi,3%,
kind-worker2,51m,0%,312Mi,3%,
kind-worker3,136m,1%,311Mi,3%,
idx,29,LOG_TIME,2023-05-18T15:19:04,2023-05-18T10:19:04,-
NAME,CPU(cores),CPU%,MEMORY(bytes),MEMORY%,
kind-control-plane,983m,12%,830Mi,10%,
kind-worker,34m,0%,295Mi,3%,
kind-worker2,51m,0%,312Mi,3%,
kind-worker3,136m,1%,311Mi,3%,
idx,30,LOG_TIME,2023-05-18T15:19:05,2023-05-18T10:19:05,-
NAME,CPU(cores),CPU%,MEMORY(bytes),MEMORY%,
kind-control-plane,962m,12%,835Mi,10%,
kind-worker,128m,1%,307Mi,3%,
kind-worker2,177m,2%,331Mi,4%,
kind-worker3,144m,1%,312Mi,3%,
idx,31,LOG_TIME,2023-05-18T15:19:06,2023-05-18T10:19:06,-
NAME,CPU(cores),CPU%,MEMORY(bytes),MEMORY%,
kind-control-plane,962m,12%,835Mi,10%,
kind-worker,128m,1%,307Mi,3%,
kind-worker2,177m,2%,331Mi,4%,
kind-worker3,144m,1%,312Mi,3%,
idx,32,LOG_TIME,2023-05-18T15:19:07,2023-05-18T10:19:07,-
NAME,CPU(cores),CPU%,MEMORY(bytes),MEMORY%,
kind-control-plane,962m,12%,835Mi,10%,
kind-worker,128m,1%,307Mi,3%,
kind-worker2,177m,2%,331Mi,4%,
kind-worker3,144m,1%,312Mi,3%,
idx,33,LOG_TIME,2023-05-18T15:19:08,2023-05-18T10:19:08,-
NAME,CPU(cores),CPU%,MEMORY(bytes),MEMORY%,
kind-control-plane,962m,12%,835Mi,10%,
kind-worker,128m,1%,307Mi,3%,
kind-worker2,177m,2%,331Mi,4%,
kind-worker3,144m,1%,312Mi,3%,
idx,34,LOG_TIME,2023-05-18T15:19:09,2023-05-18T10:19:09,-
NAME,CPU(cores),CPU%,MEMORY(bytes),MEMORY%,
kind-control-plane,962m,12%,835Mi,10%,
kind-worker,128m,1%,307Mi,3%,
kind-worker2,177m,2%,331Mi,4%,
kind-worker3,144m,1%,312Mi,3%,
idx,35,LOG_TIME,2023-05-18T15:19:10,2023-05-18T10:19:10,-
NAME,CPU(cores),CPU%,MEMORY(bytes),MEMORY%,
kind-control-plane,962m,12%,835Mi,10%,
kind-worker,128m,1%,307Mi,3%,
kind-worker2,177m,2%,331Mi,4%,
kind-worker3,144m,1%,312Mi,3%,
idx,36,LOG_TIME,2023-05-18T15:19:11,2023-05-18T10:19:11,-
NAME,CPU(cores),CPU%,MEMORY(bytes),MEMORY%,
kind-control-plane,962m,12%,835Mi,10%,
kind-worker,128m,1%,307Mi,3%,
kind-worker2,177m,2%,331Mi,4%,
kind-worker3,144m,1%,312Mi,3%,
idx,37,LOG_TIME,2023-05-18T15:19:12,2023-05-18T10:19:12,-
NAME,CPU(cores),CPU%,MEMORY(bytes),MEMORY%,
kind-control-plane,962m,12%,835Mi,10%,
kind-worker,128m,1%,307Mi,3%,
kind-worker2,177m,2%,331Mi,4%,
kind-worker3,144m,1%,312Mi,3%,
idx,38,LOG_TIME,2023-05-18T15:19:13,2023-05-18T10:19:13,-
NAME,CPU(cores),CPU%,MEMORY(bytes),MEMORY%,
kind-control-plane,962m,12%,835Mi,10%,
kind-worker,128m,1%,307Mi,3%,
kind-worker2,177m,2%,331Mi,4%,
kind-worker3,144m,1%,312Mi,3%,
idx,39,LOG_TIME,2023-05-18T15:19:14,2023-05-18T10:19:14,-
NAME,CPU(cores),CPU%,MEMORY(bytes),MEMORY%,
kind-control-plane,962m,12%,835Mi,10%,
kind-worker,128m,1%,307Mi,3%,
kind-worker2,177m,2%,331Mi,4%,
kind-worker3,144m,1%,312Mi,3%,
idx,40,LOG_TIME,2023-05-18T15:19:15,2023-05-18T10:19:15,-
NAME,CPU(cores),CPU%,MEMORY(bytes),MEMORY%,
kind-control-plane,969m,12%,833Mi,10%,
kind-worker,141m,1%,314Mi,3%,
kind-worker2,149m,1%,332Mi,4%,
kind-worker3,138m,1%,312Mi,3%,
idx,41,LOG_TIME,2023-05-18T15:19:16,2023-05-18T10:19:16,-
NAME,CPU(cores),CPU%,MEMORY(bytes),MEMORY%,
kind-control-plane,969m,12%,833Mi,10%,
kind-worker,141m,1%,314Mi,3%,
kind-worker2,149m,1%,332Mi,4%,
kind-worker3,138m,1%,312Mi,3%,
idx,42,LOG_TIME,2023-05-18T15:19:17,2023-05-18T10:19:17,-
NAME,CPU(cores),CPU%,MEMORY(bytes),MEMORY%,
kind-control-plane,969m,12%,833Mi,10%,
kind-worker,141m,1%,314Mi,3%,
kind-worker2,149m,1%,332Mi,4%,
kind-worker3,138m,1%,312Mi,3%,
idx,43,LOG_TIME,2023-05-18T15:19:18,2023-05-18T10:19:18,-
NAME,CPU(cores),CPU%,MEMORY(bytes),MEMORY%,
kind-control-plane,969m,12%,833Mi,10%,
kind-worker,141m,1%,314Mi,3%,
kind-worker2,149m,1%,332Mi,4%,
kind-worker3,138m,1%,312Mi,3%,
idx,44,LOG_TIME,2023-05-18T15:19:19,2023-05-18T10:19:19,-
NAME,CPU(cores),CPU%,MEMORY(bytes),MEMORY%,
kind-control-plane,969m,12%,833Mi,10%,
kind-worker,141m,1%,314Mi,3%,
kind-worker2,149m,1%,332Mi,4%,
kind-worker3,138m,1%,312Mi,3%,
idx,45,LOG_TIME,2023-05-18T15:19:20,2023-05-18T10:19:20,-
NAME,CPU(cores),CPU%,MEMORY(bytes),MEMORY%,
kind-control-plane,969m,12%,833Mi,10%,
kind-worker,141m,1%,314Mi,3%,
kind-worker2,149m,1%,332Mi,4%,
kind-worker3,138m,1%,312Mi,3%,
idx,46,LOG_TIME,2023-05-18T15:19:21,2023-05-18T10:19:21,-
NAME,CPU(cores),CPU%,MEMORY(bytes),MEMORY%,
kind-control-plane,969m,12%,833Mi,10%,
kind-worker,141m,1%,314Mi,3%,
kind-worker2,149m,1%,332Mi,4%,
kind-worker3,138m,1%,312Mi,3%,
idx,47,LOG_TIME,2023-05-18T15:19:22,2023-05-18T10:19:22,-
NAME,CPU(cores),CPU%,MEMORY(bytes),MEMORY%,
kind-control-plane,969m,12%,833Mi,10%,
kind-worker,141m,1%,314Mi,3%,
kind-worker2,149m,1%,332Mi,4%,
kind-worker3,138m,1%,312Mi,3%,
idx,48,LOG_TIME,2023-05-18T15:19:23,2023-05-18T10:19:23,-
NAME,CPU(cores),CPU%,MEMORY(bytes),MEMORY%,
kind-control-plane,969m,12%,833Mi,10%,
kind-worker,141m,1%,314Mi,3%,
kind-worker2,149m,1%,332Mi,4%,
kind-worker3,138m,1%,312Mi,3%,
idx,49,LOG_TIME,2023-05-18T15:19:24,2023-05-18T10:19:24,-
NAME,CPU(cores),CPU%,MEMORY(bytes),MEMORY%,
kind-control-plane,969m,12%,833Mi,10%,
kind-worker,141m,1%,314Mi,3%,
kind-worker2,149m,1%,332Mi,4%,
kind-worker3,138m,1%,312Mi,3%,
idx,50,LOG_TIME,2023-05-18T15:19:25,2023-05-18T10:19:25,-
NAME,CPU(cores),CPU%,MEMORY(bytes),MEMORY%,
kind-control-plane,965m,12%,839Mi,10%,
kind-worker,140m,1%,315Mi,3%,
kind-worker2,151m,1%,334Mi,4%,
kind-worker3,135m,1%,310Mi,3%,
idx,51,LOG_TIME,2023-05-18T15:19:26,2023-05-18T10:19:26,-
NAME,CPU(cores),CPU%,MEMORY(bytes),MEMORY%,
kind-control-plane,965m,12%,839Mi,10%,
kind-worker,140m,1%,315Mi,3%,
kind-worker2,151m,1%,334Mi,4%,
kind-worker3,135m,1%,310Mi,3%,
idx,52,LOG_TIME,2023-05-18T15:19:27,2023-05-18T10:19:27,-
NAME,CPU(cores),CPU%,MEMORY(bytes),MEMORY%,
kind-control-plane,965m,12%,839Mi,10%,
kind-worker,140m,1%,315Mi,3%,
kind-worker2,151m,1%,334Mi,4%,
kind-worker3,135m,1%,310Mi,3%,
idx,53,LOG_TIME,2023-05-18T15:19:28,2023-05-18T10:19:28,-
NAME,CPU(cores),CPU%,MEMORY(bytes),MEMORY%,
kind-control-plane,965m,12%,839Mi,10%,
kind-worker,140m,1%,315Mi,3%,
kind-worker2,151m,1%,334Mi,4%,
kind-worker3,135m,1%,310Mi,3%,
idx,54,LOG_TIME,2023-05-18T15:19:29,2023-05-18T10:19:29,-
NAME,CPU(cores),CPU%,MEMORY(bytes),MEMORY%,
kind-control-plane,965m,12%,839Mi,10%,
kind-worker,140m,1%,315Mi,3%,
kind-worker2,151m,1%,334Mi,4%,
kind-worker3,135m,1%,310Mi,3%,
idx,55,LOG_TIME,2023-05-18T15:19:30,2023-05-18T10:19:30,-
NAME,CPU(cores),CPU%,MEMORY(bytes),MEMORY%,
kind-control-plane,965m,12%,839Mi,10%,
kind-worker,140m,1%,315Mi,3%,
kind-worker2,151m,1%,334Mi,4%,
kind-worker3,135m,1%,310Mi,3%,
idx,56,LOG_TIME,2023-05-18T15:19:31,2023-05-18T10:19:31,-
NAME,CPU(cores),CPU%,MEMORY(bytes),MEMORY%,
kind-control-plane,965m,12%,839Mi,10%,
kind-worker,140m,1%,315Mi,3%,
kind-worker2,151m,1%,334Mi,4%,
kind-worker3,135m,1%,310Mi,3%,
idx,57,LOG_TIME,2023-05-18T15:19:32,2023-05-18T10:19:32,-
NAME,CPU(cores),CPU%,MEMORY(bytes),MEMORY%,
kind-control-plane,965m,12%,839Mi,10%,
kind-worker,140m,1%,315Mi,3%,
kind-worker2,151m,1%,334Mi,4%,
kind-worker3,135m,1%,310Mi,3%,
idx,58,LOG_TIME,2023-05-18T15:19:33,2023-05-18T10:19:33,-
NAME,CPU(cores),CPU%,MEMORY(bytes),MEMORY%,
kind-control-plane,965m,12%,839Mi,10%,
kind-worker,140m,1%,315Mi,3%,
kind-worker2,151m,1%,334Mi,4%,
kind-worker3,135m,1%,310Mi,3%,
idx,59,LOG_TIME,2023-05-18T15:19:34,2023-05-18T10:19:34,-
NAME,CPU(cores),CPU%,MEMORY(bytes),MEMORY%,
kind-control-plane,1007m,12%,843Mi,10%,
kind-worker,222m,2%,327Mi,4%,
kind-worker2,153m,1%,331Mi,4%,
kind-worker3,252m,3%,330Mi,4%,
idx,60,LOG_TIME,2023-05-18T15:19:35,2023-05-18T10:19:35,-
NAME,CPU(cores),CPU%,MEMORY(bytes),MEMORY%,
kind-control-plane,1007m,12%,843Mi,10%,
kind-worker,222m,2%,327Mi,4%,
kind-worker2,153m,1%,331Mi,4%,
kind-worker3,252m,3%,330Mi,4%,
idx,61,LOG_TIME,2023-05-18T15:19:36,2023-05-18T10:19:36,-
NAME,CPU(cores),CPU%,MEMORY(bytes),MEMORY%,
kind-control-plane,1007m,12%,843Mi,10%,
kind-worker,222m,2%,327Mi,4%,
kind-worker2,153m,1%,331Mi,4%,
kind-worker3,252m,3%,330Mi,4%,
idx,62,LOG_TIME,2023-05-18T15:19:37,2023-05-18T10:19:37,-
NAME,CPU(cores),CPU%,MEMORY(bytes),MEMORY%,
kind-control-plane,1007m,12%,843Mi,10%,
kind-worker,222m,2%,327Mi,4%,
kind-worker2,153m,1%,331Mi,4%,
kind-worker3,252m,3%,330Mi,4%,
idx,63,LOG_TIME,2023-05-18T15:19:38,2023-05-18T10:19:38,-
NAME,CPU(cores),CPU%,MEMORY(bytes),MEMORY%,
kind-control-plane,1007m,12%,843Mi,10%,
kind-worker,222m,2%,327Mi,4%,
kind-worker2,153m,1%,331Mi,4%,
kind-worker3,252m,3%,330Mi,4%,
idx,64,LOG_TIME,2023-05-18T15:19:39,2023-05-18T10:19:39,-
NAME,CPU(cores),CPU%,MEMORY(bytes),MEMORY%,
kind-control-plane,1007m,12%,843Mi,10%,
kind-worker,222m,2%,327Mi,4%,
kind-worker2,153m,1%,331Mi,4%,
kind-worker3,252m,3%,330Mi,4%,
idx,65,LOG_TIME,2023-05-18T15:19:40,2023-05-18T10:19:40,-
NAME,CPU(cores),CPU%,MEMORY(bytes),MEMORY%,
kind-control-plane,1007m,12%,843Mi,10%,
kind-worker,222m,2%,327Mi,4%,
kind-worker2,153m,1%,331Mi,4%,
kind-worker3,252m,3%,330Mi,4%,
idx,66,LOG_TIME,2023-05-18T15:19:41,2023-05-18T10:19:41,-
NAME,CPU(cores),CPU%,MEMORY(bytes),MEMORY%,
kind-control-plane,1007m,12%,843Mi,10%,
kind-worker,222m,2%,327Mi,4%,
kind-worker2,153m,1%,331Mi,4%,
kind-worker3,252m,3%,330Mi,4%,
idx,67,LOG_TIME,2023-05-18T15:19:42,2023-05-18T10:19:42,-
NAME,CPU(cores),CPU%,MEMORY(bytes),MEMORY%,
kind-control-plane,1007m,12%,843Mi,10%,
kind-worker,222m,2%,327Mi,4%,
kind-worker2,153m,1%,331Mi,4%,
kind-worker3,252m,3%,330Mi,4%,
idx,68,LOG_TIME,2023-05-18T15:19:43,2023-05-18T10:19:43,-
NAME,CPU(cores),CPU%,MEMORY(bytes),MEMORY%,
kind-control-plane,1007m,12%,843Mi,10%,
kind-worker,222m,2%,327Mi,4%,
kind-worker2,153m,1%,331Mi,4%,
kind-worker3,252m,3%,330Mi,4%,
idx,69,LOG_TIME,2023-05-18T15:19:44,2023-05-18T10:19:44,-
NAME,CPU(cores),CPU%,MEMORY(bytes),MEMORY%,
kind-control-plane,977m,12%,842Mi,10%,
kind-worker,242m,3%,333Mi,4%,
kind-worker2,231m,2%,342Mi,4%,
kind-worker3,240m,3%,330Mi,4%,
idx,70,LOG_TIME,2023-05-18T15:19:45,2023-05-18T10:19:45,-
NAME,CPU(cores),CPU%,MEMORY(bytes),MEMORY%,
kind-control-plane,977m,12%,842Mi,10%,
kind-worker,242m,3%,333Mi,4%,
kind-worker2,231m,2%,342Mi,4%,
kind-worker3,240m,3%,330Mi,4%,
idx,71,LOG_TIME,2023-05-18T15:19:47,2023-05-18T10:19:47,-
NAME,CPU(cores),CPU%,MEMORY(bytes),MEMORY%,
kind-control-plane,977m,12%,842Mi,10%,
kind-worker,242m,3%,333Mi,4%,
kind-worker2,231m,2%,342Mi,4%,
kind-worker3,240m,3%,330Mi,4%,
idx,72,LOG_TIME,2023-05-18T15:19:48,2023-05-18T10:19:48,-
NAME,CPU(cores),CPU%,MEMORY(bytes),MEMORY%,
kind-control-plane,977m,12%,842Mi,10%,
kind-worker,242m,3%,333Mi,4%,
kind-worker2,231m,2%,342Mi,4%,
kind-worker3,240m,3%,330Mi,4%,
idx,73,LOG_TIME,2023-05-18T15:19:49,2023-05-18T10:19:49,-
NAME,CPU(cores),CPU%,MEMORY(bytes),MEMORY%,
kind-control-plane,977m,12%,842Mi,10%,
kind-worker,242m,3%,333Mi,4%,
kind-worker2,231m,2%,342Mi,4%,
kind-worker3,240m,3%,330Mi,4%,
idx,74,LOG_TIME,2023-05-18T15:19:50,2023-05-18T10:19:50,-
NAME,CPU(cores),CPU%,MEMORY(bytes),MEMORY%,
kind-control-plane,977m,12%,842Mi,10%,
kind-worker,242m,3%,333Mi,4%,
kind-worker2,231m,2%,342Mi,4%,
kind-worker3,240m,3%,330Mi,4%,
idx,75,LOG_TIME,2023-05-18T15:19:51,2023-05-18T10:19:51,-
NAME,CPU(cores),CPU%,MEMORY(bytes),MEMORY%,
kind-control-plane,977m,12%,842Mi,10%,
kind-worker,242m,3%,333Mi,4%,
kind-worker2,231m,2%,342Mi,4%,
kind-worker3,240m,3%,330Mi,4%,
idx,76,LOG_TIME,2023-05-18T15:19:52,2023-05-18T10:19:52,-
NAME,CPU(cores),CPU%,MEMORY(bytes),MEMORY%,
kind-control-plane,977m,12%,842Mi,10%,
kind-worker,242m,3%,333Mi,4%,
kind-worker2,231m,2%,342Mi,4%,
kind-worker3,240m,3%,330Mi,4%,
idx,77,LOG_TIME,2023-05-18T15:19:53,2023-05-18T10:19:53,-
NAME,CPU(cores),CPU%,MEMORY(bytes),MEMORY%,
kind-control-plane,977m,12%,842Mi,10%,
kind-worker,242m,3%,333Mi,4%,
kind-worker2,231m,2%,342Mi,4%,
kind-worker3,240m,3%,330Mi,4%,
idx,78,LOG_TIME,2023-05-18T15:19:54,2023-05-18T10:19:54,-
NAME,CPU(cores),CPU%,MEMORY(bytes),MEMORY%,
kind-control-plane,977m,12%,842Mi,10%,
kind-worker,242m,3%,333Mi,4%,
kind-worker2,231m,2%,342Mi,4%,
kind-worker3,240m,3%,330Mi,4%,
idx,79,LOG_TIME,2023-05-18T15:19:55,2023-05-18T10:19:55,-
NAME,CPU(cores),CPU%,MEMORY(bytes),MEMORY%,
kind-control-plane,1018m,12%,848Mi,10%,
kind-worker,241m,3%,334Mi,4%,
kind-worker2,257m,3%,355Mi,4%,
kind-worker3,238m,2%,331Mi,4%,
idx,80,LOG_TIME,2023-05-18T15:19:56,2023-05-18T10:19:56,-
NAME,CPU(cores),CPU%,MEMORY(bytes),MEMORY%,
kind-control-plane,1018m,12%,848Mi,10%,
kind-worker,241m,3%,334Mi,4%,
kind-worker2,257m,3%,355Mi,4%,
kind-worker3,238m,2%,331Mi,4%,
idx,81,LOG_TIME,2023-05-18T15:19:57,2023-05-18T10:19:57,-
NAME,CPU(cores),CPU%,MEMORY(bytes),MEMORY%,
kind-control-plane,1018m,12%,848Mi,10%,
kind-worker,241m,3%,334Mi,4%,
kind-worker2,257m,3%,355Mi,4%,
kind-worker3,238m,2%,331Mi,4%,
idx,82,LOG_TIME,2023-05-18T15:19:58,2023-05-18T10:19:58,-
NAME,CPU(cores),CPU%,MEMORY(bytes),MEMORY%,
kind-control-plane,1018m,12%,848Mi,10%,
kind-worker,241m,3%,334Mi,4%,
kind-worker2,257m,3%,355Mi,4%,
kind-worker3,238m,2%,331Mi,4%,
idx,83,LOG_TIME,2023-05-18T15:19:59,2023-05-18T10:19:59,-
NAME,CPU(cores),CPU%,MEMORY(bytes),MEMORY%,
kind-control-plane,1018m,12%,848Mi,10%,
kind-worker,241m,3%,334Mi,4%,
kind-worker2,257m,3%,355Mi,4%,
kind-worker3,238m,2%,331Mi,4%,
idx,84,LOG_TIME,2023-05-18T15:20:00,2023-05-18T10:20:00,-
NAME,CPU(cores),CPU%,MEMORY(bytes),MEMORY%,
kind-control-plane,1018m,12%,848Mi,10%,
kind-worker,241m,3%,334Mi,4%,
kind-worker2,257m,3%,355Mi,4%,
kind-worker3,238m,2%,331Mi,4%,
idx,85,LOG_TIME,2023-05-18T15:20:01,2023-05-18T10:20:01,-
NAME,CPU(cores),CPU%,MEMORY(bytes),MEMORY%,
kind-control-plane,1018m,12%,848Mi,10%,
kind-worker,241m,3%,334Mi,4%,
kind-worker2,257m,3%,355Mi,4%,
kind-worker3,238m,2%,331Mi,4%,
idx,86,LOG_TIME,2023-05-18T15:20:02,2023-05-18T10:20:02,-
NAME,CPU(cores),CPU%,MEMORY(bytes),MEMORY%,
kind-control-plane,1018m,12%,848Mi,10%,
kind-worker,241m,3%,334Mi,4%,
kind-worker2,257m,3%,355Mi,4%,
kind-worker3,238m,2%,331Mi,4%,
idx,87,LOG_TIME,2023-05-18T15:20:03,2023-05-18T10:20:03,-
NAME,CPU(cores),CPU%,MEMORY(bytes),MEMORY%,
kind-control-plane,1018m,12%,848Mi,10%,
kind-worker,241m,3%,334Mi,4%,
kind-worker2,257m,3%,355Mi,4%,
kind-worker3,238m,2%,331Mi,4%,
idx,88,LOG_TIME,2023-05-18T15:20:04,2023-05-18T10:20:04,-
NAME,CPU(cores),CPU%,MEMORY(bytes),MEMORY%,
kind-control-plane,1018m,12%,848Mi,10%,
kind-worker,241m,3%,334Mi,4%,
kind-worker2,257m,3%,355Mi,4%,
kind-worker3,238m,2%,331Mi,4%,
idx,89,LOG_TIME,2023-05-18T15:20:05,2023-05-18T10:20:05,-
NAME,CPU(cores),CPU%,MEMORY(bytes),MEMORY%,
kind-control-plane,1022m,12%,844Mi,10%,
kind-worker,246m,3%,333Mi,4%,
kind-worker2,262m,3%,355Mi,4%,
kind-worker3,249m,3%,330Mi,4%,
idx,90,LOG_TIME,2023-05-18T15:20:06,2023-05-18T10:20:06,-
NAME,CPU(cores),CPU%,MEMORY(bytes),MEMORY%,
kind-control-plane,1022m,12%,844Mi,10%,
kind-worker,246m,3%,333Mi,4%,
kind-worker2,262m,3%,355Mi,4%,
kind-worker3,249m,3%,330Mi,4%,
idx,91,LOG_TIME,2023-05-18T15:20:07,2023-05-18T10:20:07,-
NAME,CPU(cores),CPU%,MEMORY(bytes),MEMORY%,
kind-control-plane,1022m,12%,844Mi,10%,
kind-worker,246m,3%,333Mi,4%,
kind-worker2,262m,3%,355Mi,4%,
kind-worker3,249m,3%,330Mi,4%,
idx,92,LOG_TIME,2023-05-18T15:20:08,2023-05-18T10:20:08,-
NAME,CPU(cores),CPU%,MEMORY(bytes),MEMORY%,
kind-control-plane,1022m,12%,844Mi,10%,
kind-worker,246m,3%,333Mi,4%,
kind-worker2,262m,3%,355Mi,4%,
kind-worker3,249m,3%,330Mi,4%,
idx,93,LOG_TIME,2023-05-18T15:20:09,2023-05-18T10:20:09,-
NAME,CPU(cores),CPU%,MEMORY(bytes),MEMORY%,
kind-control-plane,1022m,12%,844Mi,10%,
kind-worker,246m,3%,333Mi,4%,
kind-worker2,262m,3%,355Mi,4%,
kind-worker3,249m,3%,330Mi,4%,
idx,94,LOG_TIME,2023-05-18T15:20:10,2023-05-18T10:20:10,-
NAME,CPU(cores),CPU%,MEMORY(bytes),MEMORY%,
kind-control-plane,1022m,12%,844Mi,10%,
kind-worker,246m,3%,333Mi,4%,
kind-worker2,262m,3%,355Mi,4%,
kind-worker3,249m,3%,330Mi,4%,
idx,95,LOG_TIME,2023-05-18T15:20:11,2023-05-18T10:20:11,-
NAME,CPU(cores),CPU%,MEMORY(bytes),MEMORY%,
kind-control-plane,1022m,12%,844Mi,10%,
kind-worker,246m,3%,333Mi,4%,
kind-worker2,262m,3%,355Mi,4%,
kind-worker3,249m,3%,330Mi,4%,
idx,96,LOG_TIME,2023-05-18T15:20:12,2023-05-18T10:20:12,-
NAME,CPU(cores),CPU%,MEMORY(bytes),MEMORY%,
kind-control-plane,1022m,12%,844Mi,10%,
kind-worker,246m,3%,333Mi,4%,
kind-worker2,262m,3%,355Mi,4%,
kind-worker3,249m,3%,330Mi,4%,
idx,97,LOG_TIME,2023-05-18T15:20:13,2023-05-18T10:20:13,-
NAME,CPU(cores),CPU%,MEMORY(bytes),MEMORY%,
kind-control-plane,1022m,12%,844Mi,10%,
kind-worker,246m,3%,333Mi,4%,
kind-worker2,262m,3%,355Mi,4%,
kind-worker3,249m,3%,330Mi,4%,
idx,98,LOG_TIME,2023-05-18T15:20:14,2023-05-18T10:20:14,-
NAME,CPU(cores),CPU%,MEMORY(bytes),MEMORY%,
kind-control-plane,1022m,12%,844Mi,10%,
kind-worker,246m,3%,333Mi,4%,
kind-worker2,262m,3%,355Mi,4%,
kind-worker3,249m,3%,330Mi,4%,
idx,99,LOG_TIME,2023-05-18T15:20:15,2023-05-18T10:20:15,-
NAME,CPU(cores),CPU%,MEMORY(bytes),MEMORY%,
kind-control-plane,1021m,12%,846Mi,10%,
kind-worker,237m,2%,334Mi,4%,
kind-worker2,254m,3%,355Mi,4%,
kind-worker3,239m,2%,331Mi,4%,
idx,100,LOG_TIME,2023-05-18T15:20:16,2023-05-18T10:20:16,-
NAME,CPU(cores),CPU%,MEMORY(bytes),MEMORY%,
kind-control-plane,1021m,12%,846Mi,10%,
kind-worker,237m,2%,334Mi,4%,
kind-worker2,254m,3%,355Mi,4%,
kind-worker3,239m,2%,331Mi,4%,
idx,101,LOG_TIME,2023-05-18T15:20:17,2023-05-18T10:20:17,-
NAME,CPU(cores),CPU%,MEMORY(bytes),MEMORY%,
kind-control-plane,1021m,12%,846Mi,10%,
kind-worker,237m,2%,334Mi,4%,
kind-worker2,254m,3%,355Mi,4%,
kind-worker3,239m,2%,331Mi,4%,
idx,102,LOG_TIME,2023-05-18T15:20:18,2023-05-18T10:20:18,-
NAME,CPU(cores),CPU%,MEMORY(bytes),MEMORY%,
kind-control-plane,1021m,12%,846Mi,10%,
kind-worker,237m,2%,334Mi,4%,
kind-worker2,254m,3%,355Mi,4%,
kind-worker3,239m,2%,331Mi,4%,
idx,103,LOG_TIME,2023-05-18T15:20:19,2023-05-18T10:20:19,-
NAME,CPU(cores),CPU%,MEMORY(bytes),MEMORY%,
kind-control-plane,1021m,12%,846Mi,10%,
kind-worker,237m,2%,334Mi,4%,
kind-worker2,254m,3%,355Mi,4%,
kind-worker3,239m,2%,331Mi,4%,
idx,104,LOG_TIME,2023-05-18T15:20:20,2023-05-18T10:20:20,-
NAME,CPU(cores),CPU%,MEMORY(bytes),MEMORY%,
kind-control-plane,1021m,12%,846Mi,10%,
kind-worker,237m,2%,334Mi,4%,
kind-worker2,254m,3%,355Mi,4%,
kind-worker3,239m,2%,331Mi,4%,
idx,105,LOG_TIME,2023-05-18T15:20:21,2023-05-18T10:20:21,-
NAME,CPU(cores),CPU%,MEMORY(bytes),MEMORY%,
kind-control-plane,1021m,12%,846Mi,10%,
kind-worker,237m,2%,334Mi,4%,
kind-worker2,254m,3%,355Mi,4%,
kind-worker3,239m,2%,331Mi,4%,
idx,106,LOG_TIME,2023-05-18T15:20:22,2023-05-18T10:20:22,-
NAME,CPU(cores),CPU%,MEMORY(bytes),MEMORY%,
kind-control-plane,1021m,12%,846Mi,10%,
kind-worker,237m,2%,334Mi,4%,
kind-worker2,254m,3%,355Mi,4%,
kind-worker3,239m,2%,331Mi,4%,
idx,107,LOG_TIME,2023-05-18T15:20:23,2023-05-18T10:20:23,-
NAME,CPU(cores),CPU%,MEMORY(bytes),MEMORY%,
kind-control-plane,1021m,12%,846Mi,10%,
kind-worker,237m,2%,334Mi,4%,
kind-worker2,254m,3%,355Mi,4%,
kind-worker3,239m,2%,331Mi,4%,
idx,108,LOG_TIME,2023-05-18T15:20:24,2023-05-18T10:20:24,-
NAME,CPU(cores),CPU%,MEMORY(bytes),MEMORY%,
kind-control-plane,1050m,13%,851Mi,10%,
kind-worker,248m,3%,336Mi,4%,
kind-worker2,256m,3%,353Mi,4%,
kind-worker3,240m,3%,332Mi,4%,
idx,109,LOG_TIME,2023-05-18T15:20:25,2023-05-18T10:20:25,-
NAME,CPU(cores),CPU%,MEMORY(bytes),MEMORY%,
kind-control-plane,1050m,13%,851Mi,10%,
kind-worker,248m,3%,336Mi,4%,
kind-worker2,256m,3%,353Mi,4%,
kind-worker3,240m,3%,332Mi,4%,
idx,110,LOG_TIME,2023-05-18T15:20:26,2023-05-18T10:20:26,-
NAME,CPU(cores),CPU%,MEMORY(bytes),MEMORY%,
kind-control-plane,1050m,13%,851Mi,10%,
kind-worker,248m,3%,336Mi,4%,
kind-worker2,256m,3%,353Mi,4%,
kind-worker3,240m,3%,332Mi,4%,
idx,111,LOG_TIME,2023-05-18T15:20:27,2023-05-18T10:20:27,-
NAME,CPU(cores),CPU%,MEMORY(bytes),MEMORY%,
kind-control-plane,1050m,13%,851Mi,10%,
kind-worker,248m,3%,336Mi,4%,
kind-worker2,256m,3%,353Mi,4%,
kind-worker3,240m,3%,332Mi,4%,
idx,112,LOG_TIME,2023-05-18T15:20:28,2023-05-18T10:20:28,-
NAME,CPU(cores),CPU%,MEMORY(bytes),MEMORY%,
kind-control-plane,1050m,13%,851Mi,10%,
kind-worker,248m,3%,336Mi,4%,
kind-worker2,256m,3%,353Mi,4%,
kind-worker3,240m,3%,332Mi,4%,
idx,113,LOG_TIME,2023-05-18T15:20:29,2023-05-18T10:20:29,-
NAME,CPU(cores),CPU%,MEMORY(bytes),MEMORY%,
kind-control-plane,1050m,13%,851Mi,10%,
kind-worker,248m,3%,336Mi,4%,
kind-worker2,256m,3%,353Mi,4%,
kind-worker3,240m,3%,332Mi,4%,
idx,114,LOG_TIME,2023-05-18T15:20:30,2023-05-18T10:20:30,-
NAME,CPU(cores),CPU%,MEMORY(bytes),MEMORY%,
kind-control-plane,1050m,13%,851Mi,10%,
kind-worker,248m,3%,336Mi,4%,
kind-worker2,256m,3%,353Mi,4%,
kind-worker3,240m,3%,332Mi,4%,
idx,115,LOG_TIME,2023-05-18T15:20:31,2023-05-18T10:20:31,-
NAME,CPU(cores),CPU%,MEMORY(bytes),MEMORY%,
kind-control-plane,1050m,13%,851Mi,10%,
kind-worker,248m,3%,336Mi,4%,
kind-worker2,256m,3%,353Mi,4%,
kind-worker3,240m,3%,332Mi,4%,
idx,116,LOG_TIME,2023-05-18T15:20:32,2023-05-18T10:20:32,-
NAME,CPU(cores),CPU%,MEMORY(bytes),MEMORY%,
kind-control-plane,1050m,13%,851Mi,10%,
kind-worker,248m,3%,336Mi,4%,
kind-worker2,256m,3%,353Mi,4%,
kind-worker3,240m,3%,332Mi,4%,
idx,117,LOG_TIME,2023-05-18T15:20:33,2023-05-18T10:20:33,-
NAME,CPU(cores),CPU%,MEMORY(bytes),MEMORY%,
kind-control-plane,1050m,13%,851Mi,10%,
kind-worker,248m,3%,336Mi,4%,
kind-worker2,256m,3%,353Mi,4%,
kind-worker3,240m,3%,332Mi,4%,
idx,118,LOG_TIME,2023-05-18T15:20:34,2023-05-18T10:20:34,-
NAME,CPU(cores),CPU%,MEMORY(bytes),MEMORY%,
kind-control-plane,1046m,13%,853Mi,10%,
kind-worker,243m,3%,334Mi,4%,
kind-worker2,257m,3%,353Mi,4%,
kind-worker3,244m,3%,331Mi,4%,
idx,119,LOG_TIME,2023-05-18T15:20:35,2023-05-18T10:20:35,-
NAME,CPU(cores),CPU%,MEMORY(bytes),MEMORY%,
kind-control-plane,1046m,13%,853Mi,10%,
kind-worker,243m,3%,334Mi,4%,
kind-worker2,257m,3%,353Mi,4%,
kind-worker3,244m,3%,331Mi,4%,
idx,120,LOG_TIME,2023-05-18T15:20:37,2023-05-18T10:20:37,-
NAME,CPU(cores),CPU%,MEMORY(bytes),MEMORY%,
kind-control-plane,1046m,13%,853Mi,10%,
kind-worker,243m,3%,334Mi,4%,
kind-worker2,257m,3%,353Mi,4%,
kind-worker3,244m,3%,331Mi,4%,
idx,121,LOG_TIME,2023-05-18T15:20:38,2023-05-18T10:20:38,-
NAME,CPU(cores),CPU%,MEMORY(bytes),MEMORY%,
kind-control-plane,1046m,13%,853Mi,10%,
kind-worker,243m,3%,334Mi,4%,
kind-worker2,257m,3%,353Mi,4%,
kind-worker3,244m,3%,331Mi,4%,
idx,122,LOG_TIME,2023-05-18T15:20:39,2023-05-18T10:20:39,-
NAME,CPU(cores),CPU%,MEMORY(bytes),MEMORY%,
kind-control-plane,1046m,13%,853Mi,10%,
kind-worker,243m,3%,334Mi,4%,
kind-worker2,257m,3%,353Mi,4%,
kind-worker3,244m,3%,331Mi,4%,
idx,123,LOG_TIME,2023-05-18T15:20:40,2023-05-18T10:20:40,-
NAME,CPU(cores),CPU%,MEMORY(bytes),MEMORY%,
kind-control-plane,1046m,13%,853Mi,10%,
kind-worker,243m,3%,334Mi,4%,
kind-worker2,257m,3%,353Mi,4%,
kind-worker3,244m,3%,331Mi,4%,
idx,124,LOG_TIME,2023-05-18T15:20:41,2023-05-18T10:20:41,-
NAME,CPU(cores),CPU%,MEMORY(bytes),MEMORY%,
kind-control-plane,1046m,13%,853Mi,10%,
kind-worker,243m,3%,334Mi,4%,
kind-worker2,257m,3%,353Mi,4%,
kind-worker3,244m,3%,331Mi,4%,
idx,125,LOG_TIME,2023-05-18T15:20:42,2023-05-18T10:20:42,-
NAME,CPU(cores),CPU%,MEMORY(bytes),MEMORY%,
kind-control-plane,1046m,13%,853Mi,10%,
kind-worker,243m,3%,334Mi,4%,
kind-worker2,257m,3%,353Mi,4%,
kind-worker3,244m,3%,331Mi,4%,
idx,126,LOG_TIME,2023-05-18T15:20:43,2023-05-18T10:20:43,-
NAME,CPU(cores),CPU%,MEMORY(bytes),MEMORY%,
kind-control-plane,1046m,13%,853Mi,10%,
kind-worker,243m,3%,334Mi,4%,
kind-worker2,257m,3%,353Mi,4%,
kind-worker3,244m,3%,331Mi,4%,
idx,127,LOG_TIME,2023-05-18T15:20:44,2023-05-18T10:20:44,-
NAME,CPU(cores),CPU%,MEMORY(bytes),MEMORY%,
kind-control-plane,1046m,13%,853Mi,10%,
kind-worker,243m,3%,334Mi,4%,
kind-worker2,257m,3%,353Mi,4%,
kind-worker3,244m,3%,331Mi,4%,
idx,128,LOG_TIME,2023-05-18T15:20:45,2023-05-18T10:20:45,-
NAME,CPU(cores),CPU%,MEMORY(bytes),MEMORY%,
kind-control-plane,997m,12%,849Mi,10%,
kind-worker,241m,3%,334Mi,4%,
kind-worker2,288m,3%,313Mi,3%,
kind-worker3,256m,3%,299Mi,3%,
idx,129,LOG_TIME,2023-05-18T15:20:46,2023-05-18T10:20:46,-
NAME,CPU(cores),CPU%,MEMORY(bytes),MEMORY%,
kind-control-plane,997m,12%,849Mi,10%,
kind-worker,241m,3%,334Mi,4%,
kind-worker2,288m,3%,313Mi,3%,
kind-worker3,256m,3%,299Mi,3%,
idx,130,LOG_TIME,2023-05-18T15:20:47,2023-05-18T10:20:47,-
NAME,CPU(cores),CPU%,MEMORY(bytes),MEMORY%,
kind-control-plane,997m,12%,849Mi,10%,
kind-worker,241m,3%,334Mi,4%,
kind-worker2,288m,3%,313Mi,3%,
kind-worker3,256m,3%,299Mi,3%,
idx,131,LOG_TIME,2023-05-18T15:20:48,2023-05-18T10:20:48,-
NAME,CPU(cores),CPU%,MEMORY(bytes),MEMORY%,
kind-control-plane,997m,12%,849Mi,10%,
kind-worker,241m,3%,334Mi,4%,
kind-worker2,288m,3%,313Mi,3%,
kind-worker3,256m,3%,299Mi,3%,
idx,132,LOG_TIME,2023-05-18T15:20:49,2023-05-18T10:20:49,-
NAME,CPU(cores),CPU%,MEMORY(bytes),MEMORY%,
kind-control-plane,997m,12%,849Mi,10%,
kind-worker,241m,3%,334Mi,4%,
kind-worker2,288m,3%,313Mi,3%,
kind-worker3,256m,3%,299Mi,3%,
idx,133,LOG_TIME,2023-05-18T15:20:50,2023-05-18T10:20:50,-
NAME,CPU(cores),CPU%,MEMORY(bytes),MEMORY%,
kind-control-plane,997m,12%,849Mi,10%,
kind-worker,241m,3%,334Mi,4%,
kind-worker2,288m,3%,313Mi,3%,
kind-worker3,256m,3%,299Mi,3%,
idx,134,LOG_TIME,2023-05-18T15:20:51,2023-05-18T10:20:51,-
NAME,CPU(cores),CPU%,MEMORY(bytes),MEMORY%,
kind-control-plane,997m,12%,849Mi,10%,
kind-worker,241m,3%,334Mi,4%,
kind-worker2,288m,3%,313Mi,3%,
kind-worker3,256m,3%,299Mi,3%,
idx,135,LOG_TIME,2023-05-18T15:20:52,2023-05-18T10:20:52,-
NAME,CPU(cores),CPU%,MEMORY(bytes),MEMORY%,
kind-control-plane,997m,12%,849Mi,10%,
kind-worker,241m,3%,334Mi,4%,
kind-worker2,288m,3%,313Mi,3%,
kind-worker3,256m,3%,299Mi,3%,
idx,136,LOG_TIME,2023-05-18T15:20:53,2023-05-18T10:20:53,-
NAME,CPU(cores),CPU%,MEMORY(bytes),MEMORY%,
kind-control-plane,997m,12%,849Mi,10%,
kind-worker,241m,3%,334Mi,4%,
kind-worker2,288m,3%,313Mi,3%,
kind-worker3,256m,3%,299Mi,3%,
idx,137,LOG_TIME,2023-05-18T15:20:54,2023-05-18T10:20:54,-
NAME,CPU(cores),CPU%,MEMORY(bytes),MEMORY%,
kind-control-plane,997m,12%,849Mi,10%,
kind-worker,241m,3%,334Mi,4%,
kind-worker2,288m,3%,313Mi,3%,
kind-worker3,256m,3%,299Mi,3%,
idx,138,LOG_TIME,2023-05-18T15:20:55,2023-05-18T10:20:55,-
NAME,CPU(cores),CPU%,MEMORY(bytes),MEMORY%,
kind-control-plane,997m,12%,849Mi,10%,
kind-worker,241m,3%,334Mi,4%,
kind-worker2,288m,3%,313Mi,3%,
kind-worker3,256m,3%,299Mi,3%,
idx,139,LOG_TIME,2023-05-18T15:20:56,2023-05-18T10:20:56,-
NAME,CPU(cores),CPU%,MEMORY(bytes),MEMORY%,
kind-control-plane,990m,12%,852Mi,10%,
kind-worker,243m,3%,335Mi,4%,
kind-worker2,69m,0%,312Mi,3%,
kind-worker3,50m,0%,300Mi,3%,
idx,140,LOG_TIME,2023-05-18T15:20:57,2023-05-18T10:20:57,-
NAME,CPU(cores),CPU%,MEMORY(bytes),MEMORY%,
kind-control-plane,990m,12%,852Mi,10%,
kind-worker,243m,3%,335Mi,4%,
kind-worker2,69m,0%,312Mi,3%,
kind-worker3,50m,0%,300Mi,3%,
idx,141,LOG_TIME,2023-05-18T15:20:58,2023-05-18T10:20:58,-
NAME,CPU(cores),CPU%,MEMORY(bytes),MEMORY%,
kind-control-plane,990m,12%,852Mi,10%,
kind-worker,243m,3%,335Mi,4%,
kind-worker2,69m,0%,312Mi,3%,
kind-worker3,50m,0%,300Mi,3%,
idx,142,LOG_TIME,2023-05-18T15:20:59,2023-05-18T10:20:59,-
NAME,CPU(cores),CPU%,MEMORY(bytes),MEMORY%,
kind-control-plane,990m,12%,852Mi,10%,
kind-worker,243m,3%,335Mi,4%,
kind-worker2,69m,0%,312Mi,3%,
kind-worker3,50m,0%,300Mi,3%,
idx,143,LOG_TIME,2023-05-18T15:21:00,2023-05-18T10:21:00,-
NAME,CPU(cores),CPU%,MEMORY(bytes),MEMORY%,
kind-control-plane,990m,12%,852Mi,10%,
kind-worker,243m,3%,335Mi,4%,
kind-worker2,69m,0%,312Mi,3%,
kind-worker3,50m,0%,300Mi,3%,
idx,144,LOG_TIME,2023-05-18T15:21:01,2023-05-18T10:21:01,-
NAME,CPU(cores),CPU%,MEMORY(bytes),MEMORY%,
kind-control-plane,990m,12%,852Mi,10%,
kind-worker,243m,3%,335Mi,4%,
kind-worker2,69m,0%,312Mi,3%,
kind-worker3,50m,0%,300Mi,3%,
idx,145,LOG_TIME,2023-05-18T15:21:02,2023-05-18T10:21:02,-
NAME,CPU(cores),CPU%,MEMORY(bytes),MEMORY%,
kind-control-plane,990m,12%,852Mi,10%,
kind-worker,243m,3%,335Mi,4%,
kind-worker2,69m,0%,312Mi,3%,
kind-worker3,50m,0%,300Mi,3%,
idx,146,LOG_TIME,2023-05-18T15:21:03,2023-05-18T10:21:03,-
NAME,CPU(cores),CPU%,MEMORY(bytes),MEMORY%,
kind-control-plane,990m,12%,852Mi,10%,
kind-worker,243m,3%,335Mi,4%,
kind-worker2,69m,0%,312Mi,3%,
kind-worker3,50m,0%,300Mi,3%,
idx,147,LOG_TIME,2023-05-18T15:21:04,2023-05-18T10:21:04,-
NAME,CPU(cores),CPU%,MEMORY(bytes),MEMORY%,
kind-control-plane,990m,12%,852Mi,10%,
kind-worker,243m,3%,335Mi,4%,
kind-worker2,69m,0%,312Mi,3%,
kind-worker3,50m,0%,300Mi,3%,
idx,148,LOG_TIME,2023-05-18T15:21:05,2023-05-18T10:21:05,-
NAME,CPU(cores),CPU%,MEMORY(bytes),MEMORY%,
kind-control-plane,978m,12%,851Mi,10%,
kind-worker,245m,3%,333Mi,4%,
kind-worker2,291m,3%,352Mi,4%,
kind-worker3,159m,1%,321Mi,4%,
idx,149,LOG_TIME,2023-05-18T15:21:06,2023-05-18T10:21:06,-
NAME,CPU(cores),CPU%,MEMORY(bytes),MEMORY%,
kind-control-plane,978m,12%,851Mi,10%,
kind-worker,245m,3%,333Mi,4%,
kind-worker2,291m,3%,352Mi,4%,
kind-worker3,159m,1%,321Mi,4%,
idx,150,LOG_TIME,2023-05-18T15:21:07,2023-05-18T10:21:07,-
NAME,CPU(cores),CPU%,MEMORY(bytes),MEMORY%,
kind-control-plane,978m,12%,851Mi,10%,
kind-worker,245m,3%,333Mi,4%,
kind-worker2,291m,3%,352Mi,4%,
kind-worker3,159m,1%,321Mi,4%,
idx,151,LOG_TIME,2023-05-18T15:21:08,2023-05-18T10:21:08,-
NAME,CPU(cores),CPU%,MEMORY(bytes),MEMORY%,
kind-control-plane,978m,12%,851Mi,10%,
kind-worker,245m,3%,333Mi,4%,
kind-worker2,291m,3%,352Mi,4%,
kind-worker3,159m,1%,321Mi,4%,
idx,152,LOG_TIME,2023-05-18T15:21:09,2023-05-18T10:21:09,-
NAME,CPU(cores),CPU%,MEMORY(bytes),MEMORY%,
kind-control-plane,978m,12%,851Mi,10%,
kind-worker,245m,3%,333Mi,4%,
kind-worker2,291m,3%,352Mi,4%,
kind-worker3,159m,1%,321Mi,4%,
idx,153,LOG_TIME,2023-05-18T15:21:10,2023-05-18T10:21:10,-
NAME,CPU(cores),CPU%,MEMORY(bytes),MEMORY%,
kind-control-plane,978m,12%,851Mi,10%,
kind-worker,245m,3%,333Mi,4%,
kind-worker2,291m,3%,352Mi,4%,
kind-worker3,159m,1%,321Mi,4%,
idx,154,LOG_TIME,2023-05-18T15:21:11,2023-05-18T10:21:11,-
NAME,CPU(cores),CPU%,MEMORY(bytes),MEMORY%,
kind-control-plane,978m,12%,851Mi,10%,
kind-worker,245m,3%,333Mi,4%,
kind-worker2,291m,3%,352Mi,4%,
kind-worker3,159m,1%,321Mi,4%,
idx,155,LOG_TIME,2023-05-18T15:21:12,2023-05-18T10:21:12,-
NAME,CPU(cores),CPU%,MEMORY(bytes),MEMORY%,
kind-control-plane,978m,12%,851Mi,10%,
kind-worker,245m,3%,333Mi,4%,
kind-worker2,291m,3%,352Mi,4%,
kind-worker3,159m,1%,321Mi,4%,
idx,156,LOG_TIME,2023-05-18T15:21:13,2023-05-18T10:21:13,-
NAME,CPU(cores),CPU%,MEMORY(bytes),MEMORY%,
kind-control-plane,978m,12%,851Mi,10%,
kind-worker,245m,3%,333Mi,4%,
kind-worker2,291m,3%,352Mi,4%,
kind-worker3,159m,1%,321Mi,4%,
idx,157,LOG_TIME,2023-05-18T15:21:14,2023-05-18T10:21:14,-
NAME,CPU(cores),CPU%,MEMORY(bytes),MEMORY%,
kind-control-plane,978m,12%,851Mi,10%,
kind-worker,245m,3%,333Mi,4%,
kind-worker2,291m,3%,352Mi,4%,
kind-worker3,159m,1%,321Mi,4%,
idx,158,LOG_TIME,2023-05-18T15:21:15,2023-05-18T10:21:15,-
NAME,CPU(cores),CPU%,MEMORY(bytes),MEMORY%,
kind-control-plane,1009m,12%,850Mi,10%,
kind-worker,159m,1%,321Mi,4%,
kind-worker2,249m,3%,355Mi,4%,
kind-worker3,141m,1%,320Mi,4%,
idx,159,LOG_TIME,2023-05-18T15:21:16,2023-05-18T10:21:16,-
NAME,CPU(cores),CPU%,MEMORY(bytes),MEMORY%,
kind-control-plane,1009m,12%,850Mi,10%,
kind-worker,159m,1%,321Mi,4%,
kind-worker2,249m,3%,355Mi,4%,
kind-worker3,141m,1%,320Mi,4%,
idx,160,LOG_TIME,2023-05-18T15:21:17,2023-05-18T10:21:17,-
NAME,CPU(cores),CPU%,MEMORY(bytes),MEMORY%,
kind-control-plane,1009m,12%,850Mi,10%,
kind-worker,159m,1%,321Mi,4%,
kind-worker2,249m,3%,355Mi,4%,
kind-worker3,141m,1%,320Mi,4%,
idx,161,LOG_TIME,2023-05-18T15:21:18,2023-05-18T10:21:18,-
NAME,CPU(cores),CPU%,MEMORY(bytes),MEMORY%,
kind-control-plane,1009m,12%,850Mi,10%,
kind-worker,159m,1%,321Mi,4%,
kind-worker2,249m,3%,355Mi,4%,
kind-worker3,141m,1%,320Mi,4%,
idx,162,LOG_TIME,2023-05-18T15:21:19,2023-05-18T10:21:19,-
NAME,CPU(cores),CPU%,MEMORY(bytes),MEMORY%,
kind-control-plane,1009m,12%,850Mi,10%,
kind-worker,159m,1%,321Mi,4%,
kind-worker2,249m,3%,355Mi,4%,
kind-worker3,141m,1%,320Mi,4%,
idx,163,LOG_TIME,2023-05-18T15:21:20,2023-05-18T10:21:20,-
NAME,CPU(cores),CPU%,MEMORY(bytes),MEMORY%,
kind-control-plane,1009m,12%,850Mi,10%,
kind-worker,159m,1%,321Mi,4%,
kind-worker2,249m,3%,355Mi,4%,
kind-worker3,141m,1%,320Mi,4%,
idx,164,LOG_TIME,2023-05-18T15:21:21,2023-05-18T10:21:21,-
NAME,CPU(cores),CPU%,MEMORY(bytes),MEMORY%,
kind-control-plane,1009m,12%,850Mi,10%,
kind-worker,159m,1%,321Mi,4%,
kind-worker2,249m,3%,355Mi,4%,
kind-worker3,141m,1%,320Mi,4%,
idx,165,LOG_TIME,2023-05-18T15:21:22,2023-05-18T10:21:22,-
NAME,CPU(cores),CPU%,MEMORY(bytes),MEMORY%,
kind-control-plane,1009m,12%,850Mi,10%,
kind-worker,159m,1%,321Mi,4%,
kind-worker2,249m,3%,355Mi,4%,
kind-worker3,141m,1%,320Mi,4%,
idx,166,LOG_TIME,2023-05-18T15:21:23,2023-05-18T10:21:23,-
NAME,CPU(cores),CPU%,MEMORY(bytes),MEMORY%,
kind-control-plane,1009m,12%,850Mi,10%,
kind-worker,159m,1%,321Mi,4%,
kind-worker2,249m,3%,355Mi,4%,
kind-worker3,141m,1%,320Mi,4%,
idx,167,LOG_TIME,2023-05-18T15:21:24,2023-05-18T10:21:24,-
NAME,CPU(cores),CPU%,MEMORY(bytes),MEMORY%,
kind-control-plane,1047m,13%,854Mi,10%,
kind-worker,145m,1%,323Mi,4%,
kind-worker2,257m,3%,356Mi,4%,
kind-worker3,138m,1%,322Mi,4%,
idx,168,LOG_TIME,2023-05-18T15:21:25,2023-05-18T10:21:25,-
NAME,CPU(cores),CPU%,MEMORY(bytes),MEMORY%,
kind-control-plane,1047m,13%,854Mi,10%,
kind-worker,145m,1%,323Mi,4%,
kind-worker2,257m,3%,356Mi,4%,
kind-worker3,138m,1%,322Mi,4%,
idx,169,LOG_TIME,2023-05-18T15:21:26,2023-05-18T10:21:26,-
NAME,CPU(cores),CPU%,MEMORY(bytes),MEMORY%,
kind-control-plane,1047m,13%,854Mi,10%,
kind-worker,145m,1%,323Mi,4%,
kind-worker2,257m,3%,356Mi,4%,
kind-worker3,138m,1%,322Mi,4%,
idx,170,LOG_TIME,2023-05-18T15:21:27,2023-05-18T10:21:27,-
NAME,CPU(cores),CPU%,MEMORY(bytes),MEMORY%,
kind-control-plane,1047m,13%,854Mi,10%,
kind-worker,145m,1%,323Mi,4%,
kind-worker2,257m,3%,356Mi,4%,
kind-worker3,138m,1%,322Mi,4%,
idx,171,LOG_TIME,2023-05-18T15:21:28,2023-05-18T10:21:28,-
NAME,CPU(cores),CPU%,MEMORY(bytes),MEMORY%,
kind-control-plane,1047m,13%,854Mi,10%,
kind-worker,145m,1%,323Mi,4%,
kind-worker2,257m,3%,356Mi,4%,
kind-worker3,138m,1%,322Mi,4%,
idx,172,LOG_TIME,2023-05-18T15:21:29,2023-05-18T10:21:29,-
NAME,CPU(cores),CPU%,MEMORY(bytes),MEMORY%,
kind-control-plane,1047m,13%,854Mi,10%,
kind-worker,145m,1%,323Mi,4%,
kind-worker2,257m,3%,356Mi,4%,
kind-worker3,138m,1%,322Mi,4%,
idx,173,LOG_TIME,2023-05-18T15:21:31,2023-05-18T10:21:31,-
NAME,CPU(cores),CPU%,MEMORY(bytes),MEMORY%,
kind-control-plane,1047m,13%,854Mi,10%,
kind-worker,145m,1%,323Mi,4%,
kind-worker2,257m,3%,356Mi,4%,
kind-worker3,138m,1%,322Mi,4%,
idx,174,LOG_TIME,2023-05-18T15:21:32,2023-05-18T10:21:32,-
NAME,CPU(cores),CPU%,MEMORY(bytes),MEMORY%,
kind-control-plane,1047m,13%,854Mi,10%,
kind-worker,145m,1%,323Mi,4%,
kind-worker2,257m,3%,356Mi,4%,
kind-worker3,138m,1%,322Mi,4%,
idx,175,LOG_TIME,2023-05-18T15:21:33,2023-05-18T10:21:33,-
NAME,CPU(cores),CPU%,MEMORY(bytes),MEMORY%,
kind-control-plane,1047m,13%,854Mi,10%,
kind-worker,145m,1%,323Mi,4%,
kind-worker2,257m,3%,356Mi,4%,
kind-worker3,138m,1%,322Mi,4%,
idx,176,LOG_TIME,2023-05-18T15:21:34,2023-05-18T10:21:34,-
NAME,CPU(cores),CPU%,MEMORY(bytes),MEMORY%,
kind-control-plane,1047m,13%,854Mi,10%,
kind-worker,145m,1%,323Mi,4%,
kind-worker2,257m,3%,356Mi,4%,
kind-worker3,138m,1%,322Mi,4%,
idx,177,LOG_TIME,2023-05-18T15:21:35,2023-05-18T10:21:35,-
NAME,CPU(cores),CPU%,MEMORY(bytes),MEMORY%,
kind-control-plane,1051m,13%,856Mi,10%,
kind-worker,138m,1%,321Mi,4%,
kind-worker2,252m,3%,353Mi,4%,
kind-worker3,142m,1%,321Mi,4%,
idx,178,LOG_TIME,2023-05-18T15:21:36,2023-05-18T10:21:36,-
NAME,CPU(cores),CPU%,MEMORY(bytes),MEMORY%,
kind-control-plane,1051m,13%,856Mi,10%,
kind-worker,138m,1%,321Mi,4%,
kind-worker2,252m,3%,353Mi,4%,
kind-worker3,142m,1%,321Mi,4%,
idx,179,LOG_TIME,2023-05-18T15:21:37,2023-05-18T10:21:37,-
NAME,CPU(cores),CPU%,MEMORY(bytes),MEMORY%,
kind-control-plane,1051m,13%,856Mi,10%,
kind-worker,138m,1%,321Mi,4%,
kind-worker2,252m,3%,353Mi,4%,
kind-worker3,142m,1%,321Mi,4%,
