idx,0,LOG_TIME,2023-05-17T17:38:06,2023-05-17T12:38:06,-,-
NAME,REFERENCE,TARGETS,MINPODS,MAXPODS,REPLICAS,AGE
h1-app,Deployment/h1-app,<unknown>/50%,1,10,0,11s
idx,1,LOG_TIME,2023-05-17T17:38:07,2023-05-17T12:38:07,-,-
NAME,REFERENCE,TARGETS,MINPODS,MAXPODS,REPLICAS,AGE
h1-app,Deployment/h1-app,<unknown>/50%,1,10,0,12s
idx,2,LOG_TIME,2023-05-17T17:38:08,2023-05-17T12:38:08,-,-
NAME,REFERENCE,TARGETS,MINPODS,MAXPODS,REPLICAS,AGE
h1-app,Deployment/h1-app,<unknown>/50%,1,10,0,13s
idx,3,LOG_TIME,2023-05-17T17:38:09,2023-05-17T12:38:09,-,-
NAME,REFERENCE,TARGETS,MINPODS,MAXPODS,REPLICAS,AGE
h1-app,Deployment/h1-app,<unknown>/50%,1,10,0,14s
idx,4,LOG_TIME,2023-05-17T17:38:10,2023-05-17T12:38:10,-,-
NAME,REFERENCE,TARGETS,MINPODS,MAXPODS,REPLICAS,AGE
h1-app,Deployment/h1-app,<unknown>/50%,1,10,0,15s
idx,5,LOG_TIME,2023-05-17T17:38:11,2023-05-17T12:38:11,-,-
NAME,REFERENCE,TARGETS,MINPODS,MAXPODS,REPLICAS,AGE
h1-app,Deployment/h1-app,<unknown>/50%,1,10,1,16s
idx,6,LOG_TIME,2023-05-17T17:38:12,2023-05-17T12:38:12,-,-
NAME,REFERENCE,TARGETS,MINPODS,MAXPODS,REPLICAS,AGE
h1-app,Deployment/h1-app,<unknown>/50%,1,10,1,17s
idx,7,LOG_TIME,2023-05-17T17:38:13,2023-05-17T12:38:13,-,-
NAME,REFERENCE,TARGETS,MINPODS,MAXPODS,REPLICAS,AGE
h1-app,Deployment/h1-app,<unknown>/50%,1,10,1,18s
idx,8,LOG_TIME,2023-05-17T17:38:14,2023-05-17T12:38:14,-,-
NAME,REFERENCE,TARGETS,MINPODS,MAXPODS,REPLICAS,AGE
h1-app,Deployment/h1-app,<unknown>/50%,1,10,1,19s
idx,9,LOG_TIME,2023-05-17T17:38:15,2023-05-17T12:38:15,-,-
NAME,REFERENCE,TARGETS,MINPODS,MAXPODS,REPLICAS,AGE
h1-app,Deployment/h1-app,<unknown>/50%,1,10,1,20s
idx,10,LOG_TIME,2023-05-17T17:38:16,2023-05-17T12:38:16,-,-
NAME,REFERENCE,TARGETS,MINPODS,MAXPODS,REPLICAS,AGE
h1-app,Deployment/h1-app,<unknown>/50%,1,10,1,21s
idx,11,LOG_TIME,2023-05-17T17:38:17,2023-05-17T12:38:17,-,-
NAME,REFERENCE,TARGETS,MINPODS,MAXPODS,REPLICAS,AGE
h1-app,Deployment/h1-app,<unknown>/50%,1,10,1,22s
idx,12,LOG_TIME,2023-05-17T17:38:18,2023-05-17T12:38:18,-,-
NAME,REFERENCE,TARGETS,MINPODS,MAXPODS,REPLICAS,AGE
h1-app,Deployment/h1-app,<unknown>/50%,1,10,1,23s
idx,13,LOG_TIME,2023-05-17T17:38:19,2023-05-17T12:38:19,-,-
NAME,REFERENCE,TARGETS,MINPODS,MAXPODS,REPLICAS,AGE
h1-app,Deployment/h1-app,<unknown>/50%,1,10,1,24s
idx,14,LOG_TIME,2023-05-17T17:38:20,2023-05-17T12:38:20,-,-
NAME,REFERENCE,TARGETS,MINPODS,MAXPODS,REPLICAS,AGE
h1-app,Deployment/h1-app,<unknown>/50%,1,10,1,25s
idx,15,LOG_TIME,2023-05-17T17:38:21,2023-05-17T12:38:21,-,-
NAME,REFERENCE,TARGETS,MINPODS,MAXPODS,REPLICAS,AGE
h1-app,Deployment/h1-app,<unknown>/50%,1,10,1,26s
idx,16,LOG_TIME,2023-05-17T17:38:22,2023-05-17T12:38:22,-,-
NAME,REFERENCE,TARGETS,MINPODS,MAXPODS,REPLICAS,AGE
h1-app,Deployment/h1-app,<unknown>/50%,1,10,1,27s
idx,17,LOG_TIME,2023-05-17T17:38:23,2023-05-17T12:38:23,-,-
NAME,REFERENCE,TARGETS,MINPODS,MAXPODS,REPLICAS,AGE
h1-app,Deployment/h1-app,<unknown>/50%,1,10,1,28s
idx,18,LOG_TIME,2023-05-17T17:38:24,2023-05-17T12:38:24,-,-
NAME,REFERENCE,TARGETS,MINPODS,MAXPODS,REPLICAS,AGE
h1-app,Deployment/h1-app,<unknown>/50%,1,10,1,29s
idx,19,LOG_TIME,2023-05-17T17:38:25,2023-05-17T12:38:25,-,-
NAME,REFERENCE,TARGETS,MINPODS,MAXPODS,REPLICAS,AGE
h1-app,Deployment/h1-app,<unknown>/50%,1,10,1,30s
idx,20,LOG_TIME,2023-05-17T17:38:26,2023-05-17T12:38:26,-,-
NAME,REFERENCE,TARGETS,MINPODS,MAXPODS,REPLICAS,AGE
h1-app,Deployment/h1-app,<unknown>/50%,1,10,1,31s
idx,21,LOG_TIME,2023-05-17T17:38:27,2023-05-17T12:38:27,-,-
NAME,REFERENCE,TARGETS,MINPODS,MAXPODS,REPLICAS,AGE
h1-app,Deployment/h1-app,<unknown>/50%,1,10,1,32s
idx,22,LOG_TIME,2023-05-17T17:38:28,2023-05-17T12:38:28,-,-
NAME,REFERENCE,TARGETS,MINPODS,MAXPODS,REPLICAS,AGE
h1-app,Deployment/h1-app,<unknown>/50%,1,10,1,33s
idx,23,LOG_TIME,2023-05-17T17:38:29,2023-05-17T12:38:29,-,-
NAME,REFERENCE,TARGETS,MINPODS,MAXPODS,REPLICAS,AGE
h1-app,Deployment/h1-app,<unknown>/50%,1,10,1,34s
idx,24,LOG_TIME,2023-05-17T17:38:30,2023-05-17T12:38:30,-,-
NAME,REFERENCE,TARGETS,MINPODS,MAXPODS,REPLICAS,AGE
h1-app,Deployment/h1-app,<unknown>/50%,1,10,1,35s
idx,25,LOG_TIME,2023-05-17T17:38:31,2023-05-17T12:38:31,-,-
NAME,REFERENCE,TARGETS,MINPODS,MAXPODS,REPLICAS,AGE
h1-app,Deployment/h1-app,<unknown>/50%,1,10,1,36s
idx,26,LOG_TIME,2023-05-17T17:38:32,2023-05-17T12:38:32,-,-
NAME,REFERENCE,TARGETS,MINPODS,MAXPODS,REPLICAS,AGE
h1-app,Deployment/h1-app,<unknown>/50%,1,10,1,37s
idx,27,LOG_TIME,2023-05-17T17:38:33,2023-05-17T12:38:33,-,-
NAME,REFERENCE,TARGETS,MINPODS,MAXPODS,REPLICAS,AGE
h1-app,Deployment/h1-app,<unknown>/50%,1,10,1,38s
idx,28,LOG_TIME,2023-05-17T17:38:34,2023-05-17T12:38:34,-,-
NAME,REFERENCE,TARGETS,MINPODS,MAXPODS,REPLICAS,AGE
h1-app,Deployment/h1-app,<unknown>/50%,1,10,1,39s
idx,29,LOG_TIME,2023-05-17T17:38:35,2023-05-17T12:38:35,-,-
NAME,REFERENCE,TARGETS,MINPODS,MAXPODS,REPLICAS,AGE
h1-app,Deployment/h1-app,<unknown>/50%,1,10,1,40s
idx,30,LOG_TIME,2023-05-17T17:38:36,2023-05-17T12:38:36,-,-
NAME,REFERENCE,TARGETS,MINPODS,MAXPODS,REPLICAS,AGE
h1-app,Deployment/h1-app,<unknown>/50%,1,10,1,41s
idx,31,LOG_TIME,2023-05-17T17:38:37,2023-05-17T12:38:37,-,-
NAME,REFERENCE,TARGETS,MINPODS,MAXPODS,REPLICAS,AGE
h1-app,Deployment/h1-app,<unknown>/50%,1,10,1,42s
idx,32,LOG_TIME,2023-05-17T17:38:38,2023-05-17T12:38:38,-,-
NAME,REFERENCE,TARGETS,MINPODS,MAXPODS,REPLICAS,AGE
h1-app,Deployment/h1-app,<unknown>/50%,1,10,1,43s
idx,33,LOG_TIME,2023-05-17T17:38:39,2023-05-17T12:38:39,-,-
NAME,REFERENCE,TARGETS,MINPODS,MAXPODS,REPLICAS,AGE
h1-app,Deployment/h1-app,<unknown>/50%,1,10,1,44s
idx,34,LOG_TIME,2023-05-17T17:38:40,2023-05-17T12:38:40,-,-
NAME,REFERENCE,TARGETS,MINPODS,MAXPODS,REPLICAS,AGE
h1-app,Deployment/h1-app,<unknown>/50%,1,10,1,45s
idx,35,LOG_TIME,2023-05-17T17:38:41,2023-05-17T12:38:41,-,-
NAME,REFERENCE,TARGETS,MINPODS,MAXPODS,REPLICAS,AGE
h1-app,Deployment/h1-app,101%/50%,1,10,1,46s
idx,36,LOG_TIME,2023-05-17T17:38:42,2023-05-17T12:38:42,-,-
NAME,REFERENCE,TARGETS,MINPODS,MAXPODS,REPLICAS,AGE
h1-app,Deployment/h1-app,101%/50%,1,10,1,47s
idx,37,LOG_TIME,2023-05-17T17:38:43,2023-05-17T12:38:43,-,-
NAME,REFERENCE,TARGETS,MINPODS,MAXPODS,REPLICAS,AGE
h1-app,Deployment/h1-app,101%/50%,1,10,1,48s
idx,38,LOG_TIME,2023-05-17T17:38:44,2023-05-17T12:38:44,-,-
NAME,REFERENCE,TARGETS,MINPODS,MAXPODS,REPLICAS,AGE
h1-app,Deployment/h1-app,101%/50%,1,10,1,49s
idx,39,LOG_TIME,2023-05-17T17:38:45,2023-05-17T12:38:45,-,-
NAME,REFERENCE,TARGETS,MINPODS,MAXPODS,REPLICAS,AGE
h1-app,Deployment/h1-app,101%/50%,1,10,1,50s
idx,40,LOG_TIME,2023-05-17T17:38:46,2023-05-17T12:38:46,-,-
NAME,REFERENCE,TARGETS,MINPODS,MAXPODS,REPLICAS,AGE
h1-app,Deployment/h1-app,101%/50%,1,10,1,51s
idx,41,LOG_TIME,2023-05-17T17:38:47,2023-05-17T12:38:47,-,-
NAME,REFERENCE,TARGETS,MINPODS,MAXPODS,REPLICAS,AGE
h1-app,Deployment/h1-app,101%/50%,1,10,1,53s
idx,42,LOG_TIME,2023-05-17T17:38:48,2023-05-17T12:38:48,-,-
NAME,REFERENCE,TARGETS,MINPODS,MAXPODS,REPLICAS,AGE
h1-app,Deployment/h1-app,101%/50%,1,10,1,54s
idx,43,LOG_TIME,2023-05-17T17:38:49,2023-05-17T12:38:49,-,-
NAME,REFERENCE,TARGETS,MINPODS,MAXPODS,REPLICAS,AGE
h1-app,Deployment/h1-app,101%/50%,1,10,1,55s
idx,44,LOG_TIME,2023-05-17T17:38:50,2023-05-17T12:38:50,-,-
NAME,REFERENCE,TARGETS,MINPODS,MAXPODS,REPLICAS,AGE
h1-app,Deployment/h1-app,101%/50%,1,10,1,56s
idx,45,LOG_TIME,2023-05-17T17:38:51,2023-05-17T12:38:51,-,-
NAME,REFERENCE,TARGETS,MINPODS,MAXPODS,REPLICAS,AGE
h1-app,Deployment/h1-app,101%/50%,1,10,1,57s
idx,46,LOG_TIME,2023-05-17T17:38:52,2023-05-17T12:38:52,-,-
NAME,REFERENCE,TARGETS,MINPODS,MAXPODS,REPLICAS,AGE
h1-app,Deployment/h1-app,101%/50%,1,10,1,58s
idx,47,LOG_TIME,2023-05-17T17:38:53,2023-05-17T12:38:53,-,-
NAME,REFERENCE,TARGETS,MINPODS,MAXPODS,REPLICAS,AGE
h1-app,Deployment/h1-app,101%/50%,1,10,1,59s
idx,48,LOG_TIME,2023-05-17T17:38:54,2023-05-17T12:38:54,-,-
NAME,REFERENCE,TARGETS,MINPODS,MAXPODS,REPLICAS,AGE
h1-app,Deployment/h1-app,101%/50%,1,10,1,60s
idx,49,LOG_TIME,2023-05-17T17:38:56,2023-05-17T12:38:56,-,-
NAME,REFERENCE,TARGETS,MINPODS,MAXPODS,REPLICAS,AGE
h1-app,Deployment/h1-app,101%/50%,1,10,1,61s
idx,50,LOG_TIME,2023-05-17T17:38:57,2023-05-17T12:38:57,-,-
NAME,REFERENCE,TARGETS,MINPODS,MAXPODS,REPLICAS,AGE
h1-app,Deployment/h1-app,100%/50%,1,10,3,62s
idx,51,LOG_TIME,2023-05-17T17:38:58,2023-05-17T12:38:58,-,-
NAME,REFERENCE,TARGETS,MINPODS,MAXPODS,REPLICAS,AGE
h1-app,Deployment/h1-app,100%/50%,1,10,3,63s
idx,52,LOG_TIME,2023-05-17T17:38:59,2023-05-17T12:38:59,-,-
NAME,REFERENCE,TARGETS,MINPODS,MAXPODS,REPLICAS,AGE
h1-app,Deployment/h1-app,100%/50%,1,10,3,64s
idx,53,LOG_TIME,2023-05-17T17:39:00,2023-05-17T12:39:00,-,-
NAME,REFERENCE,TARGETS,MINPODS,MAXPODS,REPLICAS,AGE
h1-app,Deployment/h1-app,100%/50%,1,10,3,65s
idx,54,LOG_TIME,2023-05-17T17:39:01,2023-05-17T12:39:01,-,-
NAME,REFERENCE,TARGETS,MINPODS,MAXPODS,REPLICAS,AGE
h1-app,Deployment/h1-app,100%/50%,1,10,3,66s
idx,55,LOG_TIME,2023-05-17T17:39:02,2023-05-17T12:39:02,-,-
NAME,REFERENCE,TARGETS,MINPODS,MAXPODS,REPLICAS,AGE
h1-app,Deployment/h1-app,100%/50%,1,10,3,67s
idx,56,LOG_TIME,2023-05-17T17:39:03,2023-05-17T12:39:03,-,-
NAME,REFERENCE,TARGETS,MINPODS,MAXPODS,REPLICAS,AGE
h1-app,Deployment/h1-app,100%/50%,1,10,3,68s
idx,57,LOG_TIME,2023-05-17T17:39:04,2023-05-17T12:39:04,-,-
NAME,REFERENCE,TARGETS,MINPODS,MAXPODS,REPLICAS,AGE
h1-app,Deployment/h1-app,100%/50%,1,10,3,69s
idx,58,LOG_TIME,2023-05-17T17:39:05,2023-05-17T12:39:05,-,-
NAME,REFERENCE,TARGETS,MINPODS,MAXPODS,REPLICAS,AGE
h1-app,Deployment/h1-app,100%/50%,1,10,3,70s
idx,59,LOG_TIME,2023-05-17T17:39:06,2023-05-17T12:39:06,-,-
NAME,REFERENCE,TARGETS,MINPODS,MAXPODS,REPLICAS,AGE
h1-app,Deployment/h1-app,100%/50%,1,10,3,71s
idx,60,LOG_TIME,2023-05-17T17:39:07,2023-05-17T12:39:07,-,-
NAME,REFERENCE,TARGETS,MINPODS,MAXPODS,REPLICAS,AGE
h1-app,Deployment/h1-app,100%/50%,1,10,3,72s
idx,61,LOG_TIME,2023-05-17T17:39:08,2023-05-17T12:39:08,-,-
NAME,REFERENCE,TARGETS,MINPODS,MAXPODS,REPLICAS,AGE
h1-app,Deployment/h1-app,100%/50%,1,10,3,73s
idx,62,LOG_TIME,2023-05-17T17:39:09,2023-05-17T12:39:09,-,-
NAME,REFERENCE,TARGETS,MINPODS,MAXPODS,REPLICAS,AGE
h1-app,Deployment/h1-app,100%/50%,1,10,3,74s
idx,63,LOG_TIME,2023-05-17T17:39:10,2023-05-17T12:39:10,-,-
NAME,REFERENCE,TARGETS,MINPODS,MAXPODS,REPLICAS,AGE
h1-app,Deployment/h1-app,100%/50%,1,10,3,75s
idx,64,LOG_TIME,2023-05-17T17:39:11,2023-05-17T12:39:11,-,-
NAME,REFERENCE,TARGETS,MINPODS,MAXPODS,REPLICAS,AGE
h1-app,Deployment/h1-app,101%/50%,1,10,3,76s
idx,65,LOG_TIME,2023-05-17T17:39:12,2023-05-17T12:39:12,-,-
NAME,REFERENCE,TARGETS,MINPODS,MAXPODS,REPLICAS,AGE
h1-app,Deployment/h1-app,101%/50%,1,10,3,77s
idx,66,LOG_TIME,2023-05-17T17:39:13,2023-05-17T12:39:13,-,-
NAME,REFERENCE,TARGETS,MINPODS,MAXPODS,REPLICAS,AGE
h1-app,Deployment/h1-app,101%/50%,1,10,3,78s
idx,67,LOG_TIME,2023-05-17T17:39:14,2023-05-17T12:39:14,-,-
NAME,REFERENCE,TARGETS,MINPODS,MAXPODS,REPLICAS,AGE
h1-app,Deployment/h1-app,101%/50%,1,10,3,79s
idx,68,LOG_TIME,2023-05-17T17:39:15,2023-05-17T12:39:15,-,-
NAME,REFERENCE,TARGETS,MINPODS,MAXPODS,REPLICAS,AGE
h1-app,Deployment/h1-app,101%/50%,1,10,3,80s
idx,69,LOG_TIME,2023-05-17T17:39:16,2023-05-17T12:39:16,-,-
NAME,REFERENCE,TARGETS,MINPODS,MAXPODS,REPLICAS,AGE
h1-app,Deployment/h1-app,101%/50%,1,10,3,81s
idx,70,LOG_TIME,2023-05-17T17:39:17,2023-05-17T12:39:17,-,-
NAME,REFERENCE,TARGETS,MINPODS,MAXPODS,REPLICAS,AGE
h1-app,Deployment/h1-app,101%/50%,1,10,3,82s
idx,71,LOG_TIME,2023-05-17T17:39:18,2023-05-17T12:39:18,-,-
NAME,REFERENCE,TARGETS,MINPODS,MAXPODS,REPLICAS,AGE
h1-app,Deployment/h1-app,101%/50%,1,10,3,83s
idx,72,LOG_TIME,2023-05-17T17:39:19,2023-05-17T12:39:19,-,-
NAME,REFERENCE,TARGETS,MINPODS,MAXPODS,REPLICAS,AGE
h1-app,Deployment/h1-app,101%/50%,1,10,3,84s
idx,73,LOG_TIME,2023-05-17T17:39:20,2023-05-17T12:39:20,-,-
NAME,REFERENCE,TARGETS,MINPODS,MAXPODS,REPLICAS,AGE
h1-app,Deployment/h1-app,101%/50%,1,10,3,85s
idx,74,LOG_TIME,2023-05-17T17:39:21,2023-05-17T12:39:21,-,-
NAME,REFERENCE,TARGETS,MINPODS,MAXPODS,REPLICAS,AGE
h1-app,Deployment/h1-app,101%/50%,1,10,3,86s
idx,75,LOG_TIME,2023-05-17T17:39:22,2023-05-17T12:39:22,-,-
NAME,REFERENCE,TARGETS,MINPODS,MAXPODS,REPLICAS,AGE
h1-app,Deployment/h1-app,101%/50%,1,10,3,87s
idx,76,LOG_TIME,2023-05-17T17:39:23,2023-05-17T12:39:23,-,-
NAME,REFERENCE,TARGETS,MINPODS,MAXPODS,REPLICAS,AGE
h1-app,Deployment/h1-app,101%/50%,1,10,3,88s
idx,77,LOG_TIME,2023-05-17T17:39:24,2023-05-17T12:39:24,-,-
NAME,REFERENCE,TARGETS,MINPODS,MAXPODS,REPLICAS,AGE
h1-app,Deployment/h1-app,101%/50%,1,10,3,89s
idx,78,LOG_TIME,2023-05-17T17:39:25,2023-05-17T12:39:25,-,-
NAME,REFERENCE,TARGETS,MINPODS,MAXPODS,REPLICAS,AGE
h1-app,Deployment/h1-app,101%/50%,1,10,3,90s
idx,79,LOG_TIME,2023-05-17T17:39:26,2023-05-17T12:39:26,-,-
NAME,REFERENCE,TARGETS,MINPODS,MAXPODS,REPLICAS,AGE
h1-app,Deployment/h1-app,101%/50%,1,10,3,91s
idx,80,LOG_TIME,2023-05-17T17:39:27,2023-05-17T12:39:27,-,-
NAME,REFERENCE,TARGETS,MINPODS,MAXPODS,REPLICAS,AGE
h1-app,Deployment/h1-app,101%/50%,1,10,3,92s
idx,81,LOG_TIME,2023-05-17T17:39:28,2023-05-17T12:39:28,-,-
NAME,REFERENCE,TARGETS,MINPODS,MAXPODS,REPLICAS,AGE
h1-app,Deployment/h1-app,101%/50%,1,10,3,93s
idx,82,LOG_TIME,2023-05-17T17:39:29,2023-05-17T12:39:29,-,-
NAME,REFERENCE,TARGETS,MINPODS,MAXPODS,REPLICAS,AGE
h1-app,Deployment/h1-app,101%/50%,1,10,3,94s
idx,83,LOG_TIME,2023-05-17T17:39:30,2023-05-17T12:39:30,-,-
NAME,REFERENCE,TARGETS,MINPODS,MAXPODS,REPLICAS,AGE
h1-app,Deployment/h1-app,101%/50%,1,10,3,95s
idx,84,LOG_TIME,2023-05-17T17:39:31,2023-05-17T12:39:31,-,-
NAME,REFERENCE,TARGETS,MINPODS,MAXPODS,REPLICAS,AGE
h1-app,Deployment/h1-app,101%/50%,1,10,3,96s
idx,85,LOG_TIME,2023-05-17T17:39:32,2023-05-17T12:39:32,-,-
NAME,REFERENCE,TARGETS,MINPODS,MAXPODS,REPLICAS,AGE
h1-app,Deployment/h1-app,101%/50%,1,10,3,97s
idx,86,LOG_TIME,2023-05-17T17:39:33,2023-05-17T12:39:33,-,-
NAME,REFERENCE,TARGETS,MINPODS,MAXPODS,REPLICAS,AGE
h1-app,Deployment/h1-app,101%/50%,1,10,3,98s
idx,87,LOG_TIME,2023-05-17T17:39:34,2023-05-17T12:39:34,-,-
NAME,REFERENCE,TARGETS,MINPODS,MAXPODS,REPLICAS,AGE
h1-app,Deployment/h1-app,101%/50%,1,10,3,99s
idx,88,LOG_TIME,2023-05-17T17:39:35,2023-05-17T12:39:35,-,-
NAME,REFERENCE,TARGETS,MINPODS,MAXPODS,REPLICAS,AGE
h1-app,Deployment/h1-app,101%/50%,1,10,3,100s
idx,89,LOG_TIME,2023-05-17T17:39:36,2023-05-17T12:39:36,-,-
NAME,REFERENCE,TARGETS,MINPODS,MAXPODS,REPLICAS,AGE
h1-app,Deployment/h1-app,101%/50%,1,10,3,101s
idx,90,LOG_TIME,2023-05-17T17:39:37,2023-05-17T12:39:37,-,-
NAME,REFERENCE,TARGETS,MINPODS,MAXPODS,REPLICAS,AGE
h1-app,Deployment/h1-app,101%/50%,1,10,3,102s
idx,91,LOG_TIME,2023-05-17T17:39:38,2023-05-17T12:39:38,-,-
NAME,REFERENCE,TARGETS,MINPODS,MAXPODS,REPLICAS,AGE
h1-app,Deployment/h1-app,101%/50%,1,10,3,103s
idx,92,LOG_TIME,2023-05-17T17:39:39,2023-05-17T12:39:39,-,-
NAME,REFERENCE,TARGETS,MINPODS,MAXPODS,REPLICAS,AGE
h1-app,Deployment/h1-app,101%/50%,1,10,3,104s
idx,93,LOG_TIME,2023-05-17T17:39:40,2023-05-17T12:39:40,-,-
NAME,REFERENCE,TARGETS,MINPODS,MAXPODS,REPLICAS,AGE
h1-app,Deployment/h1-app,101%/50%,1,10,3,105s
idx,94,LOG_TIME,2023-05-17T17:39:41,2023-05-17T12:39:41,-,-
NAME,REFERENCE,TARGETS,MINPODS,MAXPODS,REPLICAS,AGE
h1-app,Deployment/h1-app,101%/50%,1,10,6,106s
idx,95,LOG_TIME,2023-05-17T17:39:42,2023-05-17T12:39:42,-,-
NAME,REFERENCE,TARGETS,MINPODS,MAXPODS,REPLICAS,AGE
h1-app,Deployment/h1-app,101%/50%,1,10,6,107s
idx,96,LOG_TIME,2023-05-17T17:39:43,2023-05-17T12:39:43,-,-
NAME,REFERENCE,TARGETS,MINPODS,MAXPODS,REPLICAS,AGE
h1-app,Deployment/h1-app,101%/50%,1,10,6,108s
idx,97,LOG_TIME,2023-05-17T17:39:44,2023-05-17T12:39:44,-,-
NAME,REFERENCE,TARGETS,MINPODS,MAXPODS,REPLICAS,AGE
h1-app,Deployment/h1-app,101%/50%,1,10,6,110s
idx,98,LOG_TIME,2023-05-17T17:39:45,2023-05-17T12:39:45,-,-
NAME,REFERENCE,TARGETS,MINPODS,MAXPODS,REPLICAS,AGE
h1-app,Deployment/h1-app,101%/50%,1,10,6,111s
idx,99,LOG_TIME,2023-05-17T17:39:46,2023-05-17T12:39:46,-,-
NAME,REFERENCE,TARGETS,MINPODS,MAXPODS,REPLICAS,AGE
h1-app,Deployment/h1-app,101%/50%,1,10,6,112s
idx,100,LOG_TIME,2023-05-17T17:39:47,2023-05-17T12:39:47,-,-
NAME,REFERENCE,TARGETS,MINPODS,MAXPODS,REPLICAS,AGE
h1-app,Deployment/h1-app,101%/50%,1,10,6,113s
idx,101,LOG_TIME,2023-05-17T17:39:48,2023-05-17T12:39:48,-,-
NAME,REFERENCE,TARGETS,MINPODS,MAXPODS,REPLICAS,AGE
h1-app,Deployment/h1-app,101%/50%,1,10,6,114s
idx,102,LOG_TIME,2023-05-17T17:39:49,2023-05-17T12:39:49,-,-
NAME,REFERENCE,TARGETS,MINPODS,MAXPODS,REPLICAS,AGE
h1-app,Deployment/h1-app,101%/50%,1,10,6,115s
idx,103,LOG_TIME,2023-05-17T17:39:50,2023-05-17T12:39:50,-,-
NAME,REFERENCE,TARGETS,MINPODS,MAXPODS,REPLICAS,AGE
h1-app,Deployment/h1-app,101%/50%,1,10,6,116s
idx,104,LOG_TIME,2023-05-17T17:39:51,2023-05-17T12:39:52,-,-
NAME,REFERENCE,TARGETS,MINPODS,MAXPODS,REPLICAS,AGE
h1-app,Deployment/h1-app,101%/50%,1,10,6,117s
idx,105,LOG_TIME,2023-05-17T17:39:53,2023-05-17T12:39:53,-,-
NAME,REFERENCE,TARGETS,MINPODS,MAXPODS,REPLICAS,AGE
h1-app,Deployment/h1-app,101%/50%,1,10,6,118s
idx,106,LOG_TIME,2023-05-17T17:39:54,2023-05-17T12:39:54,-,-
NAME,REFERENCE,TARGETS,MINPODS,MAXPODS,REPLICAS,AGE
h1-app,Deployment/h1-app,101%/50%,1,10,6,119s
idx,107,LOG_TIME,2023-05-17T17:39:55,2023-05-17T12:39:55,-,-
NAME,REFERENCE,TARGETS,MINPODS,MAXPODS,REPLICAS,AGE
h1-app,Deployment/h1-app,101%/50%,1,10,6,2m
idx,108,LOG_TIME,2023-05-17T17:39:56,2023-05-17T12:39:56,-,-
NAME,REFERENCE,TARGETS,MINPODS,MAXPODS,REPLICAS,AGE
h1-app,Deployment/h1-app,101%/50%,1,10,6,2m1s
idx,109,LOG_TIME,2023-05-17T17:39:57,2023-05-17T12:39:57,-,-
NAME,REFERENCE,TARGETS,MINPODS,MAXPODS,REPLICAS,AGE
h1-app,Deployment/h1-app,100%/50%,1,10,7,2m2s
idx,110,LOG_TIME,2023-05-17T17:39:58,2023-05-17T12:39:58,-,-
NAME,REFERENCE,TARGETS,MINPODS,MAXPODS,REPLICAS,AGE
h1-app,Deployment/h1-app,100%/50%,1,10,7,2m3s
idx,111,LOG_TIME,2023-05-17T17:39:59,2023-05-17T12:39:59,-,-
NAME,REFERENCE,TARGETS,MINPODS,MAXPODS,REPLICAS,AGE
h1-app,Deployment/h1-app,100%/50%,1,10,7,2m4s
idx,112,LOG_TIME,2023-05-17T17:40:00,2023-05-17T12:40:00,-,-
NAME,REFERENCE,TARGETS,MINPODS,MAXPODS,REPLICAS,AGE
h1-app,Deployment/h1-app,100%/50%,1,10,7,2m5s
idx,113,LOG_TIME,2023-05-17T17:40:01,2023-05-17T12:40:01,-,-
NAME,REFERENCE,TARGETS,MINPODS,MAXPODS,REPLICAS,AGE
h1-app,Deployment/h1-app,100%/50%,1,10,7,2m6s
idx,114,LOG_TIME,2023-05-17T17:40:02,2023-05-17T12:40:02,-,-
NAME,REFERENCE,TARGETS,MINPODS,MAXPODS,REPLICAS,AGE
h1-app,Deployment/h1-app,100%/50%,1,10,7,2m7s
idx,115,LOG_TIME,2023-05-17T17:40:03,2023-05-17T12:40:03,-,-
NAME,REFERENCE,TARGETS,MINPODS,MAXPODS,REPLICAS,AGE
h1-app,Deployment/h1-app,100%/50%,1,10,7,2m8s
idx,116,LOG_TIME,2023-05-17T17:40:04,2023-05-17T12:40:04,-,-
NAME,REFERENCE,TARGETS,MINPODS,MAXPODS,REPLICAS,AGE
h1-app,Deployment/h1-app,100%/50%,1,10,7,2m9s
idx,117,LOG_TIME,2023-05-17T17:40:05,2023-05-17T12:40:05,-,-
NAME,REFERENCE,TARGETS,MINPODS,MAXPODS,REPLICAS,AGE
h1-app,Deployment/h1-app,100%/50%,1,10,7,2m10s
idx,118,LOG_TIME,2023-05-17T17:40:06,2023-05-17T12:40:06,-,-
NAME,REFERENCE,TARGETS,MINPODS,MAXPODS,REPLICAS,AGE
h1-app,Deployment/h1-app,100%/50%,1,10,7,2m11s
idx,119,LOG_TIME,2023-05-17T17:40:07,2023-05-17T12:40:07,-,-
NAME,REFERENCE,TARGETS,MINPODS,MAXPODS,REPLICAS,AGE
h1-app,Deployment/h1-app,100%/50%,1,10,7,2m12s
idx,120,LOG_TIME,2023-05-17T17:40:08,2023-05-17T12:40:08,-,-
NAME,REFERENCE,TARGETS,MINPODS,MAXPODS,REPLICAS,AGE
h1-app,Deployment/h1-app,100%/50%,1,10,7,2m13s
idx,121,LOG_TIME,2023-05-17T17:40:09,2023-05-17T12:40:09,-,-
NAME,REFERENCE,TARGETS,MINPODS,MAXPODS,REPLICAS,AGE
h1-app,Deployment/h1-app,100%/50%,1,10,7,2m14s
idx,122,LOG_TIME,2023-05-17T17:40:10,2023-05-17T12:40:10,-,-
NAME,REFERENCE,TARGETS,MINPODS,MAXPODS,REPLICAS,AGE
h1-app,Deployment/h1-app,100%/50%,1,10,7,2m15s
idx,123,LOG_TIME,2023-05-17T17:40:11,2023-05-17T12:40:11,-,-
NAME,REFERENCE,TARGETS,MINPODS,MAXPODS,REPLICAS,AGE
h1-app,Deployment/h1-app,100%/50%,1,10,7,2m16s
idx,124,LOG_TIME,2023-05-17T17:40:12,2023-05-17T12:40:12,-,-
NAME,REFERENCE,TARGETS,MINPODS,MAXPODS,REPLICAS,AGE
h1-app,Deployment/h1-app,100%/50%,1,10,10,2m17s
idx,125,LOG_TIME,2023-05-17T17:40:13,2023-05-17T12:40:13,-,-
NAME,REFERENCE,TARGETS,MINPODS,MAXPODS,REPLICAS,AGE
h1-app,Deployment/h1-app,100%/50%,1,10,10,2m18s
idx,126,LOG_TIME,2023-05-17T17:40:14,2023-05-17T12:40:14,-,-
NAME,REFERENCE,TARGETS,MINPODS,MAXPODS,REPLICAS,AGE
h1-app,Deployment/h1-app,100%/50%,1,10,10,2m19s
idx,127,LOG_TIME,2023-05-17T17:40:15,2023-05-17T12:40:15,-,-
NAME,REFERENCE,TARGETS,MINPODS,MAXPODS,REPLICAS,AGE
h1-app,Deployment/h1-app,100%/50%,1,10,10,2m20s
idx,128,LOG_TIME,2023-05-17T17:40:16,2023-05-17T12:40:16,-,-
NAME,REFERENCE,TARGETS,MINPODS,MAXPODS,REPLICAS,AGE
h1-app,Deployment/h1-app,100%/50%,1,10,10,2m21s
idx,129,LOG_TIME,2023-05-17T17:40:17,2023-05-17T12:40:17,-,-
NAME,REFERENCE,TARGETS,MINPODS,MAXPODS,REPLICAS,AGE
h1-app,Deployment/h1-app,100%/50%,1,10,10,2m22s
idx,130,LOG_TIME,2023-05-17T17:40:18,2023-05-17T12:40:18,-,-
NAME,REFERENCE,TARGETS,MINPODS,MAXPODS,REPLICAS,AGE
h1-app,Deployment/h1-app,100%/50%,1,10,10,2m23s
idx,131,LOG_TIME,2023-05-17T17:40:19,2023-05-17T12:40:19,-,-
NAME,REFERENCE,TARGETS,MINPODS,MAXPODS,REPLICAS,AGE
h1-app,Deployment/h1-app,100%/50%,1,10,10,2m24s
idx,132,LOG_TIME,2023-05-17T17:40:20,2023-05-17T12:40:20,-,-
NAME,REFERENCE,TARGETS,MINPODS,MAXPODS,REPLICAS,AGE
h1-app,Deployment/h1-app,100%/50%,1,10,10,2m25s
idx,133,LOG_TIME,2023-05-17T17:40:21,2023-05-17T12:40:21,-,-
NAME,REFERENCE,TARGETS,MINPODS,MAXPODS,REPLICAS,AGE
h1-app,Deployment/h1-app,100%/50%,1,10,10,2m26s
idx,134,LOG_TIME,2023-05-17T17:40:22,2023-05-17T12:40:22,-,-
NAME,REFERENCE,TARGETS,MINPODS,MAXPODS,REPLICAS,AGE
h1-app,Deployment/h1-app,100%/50%,1,10,10,2m27s
idx,135,LOG_TIME,2023-05-17T17:40:23,2023-05-17T12:40:23,-,-
NAME,REFERENCE,TARGETS,MINPODS,MAXPODS,REPLICAS,AGE
h1-app,Deployment/h1-app,100%/50%,1,10,10,2m28s
idx,136,LOG_TIME,2023-05-17T17:40:24,2023-05-17T12:40:24,-,-
NAME,REFERENCE,TARGETS,MINPODS,MAXPODS,REPLICAS,AGE
h1-app,Deployment/h1-app,100%/50%,1,10,10,2m29s
idx,137,LOG_TIME,2023-05-17T17:40:25,2023-05-17T12:40:25,-,-
NAME,REFERENCE,TARGETS,MINPODS,MAXPODS,REPLICAS,AGE
h1-app,Deployment/h1-app,100%/50%,1,10,10,2m30s
idx,138,LOG_TIME,2023-05-17T17:40:26,2023-05-17T12:40:26,-,-
NAME,REFERENCE,TARGETS,MINPODS,MAXPODS,REPLICAS,AGE
h1-app,Deployment/h1-app,89%/50%,1,10,10,2m31s
idx,139,LOG_TIME,2023-05-17T17:40:27,2023-05-17T12:40:27,-,-
NAME,REFERENCE,TARGETS,MINPODS,MAXPODS,REPLICAS,AGE
h1-app,Deployment/h1-app,89%/50%,1,10,10,2m32s
