idx,0,LOG_TIME,2023-05-17T17:38:06,2023-05-17T12:38:06,-,-,-,-,-
NAME,STATUS,ROLES,AGE,VERSION,INTERNAL-IP,EXTERNAL-IP,OS-IMAGE,KERNEL-VERSION,CONTAINER-RUNTIME
kind-control-plane,Ready,control-plane,33d,v1.24.7,172.18.0.2,<none>,Ubuntu,22.04.1,LTS,4.15.0-156-generic,containerd://1.6.9
kind-worker,Ready,<none>,33d,v1.24.7,172.18.0.4,<none>,Ubuntu,22.04.1,LTS,4.15.0-156-generic,containerd://1.6.9
kind-worker2,Ready,<none>,33d,v1.24.7,172.18.0.3,<none>,Ubuntu,22.04.1,LTS,4.15.0-156-generic,containerd://1.6.9
kind-worker3,Ready,<none>,33d,v1.24.7,172.18.0.5,<none>,Ubuntu,22.04.1,LTS,4.15.0-156-generic,containerd://1.6.9
idx,1,LOG_TIME,2023-05-17T17:38:07,2023-05-17T12:38:07,-,-,-,-,-
NAME,STATUS,ROLES,AGE,VERSION,INTERNAL-IP,EXTERNAL-IP,OS-IMAGE,KERNEL-VERSION,CONTAINER-RUNTIME
kind-control-plane,Ready,control-plane,33d,v1.24.7,172.18.0.2,<none>,Ubuntu,22.04.1,LTS,4.15.0-156-generic,containerd://1.6.9
kind-worker,Ready,<none>,33d,v1.24.7,172.18.0.4,<none>,Ubuntu,22.04.1,LTS,4.15.0-156-generic,containerd://1.6.9
kind-worker2,Ready,<none>,33d,v1.24.7,172.18.0.3,<none>,Ubuntu,22.04.1,LTS,4.15.0-156-generic,containerd://1.6.9
kind-worker3,Ready,<none>,33d,v1.24.7,172.18.0.5,<none>,Ubuntu,22.04.1,LTS,4.15.0-156-generic,containerd://1.6.9
idx,2,LOG_TIME,2023-05-17T17:38:08,2023-05-17T12:38:08,-,-,-,-,-
NAME,STATUS,ROLES,AGE,VERSION,INTERNAL-IP,EXTERNAL-IP,OS-IMAGE,KERNEL-VERSION,CONTAINER-RUNTIME
kind-control-plane,Ready,control-plane,33d,v1.24.7,172.18.0.2,<none>,Ubuntu,22.04.1,LTS,4.15.0-156-generic,containerd://1.6.9
kind-worker,Ready,<none>,33d,v1.24.7,172.18.0.4,<none>,Ubuntu,22.04.1,LTS,4.15.0-156-generic,containerd://1.6.9
kind-worker2,Ready,<none>,33d,v1.24.7,172.18.0.3,<none>,Ubuntu,22.04.1,LTS,4.15.0-156-generic,containerd://1.6.9
kind-worker3,Ready,<none>,33d,v1.24.7,172.18.0.5,<none>,Ubuntu,22.04.1,LTS,4.15.0-156-generic,containerd://1.6.9
idx,3,LOG_TIME,2023-05-17T17:38:09,2023-05-17T12:38:09,-,-,-,-,-
NAME,STATUS,ROLES,AGE,VERSION,INTERNAL-IP,EXTERNAL-IP,OS-IMAGE,KERNEL-VERSION,CONTAINER-RUNTIME
kind-control-plane,Ready,control-plane,33d,v1.24.7,172.18.0.2,<none>,Ubuntu,22.04.1,LTS,4.15.0-156-generic,containerd://1.6.9
kind-worker,Ready,<none>,33d,v1.24.7,172.18.0.4,<none>,Ubuntu,22.04.1,LTS,4.15.0-156-generic,containerd://1.6.9
kind-worker2,Ready,<none>,33d,v1.24.7,172.18.0.3,<none>,Ubuntu,22.04.1,LTS,4.15.0-156-generic,containerd://1.6.9
kind-worker3,Ready,<none>,33d,v1.24.7,172.18.0.5,<none>,Ubuntu,22.04.1,LTS,4.15.0-156-generic,containerd://1.6.9
idx,4,LOG_TIME,2023-05-17T17:38:10,2023-05-17T12:38:10,-,-,-,-,-
NAME,STATUS,ROLES,AGE,VERSION,INTERNAL-IP,EXTERNAL-IP,OS-IMAGE,KERNEL-VERSION,CONTAINER-RUNTIME
kind-control-plane,Ready,control-plane,33d,v1.24.7,172.18.0.2,<none>,Ubuntu,22.04.1,LTS,4.15.0-156-generic,containerd://1.6.9
kind-worker,Ready,<none>,33d,v1.24.7,172.18.0.4,<none>,Ubuntu,22.04.1,LTS,4.15.0-156-generic,containerd://1.6.9
kind-worker2,Ready,<none>,33d,v1.24.7,172.18.0.3,<none>,Ubuntu,22.04.1,LTS,4.15.0-156-generic,containerd://1.6.9
kind-worker3,Ready,<none>,33d,v1.24.7,172.18.0.5,<none>,Ubuntu,22.04.1,LTS,4.15.0-156-generic,containerd://1.6.9
idx,5,LOG_TIME,2023-05-17T17:38:11,2023-05-17T12:38:11,-,-,-,-,-
NAME,STATUS,ROLES,AGE,VERSION,INTERNAL-IP,EXTERNAL-IP,OS-IMAGE,KERNEL-VERSION,CONTAINER-RUNTIME
kind-control-plane,Ready,control-plane,33d,v1.24.7,172.18.0.2,<none>,Ubuntu,22.04.1,LTS,4.15.0-156-generic,containerd://1.6.9
kind-worker,Ready,<none>,33d,v1.24.7,172.18.0.4,<none>,Ubuntu,22.04.1,LTS,4.15.0-156-generic,containerd://1.6.9
kind-worker2,Ready,<none>,33d,v1.24.7,172.18.0.3,<none>,Ubuntu,22.04.1,LTS,4.15.0-156-generic,containerd://1.6.9
kind-worker3,Ready,<none>,33d,v1.24.7,172.18.0.5,<none>,Ubuntu,22.04.1,LTS,4.15.0-156-generic,containerd://1.6.9
idx,6,LOG_TIME,2023-05-17T17:38:12,2023-05-17T12:38:12,-,-,-,-,-
NAME,STATUS,ROLES,AGE,VERSION,INTERNAL-IP,EXTERNAL-IP,OS-IMAGE,KERNEL-VERSION,CONTAINER-RUNTIME
kind-control-plane,Ready,control-plane,33d,v1.24.7,172.18.0.2,<none>,Ubuntu,22.04.1,LTS,4.15.0-156-generic,containerd://1.6.9
kind-worker,Ready,<none>,33d,v1.24.7,172.18.0.4,<none>,Ubuntu,22.04.1,LTS,4.15.0-156-generic,containerd://1.6.9
kind-worker2,Ready,<none>,33d,v1.24.7,172.18.0.3,<none>,Ubuntu,22.04.1,LTS,4.15.0-156-generic,containerd://1.6.9
kind-worker3,Ready,<none>,33d,v1.24.7,172.18.0.5,<none>,Ubuntu,22.04.1,LTS,4.15.0-156-generic,containerd://1.6.9
idx,7,LOG_TIME,2023-05-17T17:38:13,2023-05-17T12:38:13,-,-,-,-,-
NAME,STATUS,ROLES,AGE,VERSION,INTERNAL-IP,EXTERNAL-IP,OS-IMAGE,KERNEL-VERSION,CONTAINER-RUNTIME
kind-control-plane,Ready,control-plane,33d,v1.24.7,172.18.0.2,<none>,Ubuntu,22.04.1,LTS,4.15.0-156-generic,containerd://1.6.9
kind-worker,Ready,<none>,33d,v1.24.7,172.18.0.4,<none>,Ubuntu,22.04.1,LTS,4.15.0-156-generic,containerd://1.6.9
kind-worker2,Ready,<none>,33d,v1.24.7,172.18.0.3,<none>,Ubuntu,22.04.1,LTS,4.15.0-156-generic,containerd://1.6.9
kind-worker3,Ready,<none>,33d,v1.24.7,172.18.0.5,<none>,Ubuntu,22.04.1,LTS,4.15.0-156-generic,containerd://1.6.9
idx,8,LOG_TIME,2023-05-17T17:38:14,2023-05-17T12:38:14,-,-,-,-,-
NAME,STATUS,ROLES,AGE,VERSION,INTERNAL-IP,EXTERNAL-IP,OS-IMAGE,KERNEL-VERSION,CONTAINER-RUNTIME
kind-control-plane,Ready,control-plane,33d,v1.24.7,172.18.0.2,<none>,Ubuntu,22.04.1,LTS,4.15.0-156-generic,containerd://1.6.9
kind-worker,Ready,<none>,33d,v1.24.7,172.18.0.4,<none>,Ubuntu,22.04.1,LTS,4.15.0-156-generic,containerd://1.6.9
kind-worker2,Ready,<none>,33d,v1.24.7,172.18.0.3,<none>,Ubuntu,22.04.1,LTS,4.15.0-156-generic,containerd://1.6.9
kind-worker3,Ready,<none>,33d,v1.24.7,172.18.0.5,<none>,Ubuntu,22.04.1,LTS,4.15.0-156-generic,containerd://1.6.9
idx,9,LOG_TIME,2023-05-17T17:38:15,2023-05-17T12:38:15,-,-,-,-,-
NAME,STATUS,ROLES,AGE,VERSION,INTERNAL-IP,EXTERNAL-IP,OS-IMAGE,KERNEL-VERSION,CONTAINER-RUNTIME
kind-control-plane,Ready,control-plane,33d,v1.24.7,172.18.0.2,<none>,Ubuntu,22.04.1,LTS,4.15.0-156-generic,containerd://1.6.9
kind-worker,Ready,<none>,33d,v1.24.7,172.18.0.4,<none>,Ubuntu,22.04.1,LTS,4.15.0-156-generic,containerd://1.6.9
kind-worker2,Ready,<none>,33d,v1.24.7,172.18.0.3,<none>,Ubuntu,22.04.1,LTS,4.15.0-156-generic,containerd://1.6.9
kind-worker3,Ready,<none>,33d,v1.24.7,172.18.0.5,<none>,Ubuntu,22.04.1,LTS,4.15.0-156-generic,containerd://1.6.9
idx,10,LOG_TIME,2023-05-17T17:38:16,2023-05-17T12:38:16,-,-,-,-,-
NAME,STATUS,ROLES,AGE,VERSION,INTERNAL-IP,EXTERNAL-IP,OS-IMAGE,KERNEL-VERSION,CONTAINER-RUNTIME
kind-control-plane,Ready,control-plane,33d,v1.24.7,172.18.0.2,<none>,Ubuntu,22.04.1,LTS,4.15.0-156-generic,containerd://1.6.9
kind-worker,Ready,<none>,33d,v1.24.7,172.18.0.4,<none>,Ubuntu,22.04.1,LTS,4.15.0-156-generic,containerd://1.6.9
kind-worker2,Ready,<none>,33d,v1.24.7,172.18.0.3,<none>,Ubuntu,22.04.1,LTS,4.15.0-156-generic,containerd://1.6.9
kind-worker3,Ready,<none>,33d,v1.24.7,172.18.0.5,<none>,Ubuntu,22.04.1,LTS,4.15.0-156-generic,containerd://1.6.9
idx,11,LOG_TIME,2023-05-17T17:38:17,2023-05-17T12:38:17,-,-,-,-,-
NAME,STATUS,ROLES,AGE,VERSION,INTERNAL-IP,EXTERNAL-IP,OS-IMAGE,KERNEL-VERSION,CONTAINER-RUNTIME
kind-control-plane,Ready,control-plane,33d,v1.24.7,172.18.0.2,<none>,Ubuntu,22.04.1,LTS,4.15.0-156-generic,containerd://1.6.9
kind-worker,Ready,<none>,33d,v1.24.7,172.18.0.4,<none>,Ubuntu,22.04.1,LTS,4.15.0-156-generic,containerd://1.6.9
kind-worker2,Ready,<none>,33d,v1.24.7,172.18.0.3,<none>,Ubuntu,22.04.1,LTS,4.15.0-156-generic,containerd://1.6.9
kind-worker3,Ready,<none>,33d,v1.24.7,172.18.0.5,<none>,Ubuntu,22.04.1,LTS,4.15.0-156-generic,containerd://1.6.9
idx,12,LOG_TIME,2023-05-17T17:38:18,2023-05-17T12:38:18,-,-,-,-,-
NAME,STATUS,ROLES,AGE,VERSION,INTERNAL-IP,EXTERNAL-IP,OS-IMAGE,KERNEL-VERSION,CONTAINER-RUNTIME
kind-control-plane,Ready,control-plane,33d,v1.24.7,172.18.0.2,<none>,Ubuntu,22.04.1,LTS,4.15.0-156-generic,containerd://1.6.9
kind-worker,Ready,<none>,33d,v1.24.7,172.18.0.4,<none>,Ubuntu,22.04.1,LTS,4.15.0-156-generic,containerd://1.6.9
kind-worker2,Ready,<none>,33d,v1.24.7,172.18.0.3,<none>,Ubuntu,22.04.1,LTS,4.15.0-156-generic,containerd://1.6.9
kind-worker3,Ready,<none>,33d,v1.24.7,172.18.0.5,<none>,Ubuntu,22.04.1,LTS,4.15.0-156-generic,containerd://1.6.9
idx,13,LOG_TIME,2023-05-17T17:38:19,2023-05-17T12:38:19,-,-,-,-,-
NAME,STATUS,ROLES,AGE,VERSION,INTERNAL-IP,EXTERNAL-IP,OS-IMAGE,KERNEL-VERSION,CONTAINER-RUNTIME
kind-control-plane,Ready,control-plane,33d,v1.24.7,172.18.0.2,<none>,Ubuntu,22.04.1,LTS,4.15.0-156-generic,containerd://1.6.9
kind-worker,Ready,<none>,33d,v1.24.7,172.18.0.4,<none>,Ubuntu,22.04.1,LTS,4.15.0-156-generic,containerd://1.6.9
kind-worker2,Ready,<none>,33d,v1.24.7,172.18.0.3,<none>,Ubuntu,22.04.1,LTS,4.15.0-156-generic,containerd://1.6.9
kind-worker3,Ready,<none>,33d,v1.24.7,172.18.0.5,<none>,Ubuntu,22.04.1,LTS,4.15.0-156-generic,containerd://1.6.9
idx,14,LOG_TIME,2023-05-17T17:38:20,2023-05-17T12:38:20,-,-,-,-,-
NAME,STATUS,ROLES,AGE,VERSION,INTERNAL-IP,EXTERNAL-IP,OS-IMAGE,KERNEL-VERSION,CONTAINER-RUNTIME
kind-control-plane,Ready,control-plane,33d,v1.24.7,172.18.0.2,<none>,Ubuntu,22.04.1,LTS,4.15.0-156-generic,containerd://1.6.9
kind-worker,Ready,<none>,33d,v1.24.7,172.18.0.4,<none>,Ubuntu,22.04.1,LTS,4.15.0-156-generic,containerd://1.6.9
kind-worker2,Ready,<none>,33d,v1.24.7,172.18.0.3,<none>,Ubuntu,22.04.1,LTS,4.15.0-156-generic,containerd://1.6.9
kind-worker3,Ready,<none>,33d,v1.24.7,172.18.0.5,<none>,Ubuntu,22.04.1,LTS,4.15.0-156-generic,containerd://1.6.9
idx,15,LOG_TIME,2023-05-17T17:38:21,2023-05-17T12:38:21,-,-,-,-,-
NAME,STATUS,ROLES,AGE,VERSION,INTERNAL-IP,EXTERNAL-IP,OS-IMAGE,KERNEL-VERSION,CONTAINER-RUNTIME
kind-control-plane,Ready,control-plane,33d,v1.24.7,172.18.0.2,<none>,Ubuntu,22.04.1,LTS,4.15.0-156-generic,containerd://1.6.9
kind-worker,Ready,<none>,33d,v1.24.7,172.18.0.4,<none>,Ubuntu,22.04.1,LTS,4.15.0-156-generic,containerd://1.6.9
kind-worker2,Ready,<none>,33d,v1.24.7,172.18.0.3,<none>,Ubuntu,22.04.1,LTS,4.15.0-156-generic,containerd://1.6.9
kind-worker3,Ready,<none>,33d,v1.24.7,172.18.0.5,<none>,Ubuntu,22.04.1,LTS,4.15.0-156-generic,containerd://1.6.9
idx,16,LOG_TIME,2023-05-17T17:38:22,2023-05-17T12:38:22,-,-,-,-,-
NAME,STATUS,ROLES,AGE,VERSION,INTERNAL-IP,EXTERNAL-IP,OS-IMAGE,KERNEL-VERSION,CONTAINER-RUNTIME
kind-control-plane,Ready,control-plane,33d,v1.24.7,172.18.0.2,<none>,Ubuntu,22.04.1,LTS,4.15.0-156-generic,containerd://1.6.9
kind-worker,Ready,<none>,33d,v1.24.7,172.18.0.4,<none>,Ubuntu,22.04.1,LTS,4.15.0-156-generic,containerd://1.6.9
kind-worker2,Ready,<none>,33d,v1.24.7,172.18.0.3,<none>,Ubuntu,22.04.1,LTS,4.15.0-156-generic,containerd://1.6.9
kind-worker3,Ready,<none>,33d,v1.24.7,172.18.0.5,<none>,Ubuntu,22.04.1,LTS,4.15.0-156-generic,containerd://1.6.9
idx,17,LOG_TIME,2023-05-17T17:38:23,2023-05-17T12:38:23,-,-,-,-,-
NAME,STATUS,ROLES,AGE,VERSION,INTERNAL-IP,EXTERNAL-IP,OS-IMAGE,KERNEL-VERSION,CONTAINER-RUNTIME
kind-control-plane,Ready,control-plane,33d,v1.24.7,172.18.0.2,<none>,Ubuntu,22.04.1,LTS,4.15.0-156-generic,containerd://1.6.9
kind-worker,Ready,<none>,33d,v1.24.7,172.18.0.4,<none>,Ubuntu,22.04.1,LTS,4.15.0-156-generic,containerd://1.6.9
kind-worker2,Ready,<none>,33d,v1.24.7,172.18.0.3,<none>,Ubuntu,22.04.1,LTS,4.15.0-156-generic,containerd://1.6.9
kind-worker3,Ready,<none>,33d,v1.24.7,172.18.0.5,<none>,Ubuntu,22.04.1,LTS,4.15.0-156-generic,containerd://1.6.9
idx,18,LOG_TIME,2023-05-17T17:38:24,2023-05-17T12:38:24,-,-,-,-,-
NAME,STATUS,ROLES,AGE,VERSION,INTERNAL-IP,EXTERNAL-IP,OS-IMAGE,KERNEL-VERSION,CONTAINER-RUNTIME
kind-control-plane,Ready,control-plane,33d,v1.24.7,172.18.0.2,<none>,Ubuntu,22.04.1,LTS,4.15.0-156-generic,containerd://1.6.9
kind-worker,Ready,<none>,33d,v1.24.7,172.18.0.4,<none>,Ubuntu,22.04.1,LTS,4.15.0-156-generic,containerd://1.6.9
kind-worker2,Ready,<none>,33d,v1.24.7,172.18.0.3,<none>,Ubuntu,22.04.1,LTS,4.15.0-156-generic,containerd://1.6.9
kind-worker3,Ready,<none>,33d,v1.24.7,172.18.0.5,<none>,Ubuntu,22.04.1,LTS,4.15.0-156-generic,containerd://1.6.9
idx,19,LOG_TIME,2023-05-17T17:38:25,2023-05-17T12:38:25,-,-,-,-,-
NAME,STATUS,ROLES,AGE,VERSION,INTERNAL-IP,EXTERNAL-IP,OS-IMAGE,KERNEL-VERSION,CONTAINER-RUNTIME
kind-control-plane,Ready,control-plane,33d,v1.24.7,172.18.0.2,<none>,Ubuntu,22.04.1,LTS,4.15.0-156-generic,containerd://1.6.9
kind-worker,Ready,<none>,33d,v1.24.7,172.18.0.4,<none>,Ubuntu,22.04.1,LTS,4.15.0-156-generic,containerd://1.6.9
kind-worker2,Ready,<none>,33d,v1.24.7,172.18.0.3,<none>,Ubuntu,22.04.1,LTS,4.15.0-156-generic,containerd://1.6.9
kind-worker3,Ready,<none>,33d,v1.24.7,172.18.0.5,<none>,Ubuntu,22.04.1,LTS,4.15.0-156-generic,containerd://1.6.9
idx,20,LOG_TIME,2023-05-17T17:38:26,2023-05-17T12:38:26,-,-,-,-,-
NAME,STATUS,ROLES,AGE,VERSION,INTERNAL-IP,EXTERNAL-IP,OS-IMAGE,KERNEL-VERSION,CONTAINER-RUNTIME
kind-control-plane,Ready,control-plane,33d,v1.24.7,172.18.0.2,<none>,Ubuntu,22.04.1,LTS,4.15.0-156-generic,containerd://1.6.9
kind-worker,Ready,<none>,33d,v1.24.7,172.18.0.4,<none>,Ubuntu,22.04.1,LTS,4.15.0-156-generic,containerd://1.6.9
kind-worker2,Ready,<none>,33d,v1.24.7,172.18.0.3,<none>,Ubuntu,22.04.1,LTS,4.15.0-156-generic,containerd://1.6.9
kind-worker3,Ready,<none>,33d,v1.24.7,172.18.0.5,<none>,Ubuntu,22.04.1,LTS,4.15.0-156-generic,containerd://1.6.9
idx,21,LOG_TIME,2023-05-17T17:38:27,2023-05-17T12:38:27,-,-,-,-,-
NAME,STATUS,ROLES,AGE,VERSION,INTERNAL-IP,EXTERNAL-IP,OS-IMAGE,KERNEL-VERSION,CONTAINER-RUNTIME
kind-control-plane,Ready,control-plane,33d,v1.24.7,172.18.0.2,<none>,Ubuntu,22.04.1,LTS,4.15.0-156-generic,containerd://1.6.9
kind-worker,Ready,<none>,33d,v1.24.7,172.18.0.4,<none>,Ubuntu,22.04.1,LTS,4.15.0-156-generic,containerd://1.6.9
kind-worker2,Ready,<none>,33d,v1.24.7,172.18.0.3,<none>,Ubuntu,22.04.1,LTS,4.15.0-156-generic,containerd://1.6.9
kind-worker3,Ready,<none>,33d,v1.24.7,172.18.0.5,<none>,Ubuntu,22.04.1,LTS,4.15.0-156-generic,containerd://1.6.9
idx,22,LOG_TIME,2023-05-17T17:38:28,2023-05-17T12:38:28,-,-,-,-,-
NAME,STATUS,ROLES,AGE,VERSION,INTERNAL-IP,EXTERNAL-IP,OS-IMAGE,KERNEL-VERSION,CONTAINER-RUNTIME
kind-control-plane,Ready,control-plane,33d,v1.24.7,172.18.0.2,<none>,Ubuntu,22.04.1,LTS,4.15.0-156-generic,containerd://1.6.9
kind-worker,Ready,<none>,33d,v1.24.7,172.18.0.4,<none>,Ubuntu,22.04.1,LTS,4.15.0-156-generic,containerd://1.6.9
kind-worker2,Ready,<none>,33d,v1.24.7,172.18.0.3,<none>,Ubuntu,22.04.1,LTS,4.15.0-156-generic,containerd://1.6.9
kind-worker3,Ready,<none>,33d,v1.24.7,172.18.0.5,<none>,Ubuntu,22.04.1,LTS,4.15.0-156-generic,containerd://1.6.9
idx,23,LOG_TIME,2023-05-17T17:38:29,2023-05-17T12:38:29,-,-,-,-,-
NAME,STATUS,ROLES,AGE,VERSION,INTERNAL-IP,EXTERNAL-IP,OS-IMAGE,KERNEL-VERSION,CONTAINER-RUNTIME
kind-control-plane,Ready,control-plane,33d,v1.24.7,172.18.0.2,<none>,Ubuntu,22.04.1,LTS,4.15.0-156-generic,containerd://1.6.9
kind-worker,Ready,<none>,33d,v1.24.7,172.18.0.4,<none>,Ubuntu,22.04.1,LTS,4.15.0-156-generic,containerd://1.6.9
kind-worker2,Ready,<none>,33d,v1.24.7,172.18.0.3,<none>,Ubuntu,22.04.1,LTS,4.15.0-156-generic,containerd://1.6.9
kind-worker3,Ready,<none>,33d,v1.24.7,172.18.0.5,<none>,Ubuntu,22.04.1,LTS,4.15.0-156-generic,containerd://1.6.9
idx,24,LOG_TIME,2023-05-17T17:38:30,2023-05-17T12:38:30,-,-,-,-,-
NAME,STATUS,ROLES,AGE,VERSION,INTERNAL-IP,EXTERNAL-IP,OS-IMAGE,KERNEL-VERSION,CONTAINER-RUNTIME
kind-control-plane,Ready,control-plane,33d,v1.24.7,172.18.0.2,<none>,Ubuntu,22.04.1,LTS,4.15.0-156-generic,containerd://1.6.9
kind-worker,Ready,<none>,33d,v1.24.7,172.18.0.4,<none>,Ubuntu,22.04.1,LTS,4.15.0-156-generic,containerd://1.6.9
kind-worker2,Ready,<none>,33d,v1.24.7,172.18.0.3,<none>,Ubuntu,22.04.1,LTS,4.15.0-156-generic,containerd://1.6.9
kind-worker3,Ready,<none>,33d,v1.24.7,172.18.0.5,<none>,Ubuntu,22.04.1,LTS,4.15.0-156-generic,containerd://1.6.9
idx,25,LOG_TIME,2023-05-17T17:38:31,2023-05-17T12:38:31,-,-,-,-,-
NAME,STATUS,ROLES,AGE,VERSION,INTERNAL-IP,EXTERNAL-IP,OS-IMAGE,KERNEL-VERSION,CONTAINER-RUNTIME
kind-control-plane,Ready,control-plane,33d,v1.24.7,172.18.0.2,<none>,Ubuntu,22.04.1,LTS,4.15.0-156-generic,containerd://1.6.9
kind-worker,Ready,<none>,33d,v1.24.7,172.18.0.4,<none>,Ubuntu,22.04.1,LTS,4.15.0-156-generic,containerd://1.6.9
kind-worker2,Ready,<none>,33d,v1.24.7,172.18.0.3,<none>,Ubuntu,22.04.1,LTS,4.15.0-156-generic,containerd://1.6.9
kind-worker3,Ready,<none>,33d,v1.24.7,172.18.0.5,<none>,Ubuntu,22.04.1,LTS,4.15.0-156-generic,containerd://1.6.9
idx,26,LOG_TIME,2023-05-17T17:38:32,2023-05-17T12:38:32,-,-,-,-,-
NAME,STATUS,ROLES,AGE,VERSION,INTERNAL-IP,EXTERNAL-IP,OS-IMAGE,KERNEL-VERSION,CONTAINER-RUNTIME
kind-control-plane,Ready,control-plane,33d,v1.24.7,172.18.0.2,<none>,Ubuntu,22.04.1,LTS,4.15.0-156-generic,containerd://1.6.9
kind-worker,Ready,<none>,33d,v1.24.7,172.18.0.4,<none>,Ubuntu,22.04.1,LTS,4.15.0-156-generic,containerd://1.6.9
kind-worker2,Ready,<none>,33d,v1.24.7,172.18.0.3,<none>,Ubuntu,22.04.1,LTS,4.15.0-156-generic,containerd://1.6.9
kind-worker3,Ready,<none>,33d,v1.24.7,172.18.0.5,<none>,Ubuntu,22.04.1,LTS,4.15.0-156-generic,containerd://1.6.9
idx,27,LOG_TIME,2023-05-17T17:38:33,2023-05-17T12:38:33,-,-,-,-,-
NAME,STATUS,ROLES,AGE,VERSION,INTERNAL-IP,EXTERNAL-IP,OS-IMAGE,KERNEL-VERSION,CONTAINER-RUNTIME
kind-control-plane,Ready,control-plane,33d,v1.24.7,172.18.0.2,<none>,Ubuntu,22.04.1,LTS,4.15.0-156-generic,containerd://1.6.9
kind-worker,Ready,<none>,33d,v1.24.7,172.18.0.4,<none>,Ubuntu,22.04.1,LTS,4.15.0-156-generic,containerd://1.6.9
kind-worker2,Ready,<none>,33d,v1.24.7,172.18.0.3,<none>,Ubuntu,22.04.1,LTS,4.15.0-156-generic,containerd://1.6.9
kind-worker3,Ready,<none>,33d,v1.24.7,172.18.0.5,<none>,Ubuntu,22.04.1,LTS,4.15.0-156-generic,containerd://1.6.9
idx,28,LOG_TIME,2023-05-17T17:38:34,2023-05-17T12:38:34,-,-,-,-,-
NAME,STATUS,ROLES,AGE,VERSION,INTERNAL-IP,EXTERNAL-IP,OS-IMAGE,KERNEL-VERSION,CONTAINER-RUNTIME
kind-control-plane,Ready,control-plane,33d,v1.24.7,172.18.0.2,<none>,Ubuntu,22.04.1,LTS,4.15.0-156-generic,containerd://1.6.9
kind-worker,Ready,<none>,33d,v1.24.7,172.18.0.4,<none>,Ubuntu,22.04.1,LTS,4.15.0-156-generic,containerd://1.6.9
kind-worker2,Ready,<none>,33d,v1.24.7,172.18.0.3,<none>,Ubuntu,22.04.1,LTS,4.15.0-156-generic,containerd://1.6.9
kind-worker3,Ready,<none>,33d,v1.24.7,172.18.0.5,<none>,Ubuntu,22.04.1,LTS,4.15.0-156-generic,containerd://1.6.9
idx,29,LOG_TIME,2023-05-17T17:38:35,2023-05-17T12:38:35,-,-,-,-,-
NAME,STATUS,ROLES,AGE,VERSION,INTERNAL-IP,EXTERNAL-IP,OS-IMAGE,KERNEL-VERSION,CONTAINER-RUNTIME
kind-control-plane,Ready,control-plane,33d,v1.24.7,172.18.0.2,<none>,Ubuntu,22.04.1,LTS,4.15.0-156-generic,containerd://1.6.9
kind-worker,Ready,<none>,33d,v1.24.7,172.18.0.4,<none>,Ubuntu,22.04.1,LTS,4.15.0-156-generic,containerd://1.6.9
kind-worker2,Ready,<none>,33d,v1.24.7,172.18.0.3,<none>,Ubuntu,22.04.1,LTS,4.15.0-156-generic,containerd://1.6.9
kind-worker3,Ready,<none>,33d,v1.24.7,172.18.0.5,<none>,Ubuntu,22.04.1,LTS,4.15.0-156-generic,containerd://1.6.9
idx,30,LOG_TIME,2023-05-17T17:38:36,2023-05-17T12:38:36,-,-,-,-,-
NAME,STATUS,ROLES,AGE,VERSION,INTERNAL-IP,EXTERNAL-IP,OS-IMAGE,KERNEL-VERSION,CONTAINER-RUNTIME
kind-control-plane,Ready,control-plane,33d,v1.24.7,172.18.0.2,<none>,Ubuntu,22.04.1,LTS,4.15.0-156-generic,containerd://1.6.9
kind-worker,Ready,<none>,33d,v1.24.7,172.18.0.4,<none>,Ubuntu,22.04.1,LTS,4.15.0-156-generic,containerd://1.6.9
kind-worker2,Ready,<none>,33d,v1.24.7,172.18.0.3,<none>,Ubuntu,22.04.1,LTS,4.15.0-156-generic,containerd://1.6.9
kind-worker3,Ready,<none>,33d,v1.24.7,172.18.0.5,<none>,Ubuntu,22.04.1,LTS,4.15.0-156-generic,containerd://1.6.9
idx,31,LOG_TIME,2023-05-17T17:38:37,2023-05-17T12:38:37,-,-,-,-,-
NAME,STATUS,ROLES,AGE,VERSION,INTERNAL-IP,EXTERNAL-IP,OS-IMAGE,KERNEL-VERSION,CONTAINER-RUNTIME
kind-control-plane,Ready,control-plane,33d,v1.24.7,172.18.0.2,<none>,Ubuntu,22.04.1,LTS,4.15.0-156-generic,containerd://1.6.9
kind-worker,Ready,<none>,33d,v1.24.7,172.18.0.4,<none>,Ubuntu,22.04.1,LTS,4.15.0-156-generic,containerd://1.6.9
kind-worker2,Ready,<none>,33d,v1.24.7,172.18.0.3,<none>,Ubuntu,22.04.1,LTS,4.15.0-156-generic,containerd://1.6.9
kind-worker3,Ready,<none>,33d,v1.24.7,172.18.0.5,<none>,Ubuntu,22.04.1,LTS,4.15.0-156-generic,containerd://1.6.9
idx,32,LOG_TIME,2023-05-17T17:38:38,2023-05-17T12:38:38,-,-,-,-,-
NAME,STATUS,ROLES,AGE,VERSION,INTERNAL-IP,EXTERNAL-IP,OS-IMAGE,KERNEL-VERSION,CONTAINER-RUNTIME
kind-control-plane,Ready,control-plane,33d,v1.24.7,172.18.0.2,<none>,Ubuntu,22.04.1,LTS,4.15.0-156-generic,containerd://1.6.9
kind-worker,Ready,<none>,33d,v1.24.7,172.18.0.4,<none>,Ubuntu,22.04.1,LTS,4.15.0-156-generic,containerd://1.6.9
kind-worker2,Ready,<none>,33d,v1.24.7,172.18.0.3,<none>,Ubuntu,22.04.1,LTS,4.15.0-156-generic,containerd://1.6.9
kind-worker3,Ready,<none>,33d,v1.24.7,172.18.0.5,<none>,Ubuntu,22.04.1,LTS,4.15.0-156-generic,containerd://1.6.9
idx,33,LOG_TIME,2023-05-17T17:38:39,2023-05-17T12:38:39,-,-,-,-,-
NAME,STATUS,ROLES,AGE,VERSION,INTERNAL-IP,EXTERNAL-IP,OS-IMAGE,KERNEL-VERSION,CONTAINER-RUNTIME
kind-control-plane,Ready,control-plane,33d,v1.24.7,172.18.0.2,<none>,Ubuntu,22.04.1,LTS,4.15.0-156-generic,containerd://1.6.9
kind-worker,Ready,<none>,33d,v1.24.7,172.18.0.4,<none>,Ubuntu,22.04.1,LTS,4.15.0-156-generic,containerd://1.6.9
kind-worker2,Ready,<none>,33d,v1.24.7,172.18.0.3,<none>,Ubuntu,22.04.1,LTS,4.15.0-156-generic,containerd://1.6.9
kind-worker3,Ready,<none>,33d,v1.24.7,172.18.0.5,<none>,Ubuntu,22.04.1,LTS,4.15.0-156-generic,containerd://1.6.9
idx,34,LOG_TIME,2023-05-17T17:38:40,2023-05-17T12:38:40,-,-,-,-,-
NAME,STATUS,ROLES,AGE,VERSION,INTERNAL-IP,EXTERNAL-IP,OS-IMAGE,KERNEL-VERSION,CONTAINER-RUNTIME
kind-control-plane,Ready,control-plane,33d,v1.24.7,172.18.0.2,<none>,Ubuntu,22.04.1,LTS,4.15.0-156-generic,containerd://1.6.9
kind-worker,Ready,<none>,33d,v1.24.7,172.18.0.4,<none>,Ubuntu,22.04.1,LTS,4.15.0-156-generic,containerd://1.6.9
kind-worker2,Ready,<none>,33d,v1.24.7,172.18.0.3,<none>,Ubuntu,22.04.1,LTS,4.15.0-156-generic,containerd://1.6.9
kind-worker3,Ready,<none>,33d,v1.24.7,172.18.0.5,<none>,Ubuntu,22.04.1,LTS,4.15.0-156-generic,containerd://1.6.9
idx,35,LOG_TIME,2023-05-17T17:38:41,2023-05-17T12:38:41,-,-,-,-,-
NAME,STATUS,ROLES,AGE,VERSION,INTERNAL-IP,EXTERNAL-IP,OS-IMAGE,KERNEL-VERSION,CONTAINER-RUNTIME
kind-control-plane,Ready,control-plane,33d,v1.24.7,172.18.0.2,<none>,Ubuntu,22.04.1,LTS,4.15.0-156-generic,containerd://1.6.9
kind-worker,Ready,<none>,33d,v1.24.7,172.18.0.4,<none>,Ubuntu,22.04.1,LTS,4.15.0-156-generic,containerd://1.6.9
kind-worker2,Ready,<none>,33d,v1.24.7,172.18.0.3,<none>,Ubuntu,22.04.1,LTS,4.15.0-156-generic,containerd://1.6.9
kind-worker3,Ready,<none>,33d,v1.24.7,172.18.0.5,<none>,Ubuntu,22.04.1,LTS,4.15.0-156-generic,containerd://1.6.9
idx,36,LOG_TIME,2023-05-17T17:38:42,2023-05-17T12:38:42,-,-,-,-,-
NAME,STATUS,ROLES,AGE,VERSION,INTERNAL-IP,EXTERNAL-IP,OS-IMAGE,KERNEL-VERSION,CONTAINER-RUNTIME
kind-control-plane,Ready,control-plane,33d,v1.24.7,172.18.0.2,<none>,Ubuntu,22.04.1,LTS,4.15.0-156-generic,containerd://1.6.9
kind-worker,Ready,<none>,33d,v1.24.7,172.18.0.4,<none>,Ubuntu,22.04.1,LTS,4.15.0-156-generic,containerd://1.6.9
kind-worker2,Ready,<none>,33d,v1.24.7,172.18.0.3,<none>,Ubuntu,22.04.1,LTS,4.15.0-156-generic,containerd://1.6.9
kind-worker3,Ready,<none>,33d,v1.24.7,172.18.0.5,<none>,Ubuntu,22.04.1,LTS,4.15.0-156-generic,containerd://1.6.9
idx,37,LOG_TIME,2023-05-17T17:38:43,2023-05-17T12:38:43,-,-,-,-,-
NAME,STATUS,ROLES,AGE,VERSION,INTERNAL-IP,EXTERNAL-IP,OS-IMAGE,KERNEL-VERSION,CONTAINER-RUNTIME
kind-control-plane,Ready,control-plane,33d,v1.24.7,172.18.0.2,<none>,Ubuntu,22.04.1,LTS,4.15.0-156-generic,containerd://1.6.9
kind-worker,Ready,<none>,33d,v1.24.7,172.18.0.4,<none>,Ubuntu,22.04.1,LTS,4.15.0-156-generic,containerd://1.6.9
kind-worker2,Ready,<none>,33d,v1.24.7,172.18.0.3,<none>,Ubuntu,22.04.1,LTS,4.15.0-156-generic,containerd://1.6.9
kind-worker3,Ready,<none>,33d,v1.24.7,172.18.0.5,<none>,Ubuntu,22.04.1,LTS,4.15.0-156-generic,containerd://1.6.9
idx,38,LOG_TIME,2023-05-17T17:38:44,2023-05-17T12:38:44,-,-,-,-,-
NAME,STATUS,ROLES,AGE,VERSION,INTERNAL-IP,EXTERNAL-IP,OS-IMAGE,KERNEL-VERSION,CONTAINER-RUNTIME
kind-control-plane,Ready,control-plane,33d,v1.24.7,172.18.0.2,<none>,Ubuntu,22.04.1,LTS,4.15.0-156-generic,containerd://1.6.9
kind-worker,Ready,<none>,33d,v1.24.7,172.18.0.4,<none>,Ubuntu,22.04.1,LTS,4.15.0-156-generic,containerd://1.6.9
kind-worker2,Ready,<none>,33d,v1.24.7,172.18.0.3,<none>,Ubuntu,22.04.1,LTS,4.15.0-156-generic,containerd://1.6.9
kind-worker3,Ready,<none>,33d,v1.24.7,172.18.0.5,<none>,Ubuntu,22.04.1,LTS,4.15.0-156-generic,containerd://1.6.9
idx,39,LOG_TIME,2023-05-17T17:38:45,2023-05-17T12:38:45,-,-,-,-,-
NAME,STATUS,ROLES,AGE,VERSION,INTERNAL-IP,EXTERNAL-IP,OS-IMAGE,KERNEL-VERSION,CONTAINER-RUNTIME
kind-control-plane,Ready,control-plane,33d,v1.24.7,172.18.0.2,<none>,Ubuntu,22.04.1,LTS,4.15.0-156-generic,containerd://1.6.9
kind-worker,Ready,<none>,33d,v1.24.7,172.18.0.4,<none>,Ubuntu,22.04.1,LTS,4.15.0-156-generic,containerd://1.6.9
kind-worker2,Ready,<none>,33d,v1.24.7,172.18.0.3,<none>,Ubuntu,22.04.1,LTS,4.15.0-156-generic,containerd://1.6.9
kind-worker3,Ready,<none>,33d,v1.24.7,172.18.0.5,<none>,Ubuntu,22.04.1,LTS,4.15.0-156-generic,containerd://1.6.9
idx,40,LOG_TIME,2023-05-17T17:38:46,2023-05-17T12:38:46,-,-,-,-,-
NAME,STATUS,ROLES,AGE,VERSION,INTERNAL-IP,EXTERNAL-IP,OS-IMAGE,KERNEL-VERSION,CONTAINER-RUNTIME
kind-control-plane,Ready,control-plane,33d,v1.24.7,172.18.0.2,<none>,Ubuntu,22.04.1,LTS,4.15.0-156-generic,containerd://1.6.9
kind-worker,Ready,<none>,33d,v1.24.7,172.18.0.4,<none>,Ubuntu,22.04.1,LTS,4.15.0-156-generic,containerd://1.6.9
kind-worker2,Ready,<none>,33d,v1.24.7,172.18.0.3,<none>,Ubuntu,22.04.1,LTS,4.15.0-156-generic,containerd://1.6.9
kind-worker3,Ready,<none>,33d,v1.24.7,172.18.0.5,<none>,Ubuntu,22.04.1,LTS,4.15.0-156-generic,containerd://1.6.9
idx,41,LOG_TIME,2023-05-17T17:38:47,2023-05-17T12:38:47,-,-,-,-,-
NAME,STATUS,ROLES,AGE,VERSION,INTERNAL-IP,EXTERNAL-IP,OS-IMAGE,KERNEL-VERSION,CONTAINER-RUNTIME
kind-control-plane,Ready,control-plane,33d,v1.24.7,172.18.0.2,<none>,Ubuntu,22.04.1,LTS,4.15.0-156-generic,containerd://1.6.9
kind-worker,Ready,<none>,33d,v1.24.7,172.18.0.4,<none>,Ubuntu,22.04.1,LTS,4.15.0-156-generic,containerd://1.6.9
kind-worker2,Ready,<none>,33d,v1.24.7,172.18.0.3,<none>,Ubuntu,22.04.1,LTS,4.15.0-156-generic,containerd://1.6.9
kind-worker3,Ready,<none>,33d,v1.24.7,172.18.0.5,<none>,Ubuntu,22.04.1,LTS,4.15.0-156-generic,containerd://1.6.9
idx,42,LOG_TIME,2023-05-17T17:38:48,2023-05-17T12:38:48,-,-,-,-,-
NAME,STATUS,ROLES,AGE,VERSION,INTERNAL-IP,EXTERNAL-IP,OS-IMAGE,KERNEL-VERSION,CONTAINER-RUNTIME
kind-control-plane,Ready,control-plane,33d,v1.24.7,172.18.0.2,<none>,Ubuntu,22.04.1,LTS,4.15.0-156-generic,containerd://1.6.9
kind-worker,Ready,<none>,33d,v1.24.7,172.18.0.4,<none>,Ubuntu,22.04.1,LTS,4.15.0-156-generic,containerd://1.6.9
kind-worker2,Ready,<none>,33d,v1.24.7,172.18.0.3,<none>,Ubuntu,22.04.1,LTS,4.15.0-156-generic,containerd://1.6.9
kind-worker3,Ready,<none>,33d,v1.24.7,172.18.0.5,<none>,Ubuntu,22.04.1,LTS,4.15.0-156-generic,containerd://1.6.9
idx,43,LOG_TIME,2023-05-17T17:38:49,2023-05-17T12:38:49,-,-,-,-,-
NAME,STATUS,ROLES,AGE,VERSION,INTERNAL-IP,EXTERNAL-IP,OS-IMAGE,KERNEL-VERSION,CONTAINER-RUNTIME
kind-control-plane,Ready,control-plane,33d,v1.24.7,172.18.0.2,<none>,Ubuntu,22.04.1,LTS,4.15.0-156-generic,containerd://1.6.9
kind-worker,Ready,<none>,33d,v1.24.7,172.18.0.4,<none>,Ubuntu,22.04.1,LTS,4.15.0-156-generic,containerd://1.6.9
kind-worker2,Ready,<none>,33d,v1.24.7,172.18.0.3,<none>,Ubuntu,22.04.1,LTS,4.15.0-156-generic,containerd://1.6.9
kind-worker3,Ready,<none>,33d,v1.24.7,172.18.0.5,<none>,Ubuntu,22.04.1,LTS,4.15.0-156-generic,containerd://1.6.9
idx,44,LOG_TIME,2023-05-17T17:38:50,2023-05-17T12:38:50,-,-,-,-,-
NAME,STATUS,ROLES,AGE,VERSION,INTERNAL-IP,EXTERNAL-IP,OS-IMAGE,KERNEL-VERSION,CONTAINER-RUNTIME
kind-control-plane,Ready,control-plane,33d,v1.24.7,172.18.0.2,<none>,Ubuntu,22.04.1,LTS,4.15.0-156-generic,containerd://1.6.9
kind-worker,Ready,<none>,33d,v1.24.7,172.18.0.4,<none>,Ubuntu,22.04.1,LTS,4.15.0-156-generic,containerd://1.6.9
kind-worker2,Ready,<none>,33d,v1.24.7,172.18.0.3,<none>,Ubuntu,22.04.1,LTS,4.15.0-156-generic,containerd://1.6.9
kind-worker3,Ready,<none>,33d,v1.24.7,172.18.0.5,<none>,Ubuntu,22.04.1,LTS,4.15.0-156-generic,containerd://1.6.9
idx,45,LOG_TIME,2023-05-17T17:38:51,2023-05-17T12:38:51,-,-,-,-,-
NAME,STATUS,ROLES,AGE,VERSION,INTERNAL-IP,EXTERNAL-IP,OS-IMAGE,KERNEL-VERSION,CONTAINER-RUNTIME
kind-control-plane,Ready,control-plane,33d,v1.24.7,172.18.0.2,<none>,Ubuntu,22.04.1,LTS,4.15.0-156-generic,containerd://1.6.9
kind-worker,Ready,<none>,33d,v1.24.7,172.18.0.4,<none>,Ubuntu,22.04.1,LTS,4.15.0-156-generic,containerd://1.6.9
kind-worker2,Ready,<none>,33d,v1.24.7,172.18.0.3,<none>,Ubuntu,22.04.1,LTS,4.15.0-156-generic,containerd://1.6.9
kind-worker3,Ready,<none>,33d,v1.24.7,172.18.0.5,<none>,Ubuntu,22.04.1,LTS,4.15.0-156-generic,containerd://1.6.9
idx,46,LOG_TIME,2023-05-17T17:38:52,2023-05-17T12:38:52,-,-,-,-,-
NAME,STATUS,ROLES,AGE,VERSION,INTERNAL-IP,EXTERNAL-IP,OS-IMAGE,KERNEL-VERSION,CONTAINER-RUNTIME
kind-control-plane,Ready,control-plane,33d,v1.24.7,172.18.0.2,<none>,Ubuntu,22.04.1,LTS,4.15.0-156-generic,containerd://1.6.9
kind-worker,Ready,<none>,33d,v1.24.7,172.18.0.4,<none>,Ubuntu,22.04.1,LTS,4.15.0-156-generic,containerd://1.6.9
kind-worker2,Ready,<none>,33d,v1.24.7,172.18.0.3,<none>,Ubuntu,22.04.1,LTS,4.15.0-156-generic,containerd://1.6.9
kind-worker3,Ready,<none>,33d,v1.24.7,172.18.0.5,<none>,Ubuntu,22.04.1,LTS,4.15.0-156-generic,containerd://1.6.9
idx,47,LOG_TIME,2023-05-17T17:38:53,2023-05-17T12:38:53,-,-,-,-,-
NAME,STATUS,ROLES,AGE,VERSION,INTERNAL-IP,EXTERNAL-IP,OS-IMAGE,KERNEL-VERSION,CONTAINER-RUNTIME
kind-control-plane,Ready,control-plane,33d,v1.24.7,172.18.0.2,<none>,Ubuntu,22.04.1,LTS,4.15.0-156-generic,containerd://1.6.9
kind-worker,Ready,<none>,33d,v1.24.7,172.18.0.4,<none>,Ubuntu,22.04.1,LTS,4.15.0-156-generic,containerd://1.6.9
kind-worker2,Ready,<none>,33d,v1.24.7,172.18.0.3,<none>,Ubuntu,22.04.1,LTS,4.15.0-156-generic,containerd://1.6.9
kind-worker3,Ready,<none>,33d,v1.24.7,172.18.0.5,<none>,Ubuntu,22.04.1,LTS,4.15.0-156-generic,containerd://1.6.9
idx,48,LOG_TIME,2023-05-17T17:38:54,2023-05-17T12:38:54,-,-,-,-,-
NAME,STATUS,ROLES,AGE,VERSION,INTERNAL-IP,EXTERNAL-IP,OS-IMAGE,KERNEL-VERSION,CONTAINER-RUNTIME
kind-control-plane,Ready,control-plane,33d,v1.24.7,172.18.0.2,<none>,Ubuntu,22.04.1,LTS,4.15.0-156-generic,containerd://1.6.9
kind-worker,Ready,<none>,33d,v1.24.7,172.18.0.4,<none>,Ubuntu,22.04.1,LTS,4.15.0-156-generic,containerd://1.6.9
kind-worker2,Ready,<none>,33d,v1.24.7,172.18.0.3,<none>,Ubuntu,22.04.1,LTS,4.15.0-156-generic,containerd://1.6.9
kind-worker3,Ready,<none>,33d,v1.24.7,172.18.0.5,<none>,Ubuntu,22.04.1,LTS,4.15.0-156-generic,containerd://1.6.9
idx,49,LOG_TIME,2023-05-17T17:38:56,2023-05-17T12:38:56,-,-,-,-,-
NAME,STATUS,ROLES,AGE,VERSION,INTERNAL-IP,EXTERNAL-IP,OS-IMAGE,KERNEL-VERSION,CONTAINER-RUNTIME
kind-control-plane,Ready,control-plane,33d,v1.24.7,172.18.0.2,<none>,Ubuntu,22.04.1,LTS,4.15.0-156-generic,containerd://1.6.9
kind-worker,Ready,<none>,33d,v1.24.7,172.18.0.4,<none>,Ubuntu,22.04.1,LTS,4.15.0-156-generic,containerd://1.6.9
kind-worker2,Ready,<none>,33d,v1.24.7,172.18.0.3,<none>,Ubuntu,22.04.1,LTS,4.15.0-156-generic,containerd://1.6.9
kind-worker3,Ready,<none>,33d,v1.24.7,172.18.0.5,<none>,Ubuntu,22.04.1,LTS,4.15.0-156-generic,containerd://1.6.9
idx,50,LOG_TIME,2023-05-17T17:38:57,2023-05-17T12:38:57,-,-,-,-,-
NAME,STATUS,ROLES,AGE,VERSION,INTERNAL-IP,EXTERNAL-IP,OS-IMAGE,KERNEL-VERSION,CONTAINER-RUNTIME
kind-control-plane,Ready,control-plane,33d,v1.24.7,172.18.0.2,<none>,Ubuntu,22.04.1,LTS,4.15.0-156-generic,containerd://1.6.9
kind-worker,Ready,<none>,33d,v1.24.7,172.18.0.4,<none>,Ubuntu,22.04.1,LTS,4.15.0-156-generic,containerd://1.6.9
kind-worker2,Ready,<none>,33d,v1.24.7,172.18.0.3,<none>,Ubuntu,22.04.1,LTS,4.15.0-156-generic,containerd://1.6.9
kind-worker3,Ready,<none>,33d,v1.24.7,172.18.0.5,<none>,Ubuntu,22.04.1,LTS,4.15.0-156-generic,containerd://1.6.9
idx,51,LOG_TIME,2023-05-17T17:38:58,2023-05-17T12:38:58,-,-,-,-,-
NAME,STATUS,ROLES,AGE,VERSION,INTERNAL-IP,EXTERNAL-IP,OS-IMAGE,KERNEL-VERSION,CONTAINER-RUNTIME
kind-control-plane,Ready,control-plane,33d,v1.24.7,172.18.0.2,<none>,Ubuntu,22.04.1,LTS,4.15.0-156-generic,containerd://1.6.9
kind-worker,Ready,<none>,33d,v1.24.7,172.18.0.4,<none>,Ubuntu,22.04.1,LTS,4.15.0-156-generic,containerd://1.6.9
kind-worker2,Ready,<none>,33d,v1.24.7,172.18.0.3,<none>,Ubuntu,22.04.1,LTS,4.15.0-156-generic,containerd://1.6.9
kind-worker3,Ready,<none>,33d,v1.24.7,172.18.0.5,<none>,Ubuntu,22.04.1,LTS,4.15.0-156-generic,containerd://1.6.9
idx,52,LOG_TIME,2023-05-17T17:38:59,2023-05-17T12:38:59,-,-,-,-,-
NAME,STATUS,ROLES,AGE,VERSION,INTERNAL-IP,EXTERNAL-IP,OS-IMAGE,KERNEL-VERSION,CONTAINER-RUNTIME
kind-control-plane,Ready,control-plane,33d,v1.24.7,172.18.0.2,<none>,Ubuntu,22.04.1,LTS,4.15.0-156-generic,containerd://1.6.9
kind-worker,Ready,<none>,33d,v1.24.7,172.18.0.4,<none>,Ubuntu,22.04.1,LTS,4.15.0-156-generic,containerd://1.6.9
kind-worker2,Ready,<none>,33d,v1.24.7,172.18.0.3,<none>,Ubuntu,22.04.1,LTS,4.15.0-156-generic,containerd://1.6.9
kind-worker3,Ready,<none>,33d,v1.24.7,172.18.0.5,<none>,Ubuntu,22.04.1,LTS,4.15.0-156-generic,containerd://1.6.9
idx,53,LOG_TIME,2023-05-17T17:39:00,2023-05-17T12:39:00,-,-,-,-,-
NAME,STATUS,ROLES,AGE,VERSION,INTERNAL-IP,EXTERNAL-IP,OS-IMAGE,KERNEL-VERSION,CONTAINER-RUNTIME
kind-control-plane,Ready,control-plane,33d,v1.24.7,172.18.0.2,<none>,Ubuntu,22.04.1,LTS,4.15.0-156-generic,containerd://1.6.9
kind-worker,Ready,<none>,33d,v1.24.7,172.18.0.4,<none>,Ubuntu,22.04.1,LTS,4.15.0-156-generic,containerd://1.6.9
kind-worker2,Ready,<none>,33d,v1.24.7,172.18.0.3,<none>,Ubuntu,22.04.1,LTS,4.15.0-156-generic,containerd://1.6.9
kind-worker3,Ready,<none>,33d,v1.24.7,172.18.0.5,<none>,Ubuntu,22.04.1,LTS,4.15.0-156-generic,containerd://1.6.9
idx,54,LOG_TIME,2023-05-17T17:39:01,2023-05-17T12:39:01,-,-,-,-,-
NAME,STATUS,ROLES,AGE,VERSION,INTERNAL-IP,EXTERNAL-IP,OS-IMAGE,KERNEL-VERSION,CONTAINER-RUNTIME
kind-control-plane,Ready,control-plane,33d,v1.24.7,172.18.0.2,<none>,Ubuntu,22.04.1,LTS,4.15.0-156-generic,containerd://1.6.9
kind-worker,Ready,<none>,33d,v1.24.7,172.18.0.4,<none>,Ubuntu,22.04.1,LTS,4.15.0-156-generic,containerd://1.6.9
kind-worker2,Ready,<none>,33d,v1.24.7,172.18.0.3,<none>,Ubuntu,22.04.1,LTS,4.15.0-156-generic,containerd://1.6.9
kind-worker3,Ready,<none>,33d,v1.24.7,172.18.0.5,<none>,Ubuntu,22.04.1,LTS,4.15.0-156-generic,containerd://1.6.9
idx,55,LOG_TIME,2023-05-17T17:39:02,2023-05-17T12:39:02,-,-,-,-,-
NAME,STATUS,ROLES,AGE,VERSION,INTERNAL-IP,EXTERNAL-IP,OS-IMAGE,KERNEL-VERSION,CONTAINER-RUNTIME
kind-control-plane,Ready,control-plane,33d,v1.24.7,172.18.0.2,<none>,Ubuntu,22.04.1,LTS,4.15.0-156-generic,containerd://1.6.9
kind-worker,Ready,<none>,33d,v1.24.7,172.18.0.4,<none>,Ubuntu,22.04.1,LTS,4.15.0-156-generic,containerd://1.6.9
kind-worker2,Ready,<none>,33d,v1.24.7,172.18.0.3,<none>,Ubuntu,22.04.1,LTS,4.15.0-156-generic,containerd://1.6.9
kind-worker3,Ready,<none>,33d,v1.24.7,172.18.0.5,<none>,Ubuntu,22.04.1,LTS,4.15.0-156-generic,containerd://1.6.9
idx,56,LOG_TIME,2023-05-17T17:39:03,2023-05-17T12:39:03,-,-,-,-,-
NAME,STATUS,ROLES,AGE,VERSION,INTERNAL-IP,EXTERNAL-IP,OS-IMAGE,KERNEL-VERSION,CONTAINER-RUNTIME
kind-control-plane,Ready,control-plane,33d,v1.24.7,172.18.0.2,<none>,Ubuntu,22.04.1,LTS,4.15.0-156-generic,containerd://1.6.9
kind-worker,Ready,<none>,33d,v1.24.7,172.18.0.4,<none>,Ubuntu,22.04.1,LTS,4.15.0-156-generic,containerd://1.6.9
kind-worker2,Ready,<none>,33d,v1.24.7,172.18.0.3,<none>,Ubuntu,22.04.1,LTS,4.15.0-156-generic,containerd://1.6.9
kind-worker3,Ready,<none>,33d,v1.24.7,172.18.0.5,<none>,Ubuntu,22.04.1,LTS,4.15.0-156-generic,containerd://1.6.9
idx,57,LOG_TIME,2023-05-17T17:39:04,2023-05-17T12:39:04,-,-,-,-,-
NAME,STATUS,ROLES,AGE,VERSION,INTERNAL-IP,EXTERNAL-IP,OS-IMAGE,KERNEL-VERSION,CONTAINER-RUNTIME
kind-control-plane,Ready,control-plane,33d,v1.24.7,172.18.0.2,<none>,Ubuntu,22.04.1,LTS,4.15.0-156-generic,containerd://1.6.9
kind-worker,Ready,<none>,33d,v1.24.7,172.18.0.4,<none>,Ubuntu,22.04.1,LTS,4.15.0-156-generic,containerd://1.6.9
kind-worker2,Ready,<none>,33d,v1.24.7,172.18.0.3,<none>,Ubuntu,22.04.1,LTS,4.15.0-156-generic,containerd://1.6.9
kind-worker3,Ready,<none>,33d,v1.24.7,172.18.0.5,<none>,Ubuntu,22.04.1,LTS,4.15.0-156-generic,containerd://1.6.9
idx,58,LOG_TIME,2023-05-17T17:39:05,2023-05-17T12:39:05,-,-,-,-,-
NAME,STATUS,ROLES,AGE,VERSION,INTERNAL-IP,EXTERNAL-IP,OS-IMAGE,KERNEL-VERSION,CONTAINER-RUNTIME
kind-control-plane,Ready,control-plane,33d,v1.24.7,172.18.0.2,<none>,Ubuntu,22.04.1,LTS,4.15.0-156-generic,containerd://1.6.9
kind-worker,Ready,<none>,33d,v1.24.7,172.18.0.4,<none>,Ubuntu,22.04.1,LTS,4.15.0-156-generic,containerd://1.6.9
kind-worker2,Ready,<none>,33d,v1.24.7,172.18.0.3,<none>,Ubuntu,22.04.1,LTS,4.15.0-156-generic,containerd://1.6.9
kind-worker3,Ready,<none>,33d,v1.24.7,172.18.0.5,<none>,Ubuntu,22.04.1,LTS,4.15.0-156-generic,containerd://1.6.9
idx,59,LOG_TIME,2023-05-17T17:39:06,2023-05-17T12:39:06,-,-,-,-,-
NAME,STATUS,ROLES,AGE,VERSION,INTERNAL-IP,EXTERNAL-IP,OS-IMAGE,KERNEL-VERSION,CONTAINER-RUNTIME
kind-control-plane,Ready,control-plane,33d,v1.24.7,172.18.0.2,<none>,Ubuntu,22.04.1,LTS,4.15.0-156-generic,containerd://1.6.9
kind-worker,Ready,<none>,33d,v1.24.7,172.18.0.4,<none>,Ubuntu,22.04.1,LTS,4.15.0-156-generic,containerd://1.6.9
kind-worker2,Ready,<none>,33d,v1.24.7,172.18.0.3,<none>,Ubuntu,22.04.1,LTS,4.15.0-156-generic,containerd://1.6.9
kind-worker3,Ready,<none>,33d,v1.24.7,172.18.0.5,<none>,Ubuntu,22.04.1,LTS,4.15.0-156-generic,containerd://1.6.9
idx,60,LOG_TIME,2023-05-17T17:39:07,2023-05-17T12:39:07,-,-,-,-,-
NAME,STATUS,ROLES,AGE,VERSION,INTERNAL-IP,EXTERNAL-IP,OS-IMAGE,KERNEL-VERSION,CONTAINER-RUNTIME
kind-control-plane,Ready,control-plane,33d,v1.24.7,172.18.0.2,<none>,Ubuntu,22.04.1,LTS,4.15.0-156-generic,containerd://1.6.9
kind-worker,Ready,<none>,33d,v1.24.7,172.18.0.4,<none>,Ubuntu,22.04.1,LTS,4.15.0-156-generic,containerd://1.6.9
kind-worker2,Ready,<none>,33d,v1.24.7,172.18.0.3,<none>,Ubuntu,22.04.1,LTS,4.15.0-156-generic,containerd://1.6.9
kind-worker3,Ready,<none>,33d,v1.24.7,172.18.0.5,<none>,Ubuntu,22.04.1,LTS,4.15.0-156-generic,containerd://1.6.9
idx,61,LOG_TIME,2023-05-17T17:39:08,2023-05-17T12:39:08,-,-,-,-,-
NAME,STATUS,ROLES,AGE,VERSION,INTERNAL-IP,EXTERNAL-IP,OS-IMAGE,KERNEL-VERSION,CONTAINER-RUNTIME
kind-control-plane,Ready,control-plane,33d,v1.24.7,172.18.0.2,<none>,Ubuntu,22.04.1,LTS,4.15.0-156-generic,containerd://1.6.9
kind-worker,Ready,<none>,33d,v1.24.7,172.18.0.4,<none>,Ubuntu,22.04.1,LTS,4.15.0-156-generic,containerd://1.6.9
kind-worker2,Ready,<none>,33d,v1.24.7,172.18.0.3,<none>,Ubuntu,22.04.1,LTS,4.15.0-156-generic,containerd://1.6.9
kind-worker3,Ready,<none>,33d,v1.24.7,172.18.0.5,<none>,Ubuntu,22.04.1,LTS,4.15.0-156-generic,containerd://1.6.9
idx,62,LOG_TIME,2023-05-17T17:39:09,2023-05-17T12:39:09,-,-,-,-,-
NAME,STATUS,ROLES,AGE,VERSION,INTERNAL-IP,EXTERNAL-IP,OS-IMAGE,KERNEL-VERSION,CONTAINER-RUNTIME
kind-control-plane,Ready,control-plane,33d,v1.24.7,172.18.0.2,<none>,Ubuntu,22.04.1,LTS,4.15.0-156-generic,containerd://1.6.9
kind-worker,Ready,<none>,33d,v1.24.7,172.18.0.4,<none>,Ubuntu,22.04.1,LTS,4.15.0-156-generic,containerd://1.6.9
kind-worker2,Ready,<none>,33d,v1.24.7,172.18.0.3,<none>,Ubuntu,22.04.1,LTS,4.15.0-156-generic,containerd://1.6.9
kind-worker3,Ready,<none>,33d,v1.24.7,172.18.0.5,<none>,Ubuntu,22.04.1,LTS,4.15.0-156-generic,containerd://1.6.9
idx,63,LOG_TIME,2023-05-17T17:39:10,2023-05-17T12:39:10,-,-,-,-,-
NAME,STATUS,ROLES,AGE,VERSION,INTERNAL-IP,EXTERNAL-IP,OS-IMAGE,KERNEL-VERSION,CONTAINER-RUNTIME
kind-control-plane,Ready,control-plane,33d,v1.24.7,172.18.0.2,<none>,Ubuntu,22.04.1,LTS,4.15.0-156-generic,containerd://1.6.9
kind-worker,Ready,<none>,33d,v1.24.7,172.18.0.4,<none>,Ubuntu,22.04.1,LTS,4.15.0-156-generic,containerd://1.6.9
kind-worker2,Ready,<none>,33d,v1.24.7,172.18.0.3,<none>,Ubuntu,22.04.1,LTS,4.15.0-156-generic,containerd://1.6.9
kind-worker3,Ready,<none>,33d,v1.24.7,172.18.0.5,<none>,Ubuntu,22.04.1,LTS,4.15.0-156-generic,containerd://1.6.9
idx,64,LOG_TIME,2023-05-17T17:39:11,2023-05-17T12:39:11,-,-,-,-,-
NAME,STATUS,ROLES,AGE,VERSION,INTERNAL-IP,EXTERNAL-IP,OS-IMAGE,KERNEL-VERSION,CONTAINER-RUNTIME
kind-control-plane,Ready,control-plane,33d,v1.24.7,172.18.0.2,<none>,Ubuntu,22.04.1,LTS,4.15.0-156-generic,containerd://1.6.9
kind-worker,Ready,<none>,33d,v1.24.7,172.18.0.4,<none>,Ubuntu,22.04.1,LTS,4.15.0-156-generic,containerd://1.6.9
kind-worker2,Ready,<none>,33d,v1.24.7,172.18.0.3,<none>,Ubuntu,22.04.1,LTS,4.15.0-156-generic,containerd://1.6.9
kind-worker3,Ready,<none>,33d,v1.24.7,172.18.0.5,<none>,Ubuntu,22.04.1,LTS,4.15.0-156-generic,containerd://1.6.9
idx,65,LOG_TIME,2023-05-17T17:39:12,2023-05-17T12:39:12,-,-,-,-,-
NAME,STATUS,ROLES,AGE,VERSION,INTERNAL-IP,EXTERNAL-IP,OS-IMAGE,KERNEL-VERSION,CONTAINER-RUNTIME
kind-control-plane,Ready,control-plane,33d,v1.24.7,172.18.0.2,<none>,Ubuntu,22.04.1,LTS,4.15.0-156-generic,containerd://1.6.9
kind-worker,Ready,<none>,33d,v1.24.7,172.18.0.4,<none>,Ubuntu,22.04.1,LTS,4.15.0-156-generic,containerd://1.6.9
kind-worker2,Ready,<none>,33d,v1.24.7,172.18.0.3,<none>,Ubuntu,22.04.1,LTS,4.15.0-156-generic,containerd://1.6.9
kind-worker3,Ready,<none>,33d,v1.24.7,172.18.0.5,<none>,Ubuntu,22.04.1,LTS,4.15.0-156-generic,containerd://1.6.9
idx,66,LOG_TIME,2023-05-17T17:39:13,2023-05-17T12:39:13,-,-,-,-,-
NAME,STATUS,ROLES,AGE,VERSION,INTERNAL-IP,EXTERNAL-IP,OS-IMAGE,KERNEL-VERSION,CONTAINER-RUNTIME
kind-control-plane,Ready,control-plane,33d,v1.24.7,172.18.0.2,<none>,Ubuntu,22.04.1,LTS,4.15.0-156-generic,containerd://1.6.9
kind-worker,Ready,<none>,33d,v1.24.7,172.18.0.4,<none>,Ubuntu,22.04.1,LTS,4.15.0-156-generic,containerd://1.6.9
kind-worker2,Ready,<none>,33d,v1.24.7,172.18.0.3,<none>,Ubuntu,22.04.1,LTS,4.15.0-156-generic,containerd://1.6.9
kind-worker3,Ready,<none>,33d,v1.24.7,172.18.0.5,<none>,Ubuntu,22.04.1,LTS,4.15.0-156-generic,containerd://1.6.9
idx,67,LOG_TIME,2023-05-17T17:39:14,2023-05-17T12:39:14,-,-,-,-,-
NAME,STATUS,ROLES,AGE,VERSION,INTERNAL-IP,EXTERNAL-IP,OS-IMAGE,KERNEL-VERSION,CONTAINER-RUNTIME
kind-control-plane,Ready,control-plane,33d,v1.24.7,172.18.0.2,<none>,Ubuntu,22.04.1,LTS,4.15.0-156-generic,containerd://1.6.9
kind-worker,Ready,<none>,33d,v1.24.7,172.18.0.4,<none>,Ubuntu,22.04.1,LTS,4.15.0-156-generic,containerd://1.6.9
kind-worker2,Ready,<none>,33d,v1.24.7,172.18.0.3,<none>,Ubuntu,22.04.1,LTS,4.15.0-156-generic,containerd://1.6.9
kind-worker3,Ready,<none>,33d,v1.24.7,172.18.0.5,<none>,Ubuntu,22.04.1,LTS,4.15.0-156-generic,containerd://1.6.9
idx,68,LOG_TIME,2023-05-17T17:39:15,2023-05-17T12:39:15,-,-,-,-,-
NAME,STATUS,ROLES,AGE,VERSION,INTERNAL-IP,EXTERNAL-IP,OS-IMAGE,KERNEL-VERSION,CONTAINER-RUNTIME
kind-control-plane,Ready,control-plane,33d,v1.24.7,172.18.0.2,<none>,Ubuntu,22.04.1,LTS,4.15.0-156-generic,containerd://1.6.9
kind-worker,Ready,<none>,33d,v1.24.7,172.18.0.4,<none>,Ubuntu,22.04.1,LTS,4.15.0-156-generic,containerd://1.6.9
kind-worker2,Ready,<none>,33d,v1.24.7,172.18.0.3,<none>,Ubuntu,22.04.1,LTS,4.15.0-156-generic,containerd://1.6.9
kind-worker3,Ready,<none>,33d,v1.24.7,172.18.0.5,<none>,Ubuntu,22.04.1,LTS,4.15.0-156-generic,containerd://1.6.9
idx,69,LOG_TIME,2023-05-17T17:39:16,2023-05-17T12:39:16,-,-,-,-,-
NAME,STATUS,ROLES,AGE,VERSION,INTERNAL-IP,EXTERNAL-IP,OS-IMAGE,KERNEL-VERSION,CONTAINER-RUNTIME
kind-control-plane,Ready,control-plane,33d,v1.24.7,172.18.0.2,<none>,Ubuntu,22.04.1,LTS,4.15.0-156-generic,containerd://1.6.9
kind-worker,Ready,<none>,33d,v1.24.7,172.18.0.4,<none>,Ubuntu,22.04.1,LTS,4.15.0-156-generic,containerd://1.6.9
kind-worker2,Ready,<none>,33d,v1.24.7,172.18.0.3,<none>,Ubuntu,22.04.1,LTS,4.15.0-156-generic,containerd://1.6.9
kind-worker3,Ready,<none>,33d,v1.24.7,172.18.0.5,<none>,Ubuntu,22.04.1,LTS,4.15.0-156-generic,containerd://1.6.9
idx,70,LOG_TIME,2023-05-17T17:39:17,2023-05-17T12:39:17,-,-,-,-,-
NAME,STATUS,ROLES,AGE,VERSION,INTERNAL-IP,EXTERNAL-IP,OS-IMAGE,KERNEL-VERSION,CONTAINER-RUNTIME
kind-control-plane,Ready,control-plane,33d,v1.24.7,172.18.0.2,<none>,Ubuntu,22.04.1,LTS,4.15.0-156-generic,containerd://1.6.9
kind-worker,Ready,<none>,33d,v1.24.7,172.18.0.4,<none>,Ubuntu,22.04.1,LTS,4.15.0-156-generic,containerd://1.6.9
kind-worker2,Ready,<none>,33d,v1.24.7,172.18.0.3,<none>,Ubuntu,22.04.1,LTS,4.15.0-156-generic,containerd://1.6.9
kind-worker3,Ready,<none>,33d,v1.24.7,172.18.0.5,<none>,Ubuntu,22.04.1,LTS,4.15.0-156-generic,containerd://1.6.9
idx,71,LOG_TIME,2023-05-17T17:39:18,2023-05-17T12:39:18,-,-,-,-,-
NAME,STATUS,ROLES,AGE,VERSION,INTERNAL-IP,EXTERNAL-IP,OS-IMAGE,KERNEL-VERSION,CONTAINER-RUNTIME
kind-control-plane,Ready,control-plane,33d,v1.24.7,172.18.0.2,<none>,Ubuntu,22.04.1,LTS,4.15.0-156-generic,containerd://1.6.9
kind-worker,Ready,<none>,33d,v1.24.7,172.18.0.4,<none>,Ubuntu,22.04.1,LTS,4.15.0-156-generic,containerd://1.6.9
kind-worker2,Ready,<none>,33d,v1.24.7,172.18.0.3,<none>,Ubuntu,22.04.1,LTS,4.15.0-156-generic,containerd://1.6.9
kind-worker3,Ready,<none>,33d,v1.24.7,172.18.0.5,<none>,Ubuntu,22.04.1,LTS,4.15.0-156-generic,containerd://1.6.9
idx,72,LOG_TIME,2023-05-17T17:39:19,2023-05-17T12:39:19,-,-,-,-,-
NAME,STATUS,ROLES,AGE,VERSION,INTERNAL-IP,EXTERNAL-IP,OS-IMAGE,KERNEL-VERSION,CONTAINER-RUNTIME
kind-control-plane,Ready,control-plane,33d,v1.24.7,172.18.0.2,<none>,Ubuntu,22.04.1,LTS,4.15.0-156-generic,containerd://1.6.9
kind-worker,Ready,<none>,33d,v1.24.7,172.18.0.4,<none>,Ubuntu,22.04.1,LTS,4.15.0-156-generic,containerd://1.6.9
kind-worker2,Ready,<none>,33d,v1.24.7,172.18.0.3,<none>,Ubuntu,22.04.1,LTS,4.15.0-156-generic,containerd://1.6.9
kind-worker3,Ready,<none>,33d,v1.24.7,172.18.0.5,<none>,Ubuntu,22.04.1,LTS,4.15.0-156-generic,containerd://1.6.9
idx,73,LOG_TIME,2023-05-17T17:39:20,2023-05-17T12:39:20,-,-,-,-,-
NAME,STATUS,ROLES,AGE,VERSION,INTERNAL-IP,EXTERNAL-IP,OS-IMAGE,KERNEL-VERSION,CONTAINER-RUNTIME
kind-control-plane,Ready,control-plane,33d,v1.24.7,172.18.0.2,<none>,Ubuntu,22.04.1,LTS,4.15.0-156-generic,containerd://1.6.9
kind-worker,Ready,<none>,33d,v1.24.7,172.18.0.4,<none>,Ubuntu,22.04.1,LTS,4.15.0-156-generic,containerd://1.6.9
kind-worker2,Ready,<none>,33d,v1.24.7,172.18.0.3,<none>,Ubuntu,22.04.1,LTS,4.15.0-156-generic,containerd://1.6.9
kind-worker3,Ready,<none>,33d,v1.24.7,172.18.0.5,<none>,Ubuntu,22.04.1,LTS,4.15.0-156-generic,containerd://1.6.9
idx,74,LOG_TIME,2023-05-17T17:39:21,2023-05-17T12:39:21,-,-,-,-,-
NAME,STATUS,ROLES,AGE,VERSION,INTERNAL-IP,EXTERNAL-IP,OS-IMAGE,KERNEL-VERSION,CONTAINER-RUNTIME
kind-control-plane,Ready,control-plane,33d,v1.24.7,172.18.0.2,<none>,Ubuntu,22.04.1,LTS,4.15.0-156-generic,containerd://1.6.9
kind-worker,Ready,<none>,33d,v1.24.7,172.18.0.4,<none>,Ubuntu,22.04.1,LTS,4.15.0-156-generic,containerd://1.6.9
kind-worker2,Ready,<none>,33d,v1.24.7,172.18.0.3,<none>,Ubuntu,22.04.1,LTS,4.15.0-156-generic,containerd://1.6.9
kind-worker3,Ready,<none>,33d,v1.24.7,172.18.0.5,<none>,Ubuntu,22.04.1,LTS,4.15.0-156-generic,containerd://1.6.9
idx,75,LOG_TIME,2023-05-17T17:39:22,2023-05-17T12:39:22,-,-,-,-,-
NAME,STATUS,ROLES,AGE,VERSION,INTERNAL-IP,EXTERNAL-IP,OS-IMAGE,KERNEL-VERSION,CONTAINER-RUNTIME
kind-control-plane,Ready,control-plane,33d,v1.24.7,172.18.0.2,<none>,Ubuntu,22.04.1,LTS,4.15.0-156-generic,containerd://1.6.9
kind-worker,Ready,<none>,33d,v1.24.7,172.18.0.4,<none>,Ubuntu,22.04.1,LTS,4.15.0-156-generic,containerd://1.6.9
kind-worker2,Ready,<none>,33d,v1.24.7,172.18.0.3,<none>,Ubuntu,22.04.1,LTS,4.15.0-156-generic,containerd://1.6.9
kind-worker3,Ready,<none>,33d,v1.24.7,172.18.0.5,<none>,Ubuntu,22.04.1,LTS,4.15.0-156-generic,containerd://1.6.9
idx,76,LOG_TIME,2023-05-17T17:39:23,2023-05-17T12:39:23,-,-,-,-,-
NAME,STATUS,ROLES,AGE,VERSION,INTERNAL-IP,EXTERNAL-IP,OS-IMAGE,KERNEL-VERSION,CONTAINER-RUNTIME
kind-control-plane,Ready,control-plane,33d,v1.24.7,172.18.0.2,<none>,Ubuntu,22.04.1,LTS,4.15.0-156-generic,containerd://1.6.9
kind-worker,Ready,<none>,33d,v1.24.7,172.18.0.4,<none>,Ubuntu,22.04.1,LTS,4.15.0-156-generic,containerd://1.6.9
kind-worker2,Ready,<none>,33d,v1.24.7,172.18.0.3,<none>,Ubuntu,22.04.1,LTS,4.15.0-156-generic,containerd://1.6.9
kind-worker3,Ready,<none>,33d,v1.24.7,172.18.0.5,<none>,Ubuntu,22.04.1,LTS,4.15.0-156-generic,containerd://1.6.9
idx,77,LOG_TIME,2023-05-17T17:39:24,2023-05-17T12:39:24,-,-,-,-,-
NAME,STATUS,ROLES,AGE,VERSION,INTERNAL-IP,EXTERNAL-IP,OS-IMAGE,KERNEL-VERSION,CONTAINER-RUNTIME
kind-control-plane,Ready,control-plane,33d,v1.24.7,172.18.0.2,<none>,Ubuntu,22.04.1,LTS,4.15.0-156-generic,containerd://1.6.9
kind-worker,Ready,<none>,33d,v1.24.7,172.18.0.4,<none>,Ubuntu,22.04.1,LTS,4.15.0-156-generic,containerd://1.6.9
kind-worker2,Ready,<none>,33d,v1.24.7,172.18.0.3,<none>,Ubuntu,22.04.1,LTS,4.15.0-156-generic,containerd://1.6.9
kind-worker3,Ready,<none>,33d,v1.24.7,172.18.0.5,<none>,Ubuntu,22.04.1,LTS,4.15.0-156-generic,containerd://1.6.9
idx,78,LOG_TIME,2023-05-17T17:39:25,2023-05-17T12:39:25,-,-,-,-,-
NAME,STATUS,ROLES,AGE,VERSION,INTERNAL-IP,EXTERNAL-IP,OS-IMAGE,KERNEL-VERSION,CONTAINER-RUNTIME
kind-control-plane,Ready,control-plane,33d,v1.24.7,172.18.0.2,<none>,Ubuntu,22.04.1,LTS,4.15.0-156-generic,containerd://1.6.9
kind-worker,Ready,<none>,33d,v1.24.7,172.18.0.4,<none>,Ubuntu,22.04.1,LTS,4.15.0-156-generic,containerd://1.6.9
kind-worker2,Ready,<none>,33d,v1.24.7,172.18.0.3,<none>,Ubuntu,22.04.1,LTS,4.15.0-156-generic,containerd://1.6.9
kind-worker3,Ready,<none>,33d,v1.24.7,172.18.0.5,<none>,Ubuntu,22.04.1,LTS,4.15.0-156-generic,containerd://1.6.9
idx,79,LOG_TIME,2023-05-17T17:39:26,2023-05-17T12:39:26,-,-,-,-,-
NAME,STATUS,ROLES,AGE,VERSION,INTERNAL-IP,EXTERNAL-IP,OS-IMAGE,KERNEL-VERSION,CONTAINER-RUNTIME
kind-control-plane,Ready,control-plane,33d,v1.24.7,172.18.0.2,<none>,Ubuntu,22.04.1,LTS,4.15.0-156-generic,containerd://1.6.9
kind-worker,Ready,<none>,33d,v1.24.7,172.18.0.4,<none>,Ubuntu,22.04.1,LTS,4.15.0-156-generic,containerd://1.6.9
kind-worker2,Ready,<none>,33d,v1.24.7,172.18.0.3,<none>,Ubuntu,22.04.1,LTS,4.15.0-156-generic,containerd://1.6.9
kind-worker3,Ready,<none>,33d,v1.24.7,172.18.0.5,<none>,Ubuntu,22.04.1,LTS,4.15.0-156-generic,containerd://1.6.9
idx,80,LOG_TIME,2023-05-17T17:39:27,2023-05-17T12:39:27,-,-,-,-,-
NAME,STATUS,ROLES,AGE,VERSION,INTERNAL-IP,EXTERNAL-IP,OS-IMAGE,KERNEL-VERSION,CONTAINER-RUNTIME
kind-control-plane,Ready,control-plane,33d,v1.24.7,172.18.0.2,<none>,Ubuntu,22.04.1,LTS,4.15.0-156-generic,containerd://1.6.9
kind-worker,Ready,<none>,33d,v1.24.7,172.18.0.4,<none>,Ubuntu,22.04.1,LTS,4.15.0-156-generic,containerd://1.6.9
kind-worker2,Ready,<none>,33d,v1.24.7,172.18.0.3,<none>,Ubuntu,22.04.1,LTS,4.15.0-156-generic,containerd://1.6.9
kind-worker3,Ready,<none>,33d,v1.24.7,172.18.0.5,<none>,Ubuntu,22.04.1,LTS,4.15.0-156-generic,containerd://1.6.9
idx,81,LOG_TIME,2023-05-17T17:39:28,2023-05-17T12:39:28,-,-,-,-,-
NAME,STATUS,ROLES,AGE,VERSION,INTERNAL-IP,EXTERNAL-IP,OS-IMAGE,KERNEL-VERSION,CONTAINER-RUNTIME
kind-control-plane,Ready,control-plane,33d,v1.24.7,172.18.0.2,<none>,Ubuntu,22.04.1,LTS,4.15.0-156-generic,containerd://1.6.9
kind-worker,Ready,<none>,33d,v1.24.7,172.18.0.4,<none>,Ubuntu,22.04.1,LTS,4.15.0-156-generic,containerd://1.6.9
kind-worker2,Ready,<none>,33d,v1.24.7,172.18.0.3,<none>,Ubuntu,22.04.1,LTS,4.15.0-156-generic,containerd://1.6.9
kind-worker3,Ready,<none>,33d,v1.24.7,172.18.0.5,<none>,Ubuntu,22.04.1,LTS,4.15.0-156-generic,containerd://1.6.9
idx,82,LOG_TIME,2023-05-17T17:39:29,2023-05-17T12:39:29,-,-,-,-,-
NAME,STATUS,ROLES,AGE,VERSION,INTERNAL-IP,EXTERNAL-IP,OS-IMAGE,KERNEL-VERSION,CONTAINER-RUNTIME
kind-control-plane,Ready,control-plane,33d,v1.24.7,172.18.0.2,<none>,Ubuntu,22.04.1,LTS,4.15.0-156-generic,containerd://1.6.9
kind-worker,Ready,<none>,33d,v1.24.7,172.18.0.4,<none>,Ubuntu,22.04.1,LTS,4.15.0-156-generic,containerd://1.6.9
kind-worker2,Ready,<none>,33d,v1.24.7,172.18.0.3,<none>,Ubuntu,22.04.1,LTS,4.15.0-156-generic,containerd://1.6.9
kind-worker3,Ready,<none>,33d,v1.24.7,172.18.0.5,<none>,Ubuntu,22.04.1,LTS,4.15.0-156-generic,containerd://1.6.9
idx,83,LOG_TIME,2023-05-17T17:39:30,2023-05-17T12:39:30,-,-,-,-,-
NAME,STATUS,ROLES,AGE,VERSION,INTERNAL-IP,EXTERNAL-IP,OS-IMAGE,KERNEL-VERSION,CONTAINER-RUNTIME
kind-control-plane,Ready,control-plane,33d,v1.24.7,172.18.0.2,<none>,Ubuntu,22.04.1,LTS,4.15.0-156-generic,containerd://1.6.9
kind-worker,Ready,<none>,33d,v1.24.7,172.18.0.4,<none>,Ubuntu,22.04.1,LTS,4.15.0-156-generic,containerd://1.6.9
kind-worker2,Ready,<none>,33d,v1.24.7,172.18.0.3,<none>,Ubuntu,22.04.1,LTS,4.15.0-156-generic,containerd://1.6.9
kind-worker3,Ready,<none>,33d,v1.24.7,172.18.0.5,<none>,Ubuntu,22.04.1,LTS,4.15.0-156-generic,containerd://1.6.9
idx,84,LOG_TIME,2023-05-17T17:39:31,2023-05-17T12:39:31,-,-,-,-,-
NAME,STATUS,ROLES,AGE,VERSION,INTERNAL-IP,EXTERNAL-IP,OS-IMAGE,KERNEL-VERSION,CONTAINER-RUNTIME
kind-control-plane,Ready,control-plane,33d,v1.24.7,172.18.0.2,<none>,Ubuntu,22.04.1,LTS,4.15.0-156-generic,containerd://1.6.9
kind-worker,Ready,<none>,33d,v1.24.7,172.18.0.4,<none>,Ubuntu,22.04.1,LTS,4.15.0-156-generic,containerd://1.6.9
kind-worker2,Ready,<none>,33d,v1.24.7,172.18.0.3,<none>,Ubuntu,22.04.1,LTS,4.15.0-156-generic,containerd://1.6.9
kind-worker3,Ready,<none>,33d,v1.24.7,172.18.0.5,<none>,Ubuntu,22.04.1,LTS,4.15.0-156-generic,containerd://1.6.9
idx,85,LOG_TIME,2023-05-17T17:39:32,2023-05-17T12:39:32,-,-,-,-,-
NAME,STATUS,ROLES,AGE,VERSION,INTERNAL-IP,EXTERNAL-IP,OS-IMAGE,KERNEL-VERSION,CONTAINER-RUNTIME
kind-control-plane,Ready,control-plane,33d,v1.24.7,172.18.0.2,<none>,Ubuntu,22.04.1,LTS,4.15.0-156-generic,containerd://1.6.9
kind-worker,Ready,<none>,33d,v1.24.7,172.18.0.4,<none>,Ubuntu,22.04.1,LTS,4.15.0-156-generic,containerd://1.6.9
kind-worker2,Ready,<none>,33d,v1.24.7,172.18.0.3,<none>,Ubuntu,22.04.1,LTS,4.15.0-156-generic,containerd://1.6.9
kind-worker3,Ready,<none>,33d,v1.24.7,172.18.0.5,<none>,Ubuntu,22.04.1,LTS,4.15.0-156-generic,containerd://1.6.9
idx,86,LOG_TIME,2023-05-17T17:39:33,2023-05-17T12:39:33,-,-,-,-,-
NAME,STATUS,ROLES,AGE,VERSION,INTERNAL-IP,EXTERNAL-IP,OS-IMAGE,KERNEL-VERSION,CONTAINER-RUNTIME
kind-control-plane,Ready,control-plane,33d,v1.24.7,172.18.0.2,<none>,Ubuntu,22.04.1,LTS,4.15.0-156-generic,containerd://1.6.9
kind-worker,Ready,<none>,33d,v1.24.7,172.18.0.4,<none>,Ubuntu,22.04.1,LTS,4.15.0-156-generic,containerd://1.6.9
kind-worker2,Ready,<none>,33d,v1.24.7,172.18.0.3,<none>,Ubuntu,22.04.1,LTS,4.15.0-156-generic,containerd://1.6.9
kind-worker3,Ready,<none>,33d,v1.24.7,172.18.0.5,<none>,Ubuntu,22.04.1,LTS,4.15.0-156-generic,containerd://1.6.9
idx,87,LOG_TIME,2023-05-17T17:39:34,2023-05-17T12:39:34,-,-,-,-,-
NAME,STATUS,ROLES,AGE,VERSION,INTERNAL-IP,EXTERNAL-IP,OS-IMAGE,KERNEL-VERSION,CONTAINER-RUNTIME
kind-control-plane,Ready,control-plane,33d,v1.24.7,172.18.0.2,<none>,Ubuntu,22.04.1,LTS,4.15.0-156-generic,containerd://1.6.9
kind-worker,Ready,<none>,33d,v1.24.7,172.18.0.4,<none>,Ubuntu,22.04.1,LTS,4.15.0-156-generic,containerd://1.6.9
kind-worker2,Ready,<none>,33d,v1.24.7,172.18.0.3,<none>,Ubuntu,22.04.1,LTS,4.15.0-156-generic,containerd://1.6.9
kind-worker3,Ready,<none>,33d,v1.24.7,172.18.0.5,<none>,Ubuntu,22.04.1,LTS,4.15.0-156-generic,containerd://1.6.9
idx,88,LOG_TIME,2023-05-17T17:39:35,2023-05-17T12:39:35,-,-,-,-,-
NAME,STATUS,ROLES,AGE,VERSION,INTERNAL-IP,EXTERNAL-IP,OS-IMAGE,KERNEL-VERSION,CONTAINER-RUNTIME
kind-control-plane,Ready,control-plane,33d,v1.24.7,172.18.0.2,<none>,Ubuntu,22.04.1,LTS,4.15.0-156-generic,containerd://1.6.9
kind-worker,Ready,<none>,33d,v1.24.7,172.18.0.4,<none>,Ubuntu,22.04.1,LTS,4.15.0-156-generic,containerd://1.6.9
kind-worker2,Ready,<none>,33d,v1.24.7,172.18.0.3,<none>,Ubuntu,22.04.1,LTS,4.15.0-156-generic,containerd://1.6.9
kind-worker3,Ready,<none>,33d,v1.24.7,172.18.0.5,<none>,Ubuntu,22.04.1,LTS,4.15.0-156-generic,containerd://1.6.9
idx,89,LOG_TIME,2023-05-17T17:39:36,2023-05-17T12:39:36,-,-,-,-,-
NAME,STATUS,ROLES,AGE,VERSION,INTERNAL-IP,EXTERNAL-IP,OS-IMAGE,KERNEL-VERSION,CONTAINER-RUNTIME
kind-control-plane,Ready,control-plane,33d,v1.24.7,172.18.0.2,<none>,Ubuntu,22.04.1,LTS,4.15.0-156-generic,containerd://1.6.9
kind-worker,Ready,<none>,33d,v1.24.7,172.18.0.4,<none>,Ubuntu,22.04.1,LTS,4.15.0-156-generic,containerd://1.6.9
kind-worker2,Ready,<none>,33d,v1.24.7,172.18.0.3,<none>,Ubuntu,22.04.1,LTS,4.15.0-156-generic,containerd://1.6.9
kind-worker3,Ready,<none>,33d,v1.24.7,172.18.0.5,<none>,Ubuntu,22.04.1,LTS,4.15.0-156-generic,containerd://1.6.9
idx,90,LOG_TIME,2023-05-17T17:39:37,2023-05-17T12:39:37,-,-,-,-,-
NAME,STATUS,ROLES,AGE,VERSION,INTERNAL-IP,EXTERNAL-IP,OS-IMAGE,KERNEL-VERSION,CONTAINER-RUNTIME
kind-control-plane,Ready,control-plane,33d,v1.24.7,172.18.0.2,<none>,Ubuntu,22.04.1,LTS,4.15.0-156-generic,containerd://1.6.9
kind-worker,Ready,<none>,33d,v1.24.7,172.18.0.4,<none>,Ubuntu,22.04.1,LTS,4.15.0-156-generic,containerd://1.6.9
kind-worker2,Ready,<none>,33d,v1.24.7,172.18.0.3,<none>,Ubuntu,22.04.1,LTS,4.15.0-156-generic,containerd://1.6.9
kind-worker3,Ready,<none>,33d,v1.24.7,172.18.0.5,<none>,Ubuntu,22.04.1,LTS,4.15.0-156-generic,containerd://1.6.9
idx,91,LOG_TIME,2023-05-17T17:39:38,2023-05-17T12:39:38,-,-,-,-,-
NAME,STATUS,ROLES,AGE,VERSION,INTERNAL-IP,EXTERNAL-IP,OS-IMAGE,KERNEL-VERSION,CONTAINER-RUNTIME
kind-control-plane,Ready,control-plane,33d,v1.24.7,172.18.0.2,<none>,Ubuntu,22.04.1,LTS,4.15.0-156-generic,containerd://1.6.9
kind-worker,Ready,<none>,33d,v1.24.7,172.18.0.4,<none>,Ubuntu,22.04.1,LTS,4.15.0-156-generic,containerd://1.6.9
kind-worker2,Ready,<none>,33d,v1.24.7,172.18.0.3,<none>,Ubuntu,22.04.1,LTS,4.15.0-156-generic,containerd://1.6.9
kind-worker3,Ready,<none>,33d,v1.24.7,172.18.0.5,<none>,Ubuntu,22.04.1,LTS,4.15.0-156-generic,containerd://1.6.9
idx,92,LOG_TIME,2023-05-17T17:39:39,2023-05-17T12:39:39,-,-,-,-,-
NAME,STATUS,ROLES,AGE,VERSION,INTERNAL-IP,EXTERNAL-IP,OS-IMAGE,KERNEL-VERSION,CONTAINER-RUNTIME
kind-control-plane,Ready,control-plane,33d,v1.24.7,172.18.0.2,<none>,Ubuntu,22.04.1,LTS,4.15.0-156-generic,containerd://1.6.9
kind-worker,Ready,<none>,33d,v1.24.7,172.18.0.4,<none>,Ubuntu,22.04.1,LTS,4.15.0-156-generic,containerd://1.6.9
kind-worker2,Ready,<none>,33d,v1.24.7,172.18.0.3,<none>,Ubuntu,22.04.1,LTS,4.15.0-156-generic,containerd://1.6.9
kind-worker3,Ready,<none>,33d,v1.24.7,172.18.0.5,<none>,Ubuntu,22.04.1,LTS,4.15.0-156-generic,containerd://1.6.9
idx,93,LOG_TIME,2023-05-17T17:39:40,2023-05-17T12:39:40,-,-,-,-,-
NAME,STATUS,ROLES,AGE,VERSION,INTERNAL-IP,EXTERNAL-IP,OS-IMAGE,KERNEL-VERSION,CONTAINER-RUNTIME
kind-control-plane,Ready,control-plane,33d,v1.24.7,172.18.0.2,<none>,Ubuntu,22.04.1,LTS,4.15.0-156-generic,containerd://1.6.9
kind-worker,Ready,<none>,33d,v1.24.7,172.18.0.4,<none>,Ubuntu,22.04.1,LTS,4.15.0-156-generic,containerd://1.6.9
kind-worker2,Ready,<none>,33d,v1.24.7,172.18.0.3,<none>,Ubuntu,22.04.1,LTS,4.15.0-156-generic,containerd://1.6.9
kind-worker3,Ready,<none>,33d,v1.24.7,172.18.0.5,<none>,Ubuntu,22.04.1,LTS,4.15.0-156-generic,containerd://1.6.9
idx,94,LOG_TIME,2023-05-17T17:39:41,2023-05-17T12:39:41,-,-,-,-,-
NAME,STATUS,ROLES,AGE,VERSION,INTERNAL-IP,EXTERNAL-IP,OS-IMAGE,KERNEL-VERSION,CONTAINER-RUNTIME
kind-control-plane,Ready,control-plane,33d,v1.24.7,172.18.0.2,<none>,Ubuntu,22.04.1,LTS,4.15.0-156-generic,containerd://1.6.9
kind-worker,Ready,<none>,33d,v1.24.7,172.18.0.4,<none>,Ubuntu,22.04.1,LTS,4.15.0-156-generic,containerd://1.6.9
kind-worker2,Ready,<none>,33d,v1.24.7,172.18.0.3,<none>,Ubuntu,22.04.1,LTS,4.15.0-156-generic,containerd://1.6.9
kind-worker3,Ready,<none>,33d,v1.24.7,172.18.0.5,<none>,Ubuntu,22.04.1,LTS,4.15.0-156-generic,containerd://1.6.9
idx,95,LOG_TIME,2023-05-17T17:39:42,2023-05-17T12:39:42,-,-,-,-,-
NAME,STATUS,ROLES,AGE,VERSION,INTERNAL-IP,EXTERNAL-IP,OS-IMAGE,KERNEL-VERSION,CONTAINER-RUNTIME
kind-control-plane,Ready,control-plane,33d,v1.24.7,172.18.0.2,<none>,Ubuntu,22.04.1,LTS,4.15.0-156-generic,containerd://1.6.9
kind-worker,Ready,<none>,33d,v1.24.7,172.18.0.4,<none>,Ubuntu,22.04.1,LTS,4.15.0-156-generic,containerd://1.6.9
kind-worker2,Ready,<none>,33d,v1.24.7,172.18.0.3,<none>,Ubuntu,22.04.1,LTS,4.15.0-156-generic,containerd://1.6.9
kind-worker3,Ready,<none>,33d,v1.24.7,172.18.0.5,<none>,Ubuntu,22.04.1,LTS,4.15.0-156-generic,containerd://1.6.9
idx,96,LOG_TIME,2023-05-17T17:39:43,2023-05-17T12:39:43,-,-,-,-,-
NAME,STATUS,ROLES,AGE,VERSION,INTERNAL-IP,EXTERNAL-IP,OS-IMAGE,KERNEL-VERSION,CONTAINER-RUNTIME
kind-control-plane,Ready,control-plane,33d,v1.24.7,172.18.0.2,<none>,Ubuntu,22.04.1,LTS,4.15.0-156-generic,containerd://1.6.9
kind-worker,Ready,<none>,33d,v1.24.7,172.18.0.4,<none>,Ubuntu,22.04.1,LTS,4.15.0-156-generic,containerd://1.6.9
kind-worker2,Ready,<none>,33d,v1.24.7,172.18.0.3,<none>,Ubuntu,22.04.1,LTS,4.15.0-156-generic,containerd://1.6.9
kind-worker3,Ready,<none>,33d,v1.24.7,172.18.0.5,<none>,Ubuntu,22.04.1,LTS,4.15.0-156-generic,containerd://1.6.9
idx,97,LOG_TIME,2023-05-17T17:39:44,2023-05-17T12:39:44,-,-,-,-,-
NAME,STATUS,ROLES,AGE,VERSION,INTERNAL-IP,EXTERNAL-IP,OS-IMAGE,KERNEL-VERSION,CONTAINER-RUNTIME
kind-control-plane,Ready,control-plane,33d,v1.24.7,172.18.0.2,<none>,Ubuntu,22.04.1,LTS,4.15.0-156-generic,containerd://1.6.9
kind-worker,Ready,<none>,33d,v1.24.7,172.18.0.4,<none>,Ubuntu,22.04.1,LTS,4.15.0-156-generic,containerd://1.6.9
kind-worker2,Ready,<none>,33d,v1.24.7,172.18.0.3,<none>,Ubuntu,22.04.1,LTS,4.15.0-156-generic,containerd://1.6.9
kind-worker3,Ready,<none>,33d,v1.24.7,172.18.0.5,<none>,Ubuntu,22.04.1,LTS,4.15.0-156-generic,containerd://1.6.9
idx,98,LOG_TIME,2023-05-17T17:39:45,2023-05-17T12:39:45,-,-,-,-,-
NAME,STATUS,ROLES,AGE,VERSION,INTERNAL-IP,EXTERNAL-IP,OS-IMAGE,KERNEL-VERSION,CONTAINER-RUNTIME
kind-control-plane,Ready,control-plane,33d,v1.24.7,172.18.0.2,<none>,Ubuntu,22.04.1,LTS,4.15.0-156-generic,containerd://1.6.9
kind-worker,Ready,<none>,33d,v1.24.7,172.18.0.4,<none>,Ubuntu,22.04.1,LTS,4.15.0-156-generic,containerd://1.6.9
kind-worker2,Ready,<none>,33d,v1.24.7,172.18.0.3,<none>,Ubuntu,22.04.1,LTS,4.15.0-156-generic,containerd://1.6.9
kind-worker3,Ready,<none>,33d,v1.24.7,172.18.0.5,<none>,Ubuntu,22.04.1,LTS,4.15.0-156-generic,containerd://1.6.9
idx,99,LOG_TIME,2023-05-17T17:39:46,2023-05-17T12:39:46,-,-,-,-,-
NAME,STATUS,ROLES,AGE,VERSION,INTERNAL-IP,EXTERNAL-IP,OS-IMAGE,KERNEL-VERSION,CONTAINER-RUNTIME
kind-control-plane,Ready,control-plane,33d,v1.24.7,172.18.0.2,<none>,Ubuntu,22.04.1,LTS,4.15.0-156-generic,containerd://1.6.9
kind-worker,Ready,<none>,33d,v1.24.7,172.18.0.4,<none>,Ubuntu,22.04.1,LTS,4.15.0-156-generic,containerd://1.6.9
kind-worker2,Ready,<none>,33d,v1.24.7,172.18.0.3,<none>,Ubuntu,22.04.1,LTS,4.15.0-156-generic,containerd://1.6.9
kind-worker3,Ready,<none>,33d,v1.24.7,172.18.0.5,<none>,Ubuntu,22.04.1,LTS,4.15.0-156-generic,containerd://1.6.9
idx,100,LOG_TIME,2023-05-17T17:39:47,2023-05-17T12:39:47,-,-,-,-,-
NAME,STATUS,ROLES,AGE,VERSION,INTERNAL-IP,EXTERNAL-IP,OS-IMAGE,KERNEL-VERSION,CONTAINER-RUNTIME
kind-control-plane,Ready,control-plane,33d,v1.24.7,172.18.0.2,<none>,Ubuntu,22.04.1,LTS,4.15.0-156-generic,containerd://1.6.9
kind-worker,Ready,<none>,33d,v1.24.7,172.18.0.4,<none>,Ubuntu,22.04.1,LTS,4.15.0-156-generic,containerd://1.6.9
kind-worker2,Ready,<none>,33d,v1.24.7,172.18.0.3,<none>,Ubuntu,22.04.1,LTS,4.15.0-156-generic,containerd://1.6.9
kind-worker3,Ready,<none>,33d,v1.24.7,172.18.0.5,<none>,Ubuntu,22.04.1,LTS,4.15.0-156-generic,containerd://1.6.9
idx,101,LOG_TIME,2023-05-17T17:39:48,2023-05-17T12:39:48,-,-,-,-,-
NAME,STATUS,ROLES,AGE,VERSION,INTERNAL-IP,EXTERNAL-IP,OS-IMAGE,KERNEL-VERSION,CONTAINER-RUNTIME
kind-control-plane,Ready,control-plane,33d,v1.24.7,172.18.0.2,<none>,Ubuntu,22.04.1,LTS,4.15.0-156-generic,containerd://1.6.9
kind-worker,Ready,<none>,33d,v1.24.7,172.18.0.4,<none>,Ubuntu,22.04.1,LTS,4.15.0-156-generic,containerd://1.6.9
kind-worker2,Ready,<none>,33d,v1.24.7,172.18.0.3,<none>,Ubuntu,22.04.1,LTS,4.15.0-156-generic,containerd://1.6.9
kind-worker3,Ready,<none>,33d,v1.24.7,172.18.0.5,<none>,Ubuntu,22.04.1,LTS,4.15.0-156-generic,containerd://1.6.9
idx,102,LOG_TIME,2023-05-17T17:39:49,2023-05-17T12:39:49,-,-,-,-,-
NAME,STATUS,ROLES,AGE,VERSION,INTERNAL-IP,EXTERNAL-IP,OS-IMAGE,KERNEL-VERSION,CONTAINER-RUNTIME
kind-control-plane,Ready,control-plane,33d,v1.24.7,172.18.0.2,<none>,Ubuntu,22.04.1,LTS,4.15.0-156-generic,containerd://1.6.9
kind-worker,Ready,<none>,33d,v1.24.7,172.18.0.4,<none>,Ubuntu,22.04.1,LTS,4.15.0-156-generic,containerd://1.6.9
kind-worker2,Ready,<none>,33d,v1.24.7,172.18.0.3,<none>,Ubuntu,22.04.1,LTS,4.15.0-156-generic,containerd://1.6.9
kind-worker3,Ready,<none>,33d,v1.24.7,172.18.0.5,<none>,Ubuntu,22.04.1,LTS,4.15.0-156-generic,containerd://1.6.9
idx,103,LOG_TIME,2023-05-17T17:39:51,2023-05-17T12:39:51,-,-,-,-,-
NAME,STATUS,ROLES,AGE,VERSION,INTERNAL-IP,EXTERNAL-IP,OS-IMAGE,KERNEL-VERSION,CONTAINER-RUNTIME
kind-control-plane,Ready,control-plane,33d,v1.24.7,172.18.0.2,<none>,Ubuntu,22.04.1,LTS,4.15.0-156-generic,containerd://1.6.9
kind-worker,Ready,<none>,33d,v1.24.7,172.18.0.4,<none>,Ubuntu,22.04.1,LTS,4.15.0-156-generic,containerd://1.6.9
kind-worker2,Ready,<none>,33d,v1.24.7,172.18.0.3,<none>,Ubuntu,22.04.1,LTS,4.15.0-156-generic,containerd://1.6.9
kind-worker3,Ready,<none>,33d,v1.24.7,172.18.0.5,<none>,Ubuntu,22.04.1,LTS,4.15.0-156-generic,containerd://1.6.9
idx,104,LOG_TIME,2023-05-17T17:39:52,2023-05-17T12:39:52,-,-,-,-,-
NAME,STATUS,ROLES,AGE,VERSION,INTERNAL-IP,EXTERNAL-IP,OS-IMAGE,KERNEL-VERSION,CONTAINER-RUNTIME
kind-control-plane,Ready,control-plane,33d,v1.24.7,172.18.0.2,<none>,Ubuntu,22.04.1,LTS,4.15.0-156-generic,containerd://1.6.9
kind-worker,Ready,<none>,33d,v1.24.7,172.18.0.4,<none>,Ubuntu,22.04.1,LTS,4.15.0-156-generic,containerd://1.6.9
kind-worker2,Ready,<none>,33d,v1.24.7,172.18.0.3,<none>,Ubuntu,22.04.1,LTS,4.15.0-156-generic,containerd://1.6.9
kind-worker3,Ready,<none>,33d,v1.24.7,172.18.0.5,<none>,Ubuntu,22.04.1,LTS,4.15.0-156-generic,containerd://1.6.9
idx,105,LOG_TIME,2023-05-17T17:39:53,2023-05-17T12:39:53,-,-,-,-,-
NAME,STATUS,ROLES,AGE,VERSION,INTERNAL-IP,EXTERNAL-IP,OS-IMAGE,KERNEL-VERSION,CONTAINER-RUNTIME
kind-control-plane,Ready,control-plane,33d,v1.24.7,172.18.0.2,<none>,Ubuntu,22.04.1,LTS,4.15.0-156-generic,containerd://1.6.9
kind-worker,Ready,<none>,33d,v1.24.7,172.18.0.4,<none>,Ubuntu,22.04.1,LTS,4.15.0-156-generic,containerd://1.6.9
kind-worker2,Ready,<none>,33d,v1.24.7,172.18.0.3,<none>,Ubuntu,22.04.1,LTS,4.15.0-156-generic,containerd://1.6.9
kind-worker3,Ready,<none>,33d,v1.24.7,172.18.0.5,<none>,Ubuntu,22.04.1,LTS,4.15.0-156-generic,containerd://1.6.9
idx,106,LOG_TIME,2023-05-17T17:39:54,2023-05-17T12:39:54,-,-,-,-,-
NAME,STATUS,ROLES,AGE,VERSION,INTERNAL-IP,EXTERNAL-IP,OS-IMAGE,KERNEL-VERSION,CONTAINER-RUNTIME
kind-control-plane,Ready,control-plane,33d,v1.24.7,172.18.0.2,<none>,Ubuntu,22.04.1,LTS,4.15.0-156-generic,containerd://1.6.9
kind-worker,Ready,<none>,33d,v1.24.7,172.18.0.4,<none>,Ubuntu,22.04.1,LTS,4.15.0-156-generic,containerd://1.6.9
kind-worker2,Ready,<none>,33d,v1.24.7,172.18.0.3,<none>,Ubuntu,22.04.1,LTS,4.15.0-156-generic,containerd://1.6.9
kind-worker3,Ready,<none>,33d,v1.24.7,172.18.0.5,<none>,Ubuntu,22.04.1,LTS,4.15.0-156-generic,containerd://1.6.9
idx,107,LOG_TIME,2023-05-17T17:39:55,2023-05-17T12:39:55,-,-,-,-,-
NAME,STATUS,ROLES,AGE,VERSION,INTERNAL-IP,EXTERNAL-IP,OS-IMAGE,KERNEL-VERSION,CONTAINER-RUNTIME
kind-control-plane,Ready,control-plane,33d,v1.24.7,172.18.0.2,<none>,Ubuntu,22.04.1,LTS,4.15.0-156-generic,containerd://1.6.9
kind-worker,Ready,<none>,33d,v1.24.7,172.18.0.4,<none>,Ubuntu,22.04.1,LTS,4.15.0-156-generic,containerd://1.6.9
kind-worker2,Ready,<none>,33d,v1.24.7,172.18.0.3,<none>,Ubuntu,22.04.1,LTS,4.15.0-156-generic,containerd://1.6.9
kind-worker3,Ready,<none>,33d,v1.24.7,172.18.0.5,<none>,Ubuntu,22.04.1,LTS,4.15.0-156-generic,containerd://1.6.9
idx,108,LOG_TIME,2023-05-17T17:39:56,2023-05-17T12:39:56,-,-,-,-,-
NAME,STATUS,ROLES,AGE,VERSION,INTERNAL-IP,EXTERNAL-IP,OS-IMAGE,KERNEL-VERSION,CONTAINER-RUNTIME
kind-control-plane,Ready,control-plane,33d,v1.24.7,172.18.0.2,<none>,Ubuntu,22.04.1,LTS,4.15.0-156-generic,containerd://1.6.9
kind-worker,Ready,<none>,33d,v1.24.7,172.18.0.4,<none>,Ubuntu,22.04.1,LTS,4.15.0-156-generic,containerd://1.6.9
kind-worker2,Ready,<none>,33d,v1.24.7,172.18.0.3,<none>,Ubuntu,22.04.1,LTS,4.15.0-156-generic,containerd://1.6.9
kind-worker3,Ready,<none>,33d,v1.24.7,172.18.0.5,<none>,Ubuntu,22.04.1,LTS,4.15.0-156-generic,containerd://1.6.9
idx,109,LOG_TIME,2023-05-17T17:39:57,2023-05-17T12:39:57,-,-,-,-,-
NAME,STATUS,ROLES,AGE,VERSION,INTERNAL-IP,EXTERNAL-IP,OS-IMAGE,KERNEL-VERSION,CONTAINER-RUNTIME
kind-control-plane,Ready,control-plane,33d,v1.24.7,172.18.0.2,<none>,Ubuntu,22.04.1,LTS,4.15.0-156-generic,containerd://1.6.9
kind-worker,Ready,<none>,33d,v1.24.7,172.18.0.4,<none>,Ubuntu,22.04.1,LTS,4.15.0-156-generic,containerd://1.6.9
kind-worker2,Ready,<none>,33d,v1.24.7,172.18.0.3,<none>,Ubuntu,22.04.1,LTS,4.15.0-156-generic,containerd://1.6.9
kind-worker3,Ready,<none>,33d,v1.24.7,172.18.0.5,<none>,Ubuntu,22.04.1,LTS,4.15.0-156-generic,containerd://1.6.9
idx,110,LOG_TIME,2023-05-17T17:39:58,2023-05-17T12:39:58,-,-,-,-,-
NAME,STATUS,ROLES,AGE,VERSION,INTERNAL-IP,EXTERNAL-IP,OS-IMAGE,KERNEL-VERSION,CONTAINER-RUNTIME
kind-control-plane,Ready,control-plane,33d,v1.24.7,172.18.0.2,<none>,Ubuntu,22.04.1,LTS,4.15.0-156-generic,containerd://1.6.9
kind-worker,Ready,<none>,33d,v1.24.7,172.18.0.4,<none>,Ubuntu,22.04.1,LTS,4.15.0-156-generic,containerd://1.6.9
kind-worker2,Ready,<none>,33d,v1.24.7,172.18.0.3,<none>,Ubuntu,22.04.1,LTS,4.15.0-156-generic,containerd://1.6.9
kind-worker3,Ready,<none>,33d,v1.24.7,172.18.0.5,<none>,Ubuntu,22.04.1,LTS,4.15.0-156-generic,containerd://1.6.9
idx,111,LOG_TIME,2023-05-17T17:39:59,2023-05-17T12:39:59,-,-,-,-,-
NAME,STATUS,ROLES,AGE,VERSION,INTERNAL-IP,EXTERNAL-IP,OS-IMAGE,KERNEL-VERSION,CONTAINER-RUNTIME
kind-control-plane,Ready,control-plane,33d,v1.24.7,172.18.0.2,<none>,Ubuntu,22.04.1,LTS,4.15.0-156-generic,containerd://1.6.9
kind-worker,Ready,<none>,33d,v1.24.7,172.18.0.4,<none>,Ubuntu,22.04.1,LTS,4.15.0-156-generic,containerd://1.6.9
kind-worker2,Ready,<none>,33d,v1.24.7,172.18.0.3,<none>,Ubuntu,22.04.1,LTS,4.15.0-156-generic,containerd://1.6.9
kind-worker3,Ready,<none>,33d,v1.24.7,172.18.0.5,<none>,Ubuntu,22.04.1,LTS,4.15.0-156-generic,containerd://1.6.9
idx,112,LOG_TIME,2023-05-17T17:40:00,2023-05-17T12:40:00,-,-,-,-,-
NAME,STATUS,ROLES,AGE,VERSION,INTERNAL-IP,EXTERNAL-IP,OS-IMAGE,KERNEL-VERSION,CONTAINER-RUNTIME
kind-control-plane,Ready,control-plane,33d,v1.24.7,172.18.0.2,<none>,Ubuntu,22.04.1,LTS,4.15.0-156-generic,containerd://1.6.9
kind-worker,Ready,<none>,33d,v1.24.7,172.18.0.4,<none>,Ubuntu,22.04.1,LTS,4.15.0-156-generic,containerd://1.6.9
kind-worker2,Ready,<none>,33d,v1.24.7,172.18.0.3,<none>,Ubuntu,22.04.1,LTS,4.15.0-156-generic,containerd://1.6.9
kind-worker3,Ready,<none>,33d,v1.24.7,172.18.0.5,<none>,Ubuntu,22.04.1,LTS,4.15.0-156-generic,containerd://1.6.9
idx,113,LOG_TIME,2023-05-17T17:40:01,2023-05-17T12:40:01,-,-,-,-,-
NAME,STATUS,ROLES,AGE,VERSION,INTERNAL-IP,EXTERNAL-IP,OS-IMAGE,KERNEL-VERSION,CONTAINER-RUNTIME
kind-control-plane,Ready,control-plane,33d,v1.24.7,172.18.0.2,<none>,Ubuntu,22.04.1,LTS,4.15.0-156-generic,containerd://1.6.9
kind-worker,Ready,<none>,33d,v1.24.7,172.18.0.4,<none>,Ubuntu,22.04.1,LTS,4.15.0-156-generic,containerd://1.6.9
kind-worker2,Ready,<none>,33d,v1.24.7,172.18.0.3,<none>,Ubuntu,22.04.1,LTS,4.15.0-156-generic,containerd://1.6.9
kind-worker3,Ready,<none>,33d,v1.24.7,172.18.0.5,<none>,Ubuntu,22.04.1,LTS,4.15.0-156-generic,containerd://1.6.9
idx,114,LOG_TIME,2023-05-17T17:40:02,2023-05-17T12:40:02,-,-,-,-,-
NAME,STATUS,ROLES,AGE,VERSION,INTERNAL-IP,EXTERNAL-IP,OS-IMAGE,KERNEL-VERSION,CONTAINER-RUNTIME
kind-control-plane,Ready,control-plane,33d,v1.24.7,172.18.0.2,<none>,Ubuntu,22.04.1,LTS,4.15.0-156-generic,containerd://1.6.9
kind-worker,Ready,<none>,33d,v1.24.7,172.18.0.4,<none>,Ubuntu,22.04.1,LTS,4.15.0-156-generic,containerd://1.6.9
kind-worker2,Ready,<none>,33d,v1.24.7,172.18.0.3,<none>,Ubuntu,22.04.1,LTS,4.15.0-156-generic,containerd://1.6.9
kind-worker3,Ready,<none>,33d,v1.24.7,172.18.0.5,<none>,Ubuntu,22.04.1,LTS,4.15.0-156-generic,containerd://1.6.9
idx,115,LOG_TIME,2023-05-17T17:40:03,2023-05-17T12:40:03,-,-,-,-,-
NAME,STATUS,ROLES,AGE,VERSION,INTERNAL-IP,EXTERNAL-IP,OS-IMAGE,KERNEL-VERSION,CONTAINER-RUNTIME
kind-control-plane,Ready,control-plane,33d,v1.24.7,172.18.0.2,<none>,Ubuntu,22.04.1,LTS,4.15.0-156-generic,containerd://1.6.9
kind-worker,Ready,<none>,33d,v1.24.7,172.18.0.4,<none>,Ubuntu,22.04.1,LTS,4.15.0-156-generic,containerd://1.6.9
kind-worker2,Ready,<none>,33d,v1.24.7,172.18.0.3,<none>,Ubuntu,22.04.1,LTS,4.15.0-156-generic,containerd://1.6.9
kind-worker3,Ready,<none>,33d,v1.24.7,172.18.0.5,<none>,Ubuntu,22.04.1,LTS,4.15.0-156-generic,containerd://1.6.9
idx,116,LOG_TIME,2023-05-17T17:40:04,2023-05-17T12:40:04,-,-,-,-,-
NAME,STATUS,ROLES,AGE,VERSION,INTERNAL-IP,EXTERNAL-IP,OS-IMAGE,KERNEL-VERSION,CONTAINER-RUNTIME
kind-control-plane,Ready,control-plane,33d,v1.24.7,172.18.0.2,<none>,Ubuntu,22.04.1,LTS,4.15.0-156-generic,containerd://1.6.9
kind-worker,Ready,<none>,33d,v1.24.7,172.18.0.4,<none>,Ubuntu,22.04.1,LTS,4.15.0-156-generic,containerd://1.6.9
kind-worker2,Ready,<none>,33d,v1.24.7,172.18.0.3,<none>,Ubuntu,22.04.1,LTS,4.15.0-156-generic,containerd://1.6.9
kind-worker3,Ready,<none>,33d,v1.24.7,172.18.0.5,<none>,Ubuntu,22.04.1,LTS,4.15.0-156-generic,containerd://1.6.9
idx,117,LOG_TIME,2023-05-17T17:40:05,2023-05-17T12:40:05,-,-,-,-,-
NAME,STATUS,ROLES,AGE,VERSION,INTERNAL-IP,EXTERNAL-IP,OS-IMAGE,KERNEL-VERSION,CONTAINER-RUNTIME
kind-control-plane,Ready,control-plane,33d,v1.24.7,172.18.0.2,<none>,Ubuntu,22.04.1,LTS,4.15.0-156-generic,containerd://1.6.9
kind-worker,Ready,<none>,33d,v1.24.7,172.18.0.4,<none>,Ubuntu,22.04.1,LTS,4.15.0-156-generic,containerd://1.6.9
kind-worker2,Ready,<none>,33d,v1.24.7,172.18.0.3,<none>,Ubuntu,22.04.1,LTS,4.15.0-156-generic,containerd://1.6.9
kind-worker3,Ready,<none>,33d,v1.24.7,172.18.0.5,<none>,Ubuntu,22.04.1,LTS,4.15.0-156-generic,containerd://1.6.9
idx,118,LOG_TIME,2023-05-17T17:40:06,2023-05-17T12:40:06,-,-,-,-,-
NAME,STATUS,ROLES,AGE,VERSION,INTERNAL-IP,EXTERNAL-IP,OS-IMAGE,KERNEL-VERSION,CONTAINER-RUNTIME
kind-control-plane,Ready,control-plane,33d,v1.24.7,172.18.0.2,<none>,Ubuntu,22.04.1,LTS,4.15.0-156-generic,containerd://1.6.9
kind-worker,Ready,<none>,33d,v1.24.7,172.18.0.4,<none>,Ubuntu,22.04.1,LTS,4.15.0-156-generic,containerd://1.6.9
kind-worker2,Ready,<none>,33d,v1.24.7,172.18.0.3,<none>,Ubuntu,22.04.1,LTS,4.15.0-156-generic,containerd://1.6.9
kind-worker3,Ready,<none>,33d,v1.24.7,172.18.0.5,<none>,Ubuntu,22.04.1,LTS,4.15.0-156-generic,containerd://1.6.9
idx,119,LOG_TIME,2023-05-17T17:40:07,2023-05-17T12:40:07,-,-,-,-,-
NAME,STATUS,ROLES,AGE,VERSION,INTERNAL-IP,EXTERNAL-IP,OS-IMAGE,KERNEL-VERSION,CONTAINER-RUNTIME
kind-control-plane,Ready,control-plane,33d,v1.24.7,172.18.0.2,<none>,Ubuntu,22.04.1,LTS,4.15.0-156-generic,containerd://1.6.9
kind-worker,Ready,<none>,33d,v1.24.7,172.18.0.4,<none>,Ubuntu,22.04.1,LTS,4.15.0-156-generic,containerd://1.6.9
kind-worker2,Ready,<none>,33d,v1.24.7,172.18.0.3,<none>,Ubuntu,22.04.1,LTS,4.15.0-156-generic,containerd://1.6.9
kind-worker3,Ready,<none>,33d,v1.24.7,172.18.0.5,<none>,Ubuntu,22.04.1,LTS,4.15.0-156-generic,containerd://1.6.9
idx,120,LOG_TIME,2023-05-17T17:40:08,2023-05-17T12:40:08,-,-,-,-,-
NAME,STATUS,ROLES,AGE,VERSION,INTERNAL-IP,EXTERNAL-IP,OS-IMAGE,KERNEL-VERSION,CONTAINER-RUNTIME
kind-control-plane,Ready,control-plane,33d,v1.24.7,172.18.0.2,<none>,Ubuntu,22.04.1,LTS,4.15.0-156-generic,containerd://1.6.9
kind-worker,Ready,<none>,33d,v1.24.7,172.18.0.4,<none>,Ubuntu,22.04.1,LTS,4.15.0-156-generic,containerd://1.6.9
kind-worker2,Ready,<none>,33d,v1.24.7,172.18.0.3,<none>,Ubuntu,22.04.1,LTS,4.15.0-156-generic,containerd://1.6.9
kind-worker3,Ready,<none>,33d,v1.24.7,172.18.0.5,<none>,Ubuntu,22.04.1,LTS,4.15.0-156-generic,containerd://1.6.9
idx,121,LOG_TIME,2023-05-17T17:40:09,2023-05-17T12:40:09,-,-,-,-,-
NAME,STATUS,ROLES,AGE,VERSION,INTERNAL-IP,EXTERNAL-IP,OS-IMAGE,KERNEL-VERSION,CONTAINER-RUNTIME
kind-control-plane,Ready,control-plane,33d,v1.24.7,172.18.0.2,<none>,Ubuntu,22.04.1,LTS,4.15.0-156-generic,containerd://1.6.9
kind-worker,Ready,<none>,33d,v1.24.7,172.18.0.4,<none>,Ubuntu,22.04.1,LTS,4.15.0-156-generic,containerd://1.6.9
kind-worker2,Ready,<none>,33d,v1.24.7,172.18.0.3,<none>,Ubuntu,22.04.1,LTS,4.15.0-156-generic,containerd://1.6.9
kind-worker3,Ready,<none>,33d,v1.24.7,172.18.0.5,<none>,Ubuntu,22.04.1,LTS,4.15.0-156-generic,containerd://1.6.9
idx,122,LOG_TIME,2023-05-17T17:40:10,2023-05-17T12:40:10,-,-,-,-,-
NAME,STATUS,ROLES,AGE,VERSION,INTERNAL-IP,EXTERNAL-IP,OS-IMAGE,KERNEL-VERSION,CONTAINER-RUNTIME
kind-control-plane,Ready,control-plane,33d,v1.24.7,172.18.0.2,<none>,Ubuntu,22.04.1,LTS,4.15.0-156-generic,containerd://1.6.9
kind-worker,Ready,<none>,33d,v1.24.7,172.18.0.4,<none>,Ubuntu,22.04.1,LTS,4.15.0-156-generic,containerd://1.6.9
kind-worker2,Ready,<none>,33d,v1.24.7,172.18.0.3,<none>,Ubuntu,22.04.1,LTS,4.15.0-156-generic,containerd://1.6.9
kind-worker3,Ready,<none>,33d,v1.24.7,172.18.0.5,<none>,Ubuntu,22.04.1,LTS,4.15.0-156-generic,containerd://1.6.9
idx,123,LOG_TIME,2023-05-17T17:40:11,2023-05-17T12:40:11,-,-,-,-,-
NAME,STATUS,ROLES,AGE,VERSION,INTERNAL-IP,EXTERNAL-IP,OS-IMAGE,KERNEL-VERSION,CONTAINER-RUNTIME
kind-control-plane,Ready,control-plane,33d,v1.24.7,172.18.0.2,<none>,Ubuntu,22.04.1,LTS,4.15.0-156-generic,containerd://1.6.9
kind-worker,Ready,<none>,33d,v1.24.7,172.18.0.4,<none>,Ubuntu,22.04.1,LTS,4.15.0-156-generic,containerd://1.6.9
kind-worker2,Ready,<none>,33d,v1.24.7,172.18.0.3,<none>,Ubuntu,22.04.1,LTS,4.15.0-156-generic,containerd://1.6.9
kind-worker3,Ready,<none>,33d,v1.24.7,172.18.0.5,<none>,Ubuntu,22.04.1,LTS,4.15.0-156-generic,containerd://1.6.9
idx,124,LOG_TIME,2023-05-17T17:40:12,2023-05-17T12:40:12,-,-,-,-,-
NAME,STATUS,ROLES,AGE,VERSION,INTERNAL-IP,EXTERNAL-IP,OS-IMAGE,KERNEL-VERSION,CONTAINER-RUNTIME
kind-control-plane,Ready,control-plane,33d,v1.24.7,172.18.0.2,<none>,Ubuntu,22.04.1,LTS,4.15.0-156-generic,containerd://1.6.9
kind-worker,Ready,<none>,33d,v1.24.7,172.18.0.4,<none>,Ubuntu,22.04.1,LTS,4.15.0-156-generic,containerd://1.6.9
kind-worker2,Ready,<none>,33d,v1.24.7,172.18.0.3,<none>,Ubuntu,22.04.1,LTS,4.15.0-156-generic,containerd://1.6.9
kind-worker3,Ready,<none>,33d,v1.24.7,172.18.0.5,<none>,Ubuntu,22.04.1,LTS,4.15.0-156-generic,containerd://1.6.9
idx,125,LOG_TIME,2023-05-17T17:40:13,2023-05-17T12:40:13,-,-,-,-,-
NAME,STATUS,ROLES,AGE,VERSION,INTERNAL-IP,EXTERNAL-IP,OS-IMAGE,KERNEL-VERSION,CONTAINER-RUNTIME
kind-control-plane,Ready,control-plane,33d,v1.24.7,172.18.0.2,<none>,Ubuntu,22.04.1,LTS,4.15.0-156-generic,containerd://1.6.9
kind-worker,Ready,<none>,33d,v1.24.7,172.18.0.4,<none>,Ubuntu,22.04.1,LTS,4.15.0-156-generic,containerd://1.6.9
kind-worker2,Ready,<none>,33d,v1.24.7,172.18.0.3,<none>,Ubuntu,22.04.1,LTS,4.15.0-156-generic,containerd://1.6.9
kind-worker3,Ready,<none>,33d,v1.24.7,172.18.0.5,<none>,Ubuntu,22.04.1,LTS,4.15.0-156-generic,containerd://1.6.9
idx,126,LOG_TIME,2023-05-17T17:40:14,2023-05-17T12:40:14,-,-,-,-,-
NAME,STATUS,ROLES,AGE,VERSION,INTERNAL-IP,EXTERNAL-IP,OS-IMAGE,KERNEL-VERSION,CONTAINER-RUNTIME
kind-control-plane,Ready,control-plane,33d,v1.24.7,172.18.0.2,<none>,Ubuntu,22.04.1,LTS,4.15.0-156-generic,containerd://1.6.9
kind-worker,Ready,<none>,33d,v1.24.7,172.18.0.4,<none>,Ubuntu,22.04.1,LTS,4.15.0-156-generic,containerd://1.6.9
kind-worker2,Ready,<none>,33d,v1.24.7,172.18.0.3,<none>,Ubuntu,22.04.1,LTS,4.15.0-156-generic,containerd://1.6.9
kind-worker3,Ready,<none>,33d,v1.24.7,172.18.0.5,<none>,Ubuntu,22.04.1,LTS,4.15.0-156-generic,containerd://1.6.9
idx,127,LOG_TIME,2023-05-17T17:40:15,2023-05-17T12:40:15,-,-,-,-,-
NAME,STATUS,ROLES,AGE,VERSION,INTERNAL-IP,EXTERNAL-IP,OS-IMAGE,KERNEL-VERSION,CONTAINER-RUNTIME
kind-control-plane,Ready,control-plane,33d,v1.24.7,172.18.0.2,<none>,Ubuntu,22.04.1,LTS,4.15.0-156-generic,containerd://1.6.9
kind-worker,Ready,<none>,33d,v1.24.7,172.18.0.4,<none>,Ubuntu,22.04.1,LTS,4.15.0-156-generic,containerd://1.6.9
kind-worker2,Ready,<none>,33d,v1.24.7,172.18.0.3,<none>,Ubuntu,22.04.1,LTS,4.15.0-156-generic,containerd://1.6.9
kind-worker3,Ready,<none>,33d,v1.24.7,172.18.0.5,<none>,Ubuntu,22.04.1,LTS,4.15.0-156-generic,containerd://1.6.9
idx,128,LOG_TIME,2023-05-17T17:40:16,2023-05-17T12:40:16,-,-,-,-,-
NAME,STATUS,ROLES,AGE,VERSION,INTERNAL-IP,EXTERNAL-IP,OS-IMAGE,KERNEL-VERSION,CONTAINER-RUNTIME
kind-control-plane,Ready,control-plane,33d,v1.24.7,172.18.0.2,<none>,Ubuntu,22.04.1,LTS,4.15.0-156-generic,containerd://1.6.9
kind-worker,Ready,<none>,33d,v1.24.7,172.18.0.4,<none>,Ubuntu,22.04.1,LTS,4.15.0-156-generic,containerd://1.6.9
kind-worker2,Ready,<none>,33d,v1.24.7,172.18.0.3,<none>,Ubuntu,22.04.1,LTS,4.15.0-156-generic,containerd://1.6.9
kind-worker3,Ready,<none>,33d,v1.24.7,172.18.0.5,<none>,Ubuntu,22.04.1,LTS,4.15.0-156-generic,containerd://1.6.9
idx,129,LOG_TIME,2023-05-17T17:40:17,2023-05-17T12:40:17,-,-,-,-,-
NAME,STATUS,ROLES,AGE,VERSION,INTERNAL-IP,EXTERNAL-IP,OS-IMAGE,KERNEL-VERSION,CONTAINER-RUNTIME
kind-control-plane,Ready,control-plane,33d,v1.24.7,172.18.0.2,<none>,Ubuntu,22.04.1,LTS,4.15.0-156-generic,containerd://1.6.9
kind-worker,Ready,<none>,33d,v1.24.7,172.18.0.4,<none>,Ubuntu,22.04.1,LTS,4.15.0-156-generic,containerd://1.6.9
kind-worker2,Ready,<none>,33d,v1.24.7,172.18.0.3,<none>,Ubuntu,22.04.1,LTS,4.15.0-156-generic,containerd://1.6.9
kind-worker3,Ready,<none>,33d,v1.24.7,172.18.0.5,<none>,Ubuntu,22.04.1,LTS,4.15.0-156-generic,containerd://1.6.9
idx,130,LOG_TIME,2023-05-17T17:40:18,2023-05-17T12:40:18,-,-,-,-,-
NAME,STATUS,ROLES,AGE,VERSION,INTERNAL-IP,EXTERNAL-IP,OS-IMAGE,KERNEL-VERSION,CONTAINER-RUNTIME
kind-control-plane,Ready,control-plane,33d,v1.24.7,172.18.0.2,<none>,Ubuntu,22.04.1,LTS,4.15.0-156-generic,containerd://1.6.9
kind-worker,Ready,<none>,33d,v1.24.7,172.18.0.4,<none>,Ubuntu,22.04.1,LTS,4.15.0-156-generic,containerd://1.6.9
kind-worker2,Ready,<none>,33d,v1.24.7,172.18.0.3,<none>,Ubuntu,22.04.1,LTS,4.15.0-156-generic,containerd://1.6.9
kind-worker3,Ready,<none>,33d,v1.24.7,172.18.0.5,<none>,Ubuntu,22.04.1,LTS,4.15.0-156-generic,containerd://1.6.9
idx,131,LOG_TIME,2023-05-17T17:40:19,2023-05-17T12:40:19,-,-,-,-,-
NAME,STATUS,ROLES,AGE,VERSION,INTERNAL-IP,EXTERNAL-IP,OS-IMAGE,KERNEL-VERSION,CONTAINER-RUNTIME
kind-control-plane,Ready,control-plane,33d,v1.24.7,172.18.0.2,<none>,Ubuntu,22.04.1,LTS,4.15.0-156-generic,containerd://1.6.9
kind-worker,Ready,<none>,33d,v1.24.7,172.18.0.4,<none>,Ubuntu,22.04.1,LTS,4.15.0-156-generic,containerd://1.6.9
kind-worker2,Ready,<none>,33d,v1.24.7,172.18.0.3,<none>,Ubuntu,22.04.1,LTS,4.15.0-156-generic,containerd://1.6.9
kind-worker3,Ready,<none>,33d,v1.24.7,172.18.0.5,<none>,Ubuntu,22.04.1,LTS,4.15.0-156-generic,containerd://1.6.9
idx,132,LOG_TIME,2023-05-17T17:40:20,2023-05-17T12:40:20,-,-,-,-,-
NAME,STATUS,ROLES,AGE,VERSION,INTERNAL-IP,EXTERNAL-IP,OS-IMAGE,KERNEL-VERSION,CONTAINER-RUNTIME
kind-control-plane,Ready,control-plane,33d,v1.24.7,172.18.0.2,<none>,Ubuntu,22.04.1,LTS,4.15.0-156-generic,containerd://1.6.9
kind-worker,Ready,<none>,33d,v1.24.7,172.18.0.4,<none>,Ubuntu,22.04.1,LTS,4.15.0-156-generic,containerd://1.6.9
kind-worker2,Ready,<none>,33d,v1.24.7,172.18.0.3,<none>,Ubuntu,22.04.1,LTS,4.15.0-156-generic,containerd://1.6.9
kind-worker3,Ready,<none>,33d,v1.24.7,172.18.0.5,<none>,Ubuntu,22.04.1,LTS,4.15.0-156-generic,containerd://1.6.9
idx,133,LOG_TIME,2023-05-17T17:40:21,2023-05-17T12:40:21,-,-,-,-,-
NAME,STATUS,ROLES,AGE,VERSION,INTERNAL-IP,EXTERNAL-IP,OS-IMAGE,KERNEL-VERSION,CONTAINER-RUNTIME
kind-control-plane,Ready,control-plane,33d,v1.24.7,172.18.0.2,<none>,Ubuntu,22.04.1,LTS,4.15.0-156-generic,containerd://1.6.9
kind-worker,Ready,<none>,33d,v1.24.7,172.18.0.4,<none>,Ubuntu,22.04.1,LTS,4.15.0-156-generic,containerd://1.6.9
kind-worker2,Ready,<none>,33d,v1.24.7,172.18.0.3,<none>,Ubuntu,22.04.1,LTS,4.15.0-156-generic,containerd://1.6.9
kind-worker3,Ready,<none>,33d,v1.24.7,172.18.0.5,<none>,Ubuntu,22.04.1,LTS,4.15.0-156-generic,containerd://1.6.9
idx,134,LOG_TIME,2023-05-17T17:40:22,2023-05-17T12:40:22,-,-,-,-,-
NAME,STATUS,ROLES,AGE,VERSION,INTERNAL-IP,EXTERNAL-IP,OS-IMAGE,KERNEL-VERSION,CONTAINER-RUNTIME
kind-control-plane,Ready,control-plane,33d,v1.24.7,172.18.0.2,<none>,Ubuntu,22.04.1,LTS,4.15.0-156-generic,containerd://1.6.9
kind-worker,Ready,<none>,33d,v1.24.7,172.18.0.4,<none>,Ubuntu,22.04.1,LTS,4.15.0-156-generic,containerd://1.6.9
kind-worker2,Ready,<none>,33d,v1.24.7,172.18.0.3,<none>,Ubuntu,22.04.1,LTS,4.15.0-156-generic,containerd://1.6.9
kind-worker3,Ready,<none>,33d,v1.24.7,172.18.0.5,<none>,Ubuntu,22.04.1,LTS,4.15.0-156-generic,containerd://1.6.9
idx,135,LOG_TIME,2023-05-17T17:40:23,2023-05-17T12:40:23,-,-,-,-,-
NAME,STATUS,ROLES,AGE,VERSION,INTERNAL-IP,EXTERNAL-IP,OS-IMAGE,KERNEL-VERSION,CONTAINER-RUNTIME
kind-control-plane,Ready,control-plane,33d,v1.24.7,172.18.0.2,<none>,Ubuntu,22.04.1,LTS,4.15.0-156-generic,containerd://1.6.9
kind-worker,Ready,<none>,33d,v1.24.7,172.18.0.4,<none>,Ubuntu,22.04.1,LTS,4.15.0-156-generic,containerd://1.6.9
kind-worker2,Ready,<none>,33d,v1.24.7,172.18.0.3,<none>,Ubuntu,22.04.1,LTS,4.15.0-156-generic,containerd://1.6.9
kind-worker3,Ready,<none>,33d,v1.24.7,172.18.0.5,<none>,Ubuntu,22.04.1,LTS,4.15.0-156-generic,containerd://1.6.9
idx,136,LOG_TIME,2023-05-17T17:40:24,2023-05-17T12:40:24,-,-,-,-,-
NAME,STATUS,ROLES,AGE,VERSION,INTERNAL-IP,EXTERNAL-IP,OS-IMAGE,KERNEL-VERSION,CONTAINER-RUNTIME
kind-control-plane,Ready,control-plane,33d,v1.24.7,172.18.0.2,<none>,Ubuntu,22.04.1,LTS,4.15.0-156-generic,containerd://1.6.9
kind-worker,Ready,<none>,33d,v1.24.7,172.18.0.4,<none>,Ubuntu,22.04.1,LTS,4.15.0-156-generic,containerd://1.6.9
kind-worker2,Ready,<none>,33d,v1.24.7,172.18.0.3,<none>,Ubuntu,22.04.1,LTS,4.15.0-156-generic,containerd://1.6.9
kind-worker3,Ready,<none>,33d,v1.24.7,172.18.0.5,<none>,Ubuntu,22.04.1,LTS,4.15.0-156-generic,containerd://1.6.9
idx,137,LOG_TIME,2023-05-17T17:40:25,2023-05-17T12:40:25,-,-,-,-,-
NAME,STATUS,ROLES,AGE,VERSION,INTERNAL-IP,EXTERNAL-IP,OS-IMAGE,KERNEL-VERSION,CONTAINER-RUNTIME
kind-control-plane,Ready,control-plane,33d,v1.24.7,172.18.0.2,<none>,Ubuntu,22.04.1,LTS,4.15.0-156-generic,containerd://1.6.9
kind-worker,Ready,<none>,33d,v1.24.7,172.18.0.4,<none>,Ubuntu,22.04.1,LTS,4.15.0-156-generic,containerd://1.6.9
kind-worker2,Ready,<none>,33d,v1.24.7,172.18.0.3,<none>,Ubuntu,22.04.1,LTS,4.15.0-156-generic,containerd://1.6.9
kind-worker3,Ready,<none>,33d,v1.24.7,172.18.0.5,<none>,Ubuntu,22.04.1,LTS,4.15.0-156-generic,containerd://1.6.9
idx,138,LOG_TIME,2023-05-17T17:40:26,2023-05-17T12:40:26,-,-,-,-,-
NAME,STATUS,ROLES,AGE,VERSION,INTERNAL-IP,EXTERNAL-IP,OS-IMAGE,KERNEL-VERSION,CONTAINER-RUNTIME
kind-control-plane,Ready,control-plane,33d,v1.24.7,172.18.0.2,<none>,Ubuntu,22.04.1,LTS,4.15.0-156-generic,containerd://1.6.9
kind-worker,Ready,<none>,33d,v1.24.7,172.18.0.4,<none>,Ubuntu,22.04.1,LTS,4.15.0-156-generic,containerd://1.6.9
kind-worker2,Ready,<none>,33d,v1.24.7,172.18.0.3,<none>,Ubuntu,22.04.1,LTS,4.15.0-156-generic,containerd://1.6.9
kind-worker3,Ready,<none>,33d,v1.24.7,172.18.0.5,<none>,Ubuntu,22.04.1,LTS,4.15.0-156-generic,containerd://1.6.9
idx,139,LOG_TIME,2023-05-17T17:40:27,2023-05-17T12:40:27,-,-,-,-,-
NAME,STATUS,ROLES,AGE,VERSION,INTERNAL-IP,EXTERNAL-IP,OS-IMAGE,KERNEL-VERSION,CONTAINER-RUNTIME
kind-control-plane,Ready,control-plane,33d,v1.24.7,172.18.0.2,<none>,Ubuntu,22.04.1,LTS,4.15.0-156-generic,containerd://1.6.9
kind-worker,Ready,<none>,33d,v1.24.7,172.18.0.4,<none>,Ubuntu,22.04.1,LTS,4.15.0-156-generic,containerd://1.6.9
kind-worker2,Ready,<none>,33d,v1.24.7,172.18.0.3,<none>,Ubuntu,22.04.1,LTS,4.15.0-156-generic,containerd://1.6.9
kind-worker3,Ready,<none>,33d,v1.24.7,172.18.0.5,<none>,Ubuntu,22.04.1,LTS,4.15.0-156-generic,containerd://1.6.9
